[2026-08-15 03:04:55] local.ERROR: Database file at path [D:\josej\Documents\Proyectos\ExamenDeGrado\C#\php\chirper\database\database.sqlite] does not exist. Ensure this is an absolute path to the database. (Connection: sqlite, Database: D:\josej\Documents\Proyectos\ExamenDeGrado\C#\php\chirper\database\database.sqlite, SQL: select * from "cache" where "key" in (laravel-cache-illuminate:queues:paused, laravel-cache-illuminate:queue:paused:database:default)) {"exception":"[object] (Illuminate\\Database\\QueryException(code: 0): Database file at path [D:\\josej\\Documents\\Proyectos\\ExamenDeGrado\\C#\\php\\chirper\\database\\database.sqlite] does not exist. Ensure this is an absolute path to the database. (Connection: sqlite, Database: D:\\josej\\Documents\\Proyectos\\ExamenDeGrado\\C#\\php\\chirper\\database\\database.sqlite, SQL: select * from \"cache\" where \"key\" in (laravel-cache-illuminate:queues:paused, laravel-cache-illuminate:queue:paused:database:default)) at D:/josej/Documents/Proyectos/ExamenDeGrado/C#/php/chirper/vendor/laravel/framework/src/Illuminate/Database/Connection.php:857)
[stacktrace]
#0 D:/josej/Documents/Proyectos/ExamenDeGrado/C#/php/chirper/vendor/laravel/framework/src/Illuminate/Database/Connection.php(813): Illuminate/Database/Connection->runQueryCallback('select * from \"...', Array, Object(Closure))
#1 D:/josej/Documents/Proyectos/ExamenDeGrado/C#/php/chirper/vendor/laravel/framework/src/Illuminate/Database/Connection.php(426): Illuminate/Database/Connection->run('select * from \"...', Array, Object(Closure))
#2 D:/josej/Documents/Proyectos/ExamenDeGrado/C#/php/chirper/vendor/laravel/framework/src/Illuminate/Database/Query/Builder.php(3573): Illuminate/Database/Connection->select('select * from \"...', Array, true, Array)
#3 D:/josej/Documents/Proyectos/ExamenDeGrado/C#/php/chirper/vendor/laravel/framework/src/Illuminate/Database/Query/Builder.php(3557): Illuminate/Database/Query/Builder->runSelect()
#4 D:/josej/Documents/Proyectos/ExamenDeGrado/C#/php/chirper/vendor/laravel/framework/src/Illuminate/Cache/DatabaseStore.php(142): Illuminate/Database/Query/Builder->get()
#5 D:/josej/Documents/Proyectos/ExamenDeGrado/C#/php/chirper/vendor/laravel/framework/src/Illuminate/Cache/Repository.php(167): Illuminate/Cache/DatabaseStore->many(Array)
#6 D:/josej/Documents/Proyectos/ExamenDeGrado/C#/php/chirper/vendor/laravel/framework/src/Illuminate/Queue/QueueManager.php(335): Illuminate/Cache/Repository->many(Array)
#7 D:/josej/Documents/Proyectos/ExamenDeGrado/C#/php/chirper/vendor/laravel/framework/src/Illuminate/Queue/Worker.php(489): Illuminate/Queue/QueueManager->getPausedQueues('database', Array)
#8 D:/josej/Documents/Proyectos/ExamenDeGrado/C#/php/chirper/vendor/laravel/framework/src/Illuminate/Queue/Worker.php(450): Illuminate/Queue/Worker->getPausedQueues('database', Array)
#9 D:/josej/Documents/Proyectos/ExamenDeGrado/C#/php/chirper/vendor/laravel/framework/src/Illuminate/Queue/Worker.php(410): Illuminate/Queue/Worker->getNextJob(Object(Illuminate/Queue/DatabaseQueue), 'default')
#10 D:/josej/Documents/Proyectos/ExamenDeGrado/C#/php/chirper/vendor/laravel/framework/src/Illuminate/Queue/Console/WorkCommand.php(149): Illuminate/Queue/Worker->runNextJob('database', 'default', Object(Illuminate/Queue/WorkerOptions))
#11 D:/josej/Documents/Proyectos/ExamenDeGrado/C#/php/chirper/vendor/laravel/framework/src/Illuminate/Queue/Console/WorkCommand.php(132): Illuminate/Queue/Console/WorkCommand->runWorker('database', 'default')
#12 D:/josej/Documents/Proyectos/ExamenDeGrado/C#/php/chirper/vendor/laravel/framework/src/Illuminate/Container/BoundMethod.php(36): Illuminate/Queue/Console/WorkCommand->handle()
#13 D:/josej/Documents/Proyectos/ExamenDeGrado/C#/php/chirper/vendor/laravel/framework/src/Illuminate/Container/Util.php(43): Illuminate/Container/BoundMethod::{closure:Illuminate/Container/BoundMethod::call():35}()
#14 D:/josej/Documents/Proyectos/ExamenDeGrado/C#/php/chirper/vendor/laravel/framework/src/Illuminate/Container/BoundMethod.php(96): Illuminate/Container/Util::unwrapIfClosure(Object(Closure))
#15 D:/josej/Documents/Proyectos/ExamenDeGrado/C#/php/chirper/vendor/laravel/framework/src/Illuminate/Container/BoundMethod.php(35): Illuminate/Container/BoundMethod::callBoundMethod(Object(Illuminate/Foundation/Application), Array, Object(Closure))
#16 D:/josej/Documents/Proyectos/ExamenDeGrado/C#/php/chirper/vendor/laravel/framework/src/Illuminate/Container/Container.php(801): Illuminate/Container/BoundMethod::call(Object(Illuminate/Foundation/Application), Array, Array, NULL)
#17 D:/josej/Documents/Proyectos/ExamenDeGrado/C#/php/chirper/vendor/laravel/framework/src/Illuminate/Console/Command.php(292): Illuminate/Container/Container->call(Array)
#18 D:/josej/Documents/Proyectos/ExamenDeGrado/C#/php/chirper/vendor/symfony/console/Command/Command.php(284): Illuminate/Console/Command->execute(Object(Symfony/Component/Console/Input/ArgvInput), Object(Illuminate/Console/OutputStyle))
#19 D:/josej/Documents/Proyectos/ExamenDeGrado/C#/php/chirper/vendor/laravel/framework/src/Illuminate/Console/Command.php(261): Symfony/Component/Console/Command/Command->run(Object(Symfony/Component/Console/Input/ArgvInput), Object(Illuminate/Console/OutputStyle))
#20 D:/josej/Documents/Proyectos/ExamenDeGrado/C#/php/chirper/vendor/symfony/console/Application.php(1144): Illuminate/Console/Command->run(Object(Symfony/Component/Console/Input/ArgvInput), Object(Symfony/Component/Console/Output/ConsoleOutput))
#21 D:/josej/Documents/Proyectos/ExamenDeGrado/C#/php/chirper/vendor/symfony/console/Application.php(379): Symfony/Component/Console/Application->doRunCommand(Object(Illuminate/Queue/Console/WorkCommand), Object(Symfony/Component/Console/Input/ArgvInput), Object(Symfony/Component/Console/Output/ConsoleOutput))
#22 D:/josej/Documents/Proyectos/ExamenDeGrado/C#/php/chirper/vendor/symfony/console/Application.php(218): Symfony/Component/Console/Application->doRun(Object(Symfony/Component/Console/Input/ArgvInput), Object(Symfony/Component/Console/Output/ConsoleOutput))
#23 D:/josej/Documents/Proyectos/ExamenDeGrado/C#/php/chirper/vendor/laravel/framework/src/Illuminate/Foundation/Console/Kernel.php(198): Symfony/Component/Console/Application->run(Object(Symfony/Component/Console/Input/ArgvInput), Object(Symfony/Component/Console/Output/ConsoleOutput))
#24 D:/josej/Documents/Proyectos/ExamenDeGrado/C#/php/chirper/vendor/laravel/framework/src/Illuminate/Foundation/Application.php(1242): Illuminate/Foundation/Console/Kernel->handle(Object(Symfony/Component/Console/Input/ArgvInput), Object(Symfony/Component/Console/Output/ConsoleOutput))
#25 D:/josej/Documents/Proyectos/ExamenDeGrado/C#/php/chirper/artisan(16): Illuminate/Foundation/Application->handleCommand(Object(Symfony/Component/Console/Input/ArgvInput))
#26 {main}

[previous exception] [object] (Illuminate\\Database\\SQLiteDatabaseDoesNotExistException(code: 0): Database file at path [D:\\josej\\Documents\\Proyectos\\ExamenDeGrado\\C#\\php\\chirper\\database\\database.sqlite] does not exist. Ensure this is an absolute path to the database. at D:/josej/Documents/Proyectos/ExamenDeGrado/C#/php/chirper/vendor/laravel/framework/src/Illuminate/Database/Connectors/SQLiteConnector.php:61)
[stacktrace]
#0 D:/josej/Documents/Proyectos/ExamenDeGrado/C#/php/chirper/vendor/laravel/framework/src/Illuminate/Database/Connectors/SQLiteConnector.php(19): Illuminate/Database/Connectors/SQLiteConnector->parseDatabasePath(false)
#1 D:/josej/Documents/Proyectos/ExamenDeGrado/C#/php/chirper/vendor/laravel/framework/src/Illuminate/Database/Connectors/ConnectionFactory.php(259): Illuminate/Database/Connectors/SQLiteConnector->connect(Array)
#2 [internal function]: Illuminate/Database/Connectors/ConnectionFactory->{closure:Illuminate/Database/Connectors/ConnectionFactory::createPdoResolverWithoutHosts():259}()
#3 D:/josej/Documents/Proyectos/ExamenDeGrado/C#/php/chirper/vendor/laravel/framework/src/Illuminate/Database/Connection.php(1297): call_user_func(Object(Closure))
#4 D:/josej/Documents/Proyectos/ExamenDeGrado/C#/php/chirper/vendor/laravel/framework/src/Illuminate/Database/Connection.php(1335): Illuminate/Database/Connection->getPdo()
#5 D:/josej/Documents/Proyectos/ExamenDeGrado/C#/php/chirper/vendor/laravel/framework/src/Illuminate/Database/Connection.php(542): Illuminate/Database/Connection->getReadPdo()
#6 D:/josej/Documents/Proyectos/ExamenDeGrado/C#/php/chirper/vendor/laravel/framework/src/Illuminate/Database/Connection.php(435): Illuminate/Database/Connection->getPdoForSelect(true)
#7 D:/josej/Documents/Proyectos/ExamenDeGrado/C#/php/chirper/vendor/laravel/framework/src/Illuminate/Database/Connection.php(846): Illuminate/Database/Connection->{closure:Illuminate/Database/Connection::select():426}('select * from \"...', Array)
#8 D:/josej/Documents/Proyectos/ExamenDeGrado/C#/php/chirper/vendor/laravel/framework/src/Illuminate/Database/Connection.php(813): Illuminate/Database/Connection->runQueryCallback('select * from \"...', Array, Object(Closure))
#9 D:/josej/Documents/Proyectos/ExamenDeGrado/C#/php/chirper/vendor/laravel/framework/src/Illuminate/Database/Connection.php(426): Illuminate/Database/Connection->run('select * from \"...', Array, Object(Closure))
#10 D:/josej/Documents/Proyectos/ExamenDeGrado/C#/php/chirper/vendor/laravel/framework/src/Illuminate/Database/Query/Builder.php(3573): Illuminate/Database/Connection->select('select * from \"...', Array, true, Array)
#11 D:/josej/Documents/Proyectos/ExamenDeGrado/C#/php/chirper/vendor/laravel/framework/src/Illuminate/Database/Query/Builder.php(3557): Illuminate/Database/Query/Builder->runSelect()
#12 D:/josej/Documents/Proyectos/ExamenDeGrado/C#/php/chirper/vendor/laravel/framework/src/Illuminate/Cache/DatabaseStore.php(142): Illuminate/Database/Query/Builder->get()
#13 D:/josej/Documents/Proyectos/ExamenDeGrado/C#/php/chirper/vendor/laravel/framework/src/Illuminate/Cache/Repository.php(167): Illuminate/Cache/DatabaseStore->many(Array)
#14 D:/josej/Documents/Proyectos/ExamenDeGrado/C#/php/chirper/vendor/laravel/framework/src/Illuminate/Queue/QueueManager.php(335): Illuminate/Cache/Repository->many(Array)
#15 D:/josej/Documents/Proyectos/ExamenDeGrado/C#/php/chirper/vendor/laravel/framework/src/Illuminate/Queue/Worker.php(489): Illuminate/Queue/QueueManager->getPausedQueues('database', Array)
#16 D:/josej/Documents/Proyectos/ExamenDeGrado/C#/php/chirper/vendor/laravel/framework/src/Illuminate/Queue/Worker.php(450): Illuminate/Queue/Worker->getPausedQueues('database', Array)
#17 D:/josej/Documents/Proyectos/ExamenDeGrado/C#/php/chirper/vendor/laravel/framework/src/Illuminate/Queue/Worker.php(410): Illuminate/Queue/Worker->getNextJob(Object(Illuminate/Queue/DatabaseQueue), 'default')
#18 D:/josej/Documents/Proyectos/ExamenDeGrado/C#/php/chirper/vendor/laravel/framework/src/Illuminate/Queue/Console/WorkCommand.php(149): Illuminate/Queue/Worker->runNextJob('database', 'default', Object(Illuminate/Queue/WorkerOptions))
#19 D:/josej/Documents/Proyectos/ExamenDeGrado/C#/php/chirper/vendor/laravel/framework/src/Illuminate/Queue/Console/WorkCommand.php(132): Illuminate/Queue/Console/WorkCommand->runWorker('database', 'default')
#20 D:/josej/Documents/Proyectos/ExamenDeGrado/C#/php/chirper/vendor/laravel/framework/src/Illuminate/Container/BoundMethod.php(36): Illuminate/Queue/Console/WorkCommand->handle()
#21 D:/josej/Documents/Proyectos/ExamenDeGrado/C#/php/chirper/vendor/laravel/framework/src/Illuminate/Container/Util.php(43): Illuminate/Container/BoundMethod::{closure:Illuminate/Container/BoundMethod::call():35}()
#22 D:/josej/Documents/Proyectos/ExamenDeGrado/C#/php/chirper/vendor/laravel/framework/src/Illuminate/Container/BoundMethod.php(96): Illuminate/Container/Util::unwrapIfClosure(Object(Closure))
#23 D:/josej/Documents/Proyectos/ExamenDeGrado/C#/php/chirper/vendor/laravel/framework/src/Illuminate/Container/BoundMethod.php(35): Illuminate/Container/BoundMethod::callBoundMethod(Object(Illuminate/Foundation/Application), Array, Object(Closure))
#24 D:/josej/Documents/Proyectos/ExamenDeGrado/C#/php/chirper/vendor/laravel/framework/src/Illuminate/Container/Container.php(801): Illuminate/Container/BoundMethod::call(Object(Illuminate/Foundation/Application), Array, Array, NULL)
#25 D:/josej/Documents/Proyectos/ExamenDeGrado/C#/php/chirper/vendor/laravel/framework/src/Illuminate/Console/Command.php(292): Illuminate/Container/Container->call(Array)
#26 D:/josej/Documents/Proyectos/ExamenDeGrado/C#/php/chirper/vendor/symfony/console/Command/Command.php(284): Illuminate/Console/Command->execute(Object(Symfony/Component/Console/Input/ArgvInput), Object(Illuminate/Console/OutputStyle))
#27 D:/josej/Documents/Proyectos/ExamenDeGrado/C#/php/chirper/vendor/laravel/framework/src/Illuminate/Console/Command.php(261): Symfony/Component/Console/Command/Command->run(Object(Symfony/Component/Console/Input/ArgvInput), Object(Illuminate/Console/OutputStyle))
#28 D:/josej/Documents/Proyectos/ExamenDeGrado/C#/php/chirper/vendor/symfony/console/Application.php(1144): Illuminate/Console/Command->run(Object(Symfony/Component/Console/Input/ArgvInput), Object(Symfony/Component/Console/Output/ConsoleOutput))
#29 D:/josej/Documents/Proyectos/ExamenDeGrado/C#/php/chirper/vendor/symfony/console/Application.php(379): Symfony/Component/Console/Application->doRunCommand(Object(Illuminate/Queue/Console/WorkCommand), Object(Symfony/Component/Console/Input/ArgvInput), Object(Symfony/Component/Console/Output/ConsoleOutput))
#30 D:/josej/Documents/Proyectos/ExamenDeGrado/C#/php/chirper/vendor/symfony/console/Application.php(218): Symfony/Component/Console/Application->doRun(Object(Symfony/Component/Console/Input/ArgvInput), Object(Symfony/Component/Console/Output/ConsoleOutput))
#31 D:/josej/Documents/Proyectos/ExamenDeGrado/C#/php/chirper/vendor/laravel/framework/src/Illuminate/Foundation/Console/Kernel.php(198): Symfony/Component/Console/Application->run(Object(Symfony/Component/Console/Input/ArgvInput), Object(Symfony/Component/Console/Output/ConsoleOutput))
#32 D:/josej/Documents/Proyectos/ExamenDeGrado/C#/php/chirper/vendor/laravel/framework/src/Illuminate/Foundation/Application.php(1242): Illuminate/Foundation/Console/Kernel->handle(Object(Symfony/Component/Console/Input/ArgvInput), Object(Symfony/Component/Console/Output/ConsoleOutput))
#33 D:/josej/Documents/Proyectos/ExamenDeGrado/C#/php/chirper/artisan(16): Illuminate/Foundation/Application->handleCommand(Object(Symfony/Component/Console/Input/ArgvInput))
#34 {main}
"} 
[2026-08-15 03:05:00] local.ERROR: Database file at path [D:\josej\Documents\Proyectos\ExamenDeGrado\C#\php\chirper\database\database.sqlite] does not exist. Ensure this is an absolute path to the database. (Connection: sqlite, Database: D:\josej\Documents\Proyectos\ExamenDeGrado\C#\php\chirper\database\database.sqlite, SQL: select * from "cache" where "key" in (laravel-cache-illuminate:queues:paused, laravel-cache-illuminate:queue:paused:database:default)) {"exception":"[object] (Illuminate\\Database\\QueryException(code: 0): Database file at path [D:\\josej\\Documents\\Proyectos\\ExamenDeGrado\\C#\\php\\chirper\\database\\database.sqlite] does not exist. Ensure this is an absolute path to the database. (Connection: sqlite, Database: D:\\josej\\Documents\\Proyectos\\ExamenDeGrado\\C#\\php\\chirper\\database\\database.sqlite, SQL: select * from \"cache\" where \"key\" in (laravel-cache-illuminate:queues:paused, laravel-cache-illuminate:queue:paused:database:default)) at D:/josej/Documents/Proyectos/ExamenDeGrado/C#/php/chirper/vendor/laravel/framework/src/Illuminate/Database/Connection.php:857)
[stacktrace]
#0 D:/josej/Documents/Proyectos/ExamenDeGrado/C#/php/chirper/vendor/laravel/framework/src/Illuminate/Database/Connection.php(813): Illuminate/Database/Connection->runQueryCallback('select * from \"...', Array, Object(Closure))
#1 D:/josej/Documents/Proyectos/ExamenDeGrado/C#/php/chirper/vendor/laravel/framework/src/Illuminate/Database/Connection.php(426): Illuminate/Database/Connection->run('select * from \"...', Array, Object(Closure))
#2 D:/josej/Documents/Proyectos/ExamenDeGrado/C#/php/chirper/vendor/laravel/framework/src/Illuminate/Database/Query/Builder.php(3573): Illuminate/Database/Connection->select('select * from \"...', Array, true, Array)
#3 D:/josej/Documents/Proyectos/ExamenDeGrado/C#/php/chirper/vendor/laravel/framework/src/Illuminate/Database/Query/Builder.php(3557): Illuminate/Database/Query/Builder->runSelect()
#4 D:/josej/Documents/Proyectos/ExamenDeGrado/C#/php/chirper/vendor/laravel/framework/src/Illuminate/Cache/DatabaseStore.php(142): Illuminate/Database/Query/Builder->get()
#5 D:/josej/Documents/Proyectos/ExamenDeGrado/C#/php/chirper/vendor/laravel/framework/src/Illuminate/Cache/Repository.php(167): Illuminate/Cache/DatabaseStore->many(Array)
#6 D:/josej/Documents/Proyectos/ExamenDeGrado/C#/php/chirper/vendor/laravel/framework/src/Illuminate/Queue/QueueManager.php(335): Illuminate/Cache/Repository->many(Array)
#7 D:/josej/Documents/Proyectos/ExamenDeGrado/C#/php/chirper/vendor/laravel/framework/src/Illuminate/Queue/Worker.php(489): Illuminate/Queue/QueueManager->getPausedQueues('database', Array)
#8 D:/josej/Documents/Proyectos/ExamenDeGrado/C#/php/chirper/vendor/laravel/framework/src/Illuminate/Queue/Worker.php(450): Illuminate/Queue/Worker->getPausedQueues('database', Array)
#9 D:/josej/Documents/Proyectos/ExamenDeGrado/C#/php/chirper/vendor/laravel/framework/src/Illuminate/Queue/Worker.php(410): Illuminate/Queue/Worker->getNextJob(Object(Illuminate/Queue/DatabaseQueue), 'default')
#10 D:/josej/Documents/Proyectos/ExamenDeGrado/C#/php/chirper/vendor/laravel/framework/src/Illuminate/Queue/Console/WorkCommand.php(149): Illuminate/Queue/Worker->runNextJob('database', 'default', Object(Illuminate/Queue/WorkerOptions))
#11 D:/josej/Documents/Proyectos/ExamenDeGrado/C#/php/chirper/vendor/laravel/framework/src/Illuminate/Queue/Console/WorkCommand.php(132): Illuminate/Queue/Console/WorkCommand->runWorker('database', 'default')
#12 D:/josej/Documents/Proyectos/ExamenDeGrado/C#/php/chirper/vendor/laravel/framework/src/Illuminate/Container/BoundMethod.php(36): Illuminate/Queue/Console/WorkCommand->handle()
#13 D:/josej/Documents/Proyectos/ExamenDeGrado/C#/php/chirper/vendor/laravel/framework/src/Illuminate/Container/Util.php(43): Illuminate/Container/BoundMethod::{closure:Illuminate/Container/BoundMethod::call():35}()
#14 D:/josej/Documents/Proyectos/ExamenDeGrado/C#/php/chirper/vendor/laravel/framework/src/Illuminate/Container/BoundMethod.php(96): Illuminate/Container/Util::unwrapIfClosure(Object(Closure))
#15 D:/josej/Documents/Proyectos/ExamenDeGrado/C#/php/chirper/vendor/laravel/framework/src/Illuminate/Container/BoundMethod.php(35): Illuminate/Container/BoundMethod::callBoundMethod(Object(Illuminate/Foundation/Application), Array, Object(Closure))
#16 D:/josej/Documents/Proyectos/ExamenDeGrado/C#/php/chirper/vendor/laravel/framework/src/Illuminate/Container/Container.php(801): Illuminate/Container/BoundMethod::call(Object(Illuminate/Foundation/Application), Array, Array, NULL)
#17 D:/josej/Documents/Proyectos/ExamenDeGrado/C#/php/chirper/vendor/laravel/framework/src/Illuminate/Console/Command.php(292): Illuminate/Container/Container->call(Array)
#18 D:/josej/Documents/Proyectos/ExamenDeGrado/C#/php/chirper/vendor/symfony/console/Command/Command.php(284): Illuminate/Console/Command->execute(Object(Symfony/Component/Console/Input/ArgvInput), Object(Illuminate/Console/OutputStyle))
#19 D:/josej/Documents/Proyectos/ExamenDeGrado/C#/php/chirper/vendor/laravel/framework/src/Illuminate/Console/Command.php(261): Symfony/Component/Console/Command/Command->run(Object(Symfony/Component/Console/Input/ArgvInput), Object(Illuminate/Console/OutputStyle))
#20 D:/josej/Documents/Proyectos/ExamenDeGrado/C#/php/chirper/vendor/symfony/console/Application.php(1144): Illuminate/Console/Command->run(Object(Symfony/Component/Console/Input/ArgvInput), Object(Symfony/Component/Console/Output/ConsoleOutput))
#21 D:/josej/Documents/Proyectos/ExamenDeGrado/C#/php/chirper/vendor/symfony/console/Application.php(379): Symfony/Component/Console/Application->doRunCommand(Object(Illuminate/Queue/Console/WorkCommand), Object(Symfony/Component/Console/Input/ArgvInput), Object(Symfony/Component/Console/Output/ConsoleOutput))
#22 D:/josej/Documents/Proyectos/ExamenDeGrado/C#/php/chirper/vendor/symfony/console/Application.php(218): Symfony/Component/Console/Application->doRun(Object(Symfony/Component/Console/Input/ArgvInput), Object(Symfony/Component/Console/Output/ConsoleOutput))
#23 D:/josej/Documents/Proyectos/ExamenDeGrado/C#/php/chirper/vendor/laravel/framework/src/Illuminate/Foundation/Console/Kernel.php(198): Symfony/Component/Console/Application->run(Object(Symfony/Component/Console/Input/ArgvInput), Object(Symfony/Component/Console/Output/ConsoleOutput))
#24 D:/josej/Documents/Proyectos/ExamenDeGrado/C#/php/chirper/vendor/laravel/framework/src/Illuminate/Foundation/Application.php(1242): Illuminate/Foundation/Console/Kernel->handle(Object(Symfony/Component/Console/Input/ArgvInput), Object(Symfony/Component/Console/Output/ConsoleOutput))
#25 D:/josej/Documents/Proyectos/ExamenDeGrado/C#/php/chirper/artisan(16): Illuminate/Foundation/Application->handleCommand(Object(Symfony/Component/Console/Input/ArgvInput))
#26 {main}

[previous exception] [object] (Illuminate\\Database\\SQLiteDatabaseDoesNotExistException(code: 0): Database file at path [D:\\josej\\Documents\\Proyectos\\ExamenDeGrado\\C#\\php\\chirper\\database\\database.sqlite] does not exist. Ensure this is an absolute path to the database. at D:/josej/Documents/Proyectos/ExamenDeGrado/C#/php/chirper/vendor/laravel/framework/src/Illuminate/Database/Connectors/SQLiteConnector.php:61)
[stacktrace]
#0 D:/josej/Documents/Proyectos/ExamenDeGrado/C#/php/chirper/vendor/laravel/framework/src/Illuminate/Database/Connectors/SQLiteConnector.php(19): Illuminate/Database/Connectors/SQLiteConnector->parseDatabasePath(false)
#1 D:/josej/Documents/Proyectos/ExamenDeGrado/C#/php/chirper/vendor/laravel/framework/src/Illuminate/Database/Connectors/ConnectionFactory.php(259): Illuminate/Database/Connectors/SQLiteConnector->connect(Array)
#2 [internal function]: Illuminate/Database/Connectors/ConnectionFactory->{closure:Illuminate/Database/Connectors/ConnectionFactory::createPdoResolverWithoutHosts():259}()
#3 D:/josej/Documents/Proyectos/ExamenDeGrado/C#/php/chirper/vendor/laravel/framework/src/Illuminate/Database/Connection.php(1297): call_user_func(Object(Closure))
#4 D:/josej/Documents/Proyectos/ExamenDeGrado/C#/php/chirper/vendor/laravel/framework/src/Illuminate/Database/Connection.php(1335): Illuminate/Database/Connection->getPdo()
#5 D:/josej/Documents/Proyectos/ExamenDeGrado/C#/php/chirper/vendor/laravel/framework/src/Illuminate/Database/Connection.php(542): Illuminate/Database/Connection->getReadPdo()
#6 D:/josej/Documents/Proyectos/ExamenDeGrado/C#/php/chirper/vendor/laravel/framework/src/Illuminate/Database/Connection.php(435): Illuminate/Database/Connection->getPdoForSelect(true)
#7 D:/josej/Documents/Proyectos/ExamenDeGrado/C#/php/chirper/vendor/laravel/framework/src/Illuminate/Database/Connection.php(846): Illuminate/Database/Connection->{closure:Illuminate/Database/Connection::select():426}('select * from \"...', Array)
#8 D:/josej/Documents/Proyectos/ExamenDeGrado/C#/php/chirper/vendor/laravel/framework/src/Illuminate/Database/Connection.php(813): Illuminate/Database/Connection->runQueryCallback('select * from \"...', Array, Object(Closure))
#9 D:/josej/Documents/Proyectos/ExamenDeGrado/C#/php/chirper/vendor/laravel/framework/src/Illuminate/Database/Connection.php(426): Illuminate/Database/Connection->run('select * from \"...', Array, Object(Closure))
#10 D:/josej/Documents/Proyectos/ExamenDeGrado/C#/php/chirper/vendor/laravel/framework/src/Illuminate/Database/Query/Builder.php(3573): Illuminate/Database/Connection->select('select * from \"...', Array, true, Array)
#11 D:/josej/Documents/Proyectos/ExamenDeGrado/C#/php/chirper/vendor/laravel/framework/src/Illuminate/Database/Query/Builder.php(3557): Illuminate/Database/Query/Builder->runSelect()
#12 D:/josej/Documents/Proyectos/ExamenDeGrado/C#/php/chirper/vendor/laravel/framework/src/Illuminate/Cache/DatabaseStore.php(142): Illuminate/Database/Query/Builder->get()
#13 D:/josej/Documents/Proyectos/ExamenDeGrado/C#/php/chirper/vendor/laravel/framework/src/Illuminate/Cache/Repository.php(167): Illuminate/Cache/DatabaseStore->many(Array)
#14 D:/josej/Documents/Proyectos/ExamenDeGrado/C#/php/chirper/vendor/laravel/framework/src/Illuminate/Queue/QueueManager.php(335): Illuminate/Cache/Repository->many(Array)
#15 D:/josej/Documents/Proyectos/ExamenDeGrado/C#/php/chirper/vendor/laravel/framework/src/Illuminate/Queue/Worker.php(489): Illuminate/Queue/QueueManager->getPausedQueues('database', Array)
#16 D:/josej/Documents/Proyectos/ExamenDeGrado/C#/php/chirper/vendor/laravel/framework/src/Illuminate/Queue/Worker.php(450): Illuminate/Queue/Worker->getPausedQueues('database', Array)
#17 D:/josej/Documents/Proyectos/ExamenDeGrado/C#/php/chirper/vendor/laravel/framework/src/Illuminate/Queue/Worker.php(410): Illuminate/Queue/Worker->getNextJob(Object(Illuminate/Queue/DatabaseQueue), 'default')
#18 D:/josej/Documents/Proyectos/ExamenDeGrado/C#/php/chirper/vendor/laravel/framework/src/Illuminate/Queue/Console/WorkCommand.php(149): Illuminate/Queue/Worker->runNextJob('database', 'default', Object(Illuminate/Queue/WorkerOptions))
#19 D:/josej/Documents/Proyectos/ExamenDeGrado/C#/php/chirper/vendor/laravel/framework/src/Illuminate/Queue/Console/WorkCommand.php(132): Illuminate/Queue/Console/WorkCommand->runWorker('database', 'default')
#20 D:/josej/Documents/Proyectos/ExamenDeGrado/C#/php/chirper/vendor/laravel/framework/src/Illuminate/Container/BoundMethod.php(36): Illuminate/Queue/Console/WorkCommand->handle()
#21 D:/josej/Documents/Proyectos/ExamenDeGrado/C#/php/chirper/vendor/laravel/framework/src/Illuminate/Container/Util.php(43): Illuminate/Container/BoundMethod::{closure:Illuminate/Container/BoundMethod::call():35}()
#22 D:/josej/Documents/Proyectos/ExamenDeGrado/C#/php/chirper/vendor/laravel/framework/src/Illuminate/Container/BoundMethod.php(96): Illuminate/Container/Util::unwrapIfClosure(Object(Closure))
#23 D:/josej/Documents/Proyectos/ExamenDeGrado/C#/php/chirper/vendor/laravel/framework/src/Illuminate/Container/BoundMethod.php(35): Illuminate/Container/BoundMethod::callBoundMethod(Object(Illuminate/Foundation/Application), Array, Object(Closure))
#24 D:/josej/Documents/Proyectos/ExamenDeGrado/C#/php/chirper/vendor/laravel/framework/src/Illuminate/Container/Container.php(801): Illuminate/Container/BoundMethod::call(Object(Illuminate/Foundation/Application), Array, Array, NULL)
#25 D:/josej/Documents/Proyectos/ExamenDeGrado/C#/php/chirper/vendor/laravel/framework/src/Illuminate/Console/Command.php(292): Illuminate/Container/Container->call(Array)
#26 D:/josej/Documents/Proyectos/ExamenDeGrado/C#/php/chirper/vendor/symfony/console/Command/Command.php(284): Illuminate/Console/Command->execute(Object(Symfony/Component/Console/Input/ArgvInput), Object(Illuminate/Console/OutputStyle))
#27 D:/josej/Documents/Proyectos/ExamenDeGrado/C#/php/chirper/vendor/laravel/framework/src/Illuminate/Console/Command.php(261): Symfony/Component/Console/Command/Command->run(Object(Symfony/Component/Console/Input/ArgvInput), Object(Illuminate/Console/OutputStyle))
#28 D:/josej/Documents/Proyectos/ExamenDeGrado/C#/php/chirper/vendor/symfony/console/Application.php(1144): Illuminate/Console/Command->run(Object(Symfony/Component/Console/Input/ArgvInput), Object(Symfony/Component/Console/Output/ConsoleOutput))
#29 D:/josej/Documents/Proyectos/ExamenDeGrado/C#/php/chirper/vendor/symfony/console/Application.php(379): Symfony/Component/Console/Application->doRunCommand(Object(Illuminate/Queue/Console/WorkCommand), Object(Symfony/Component/Console/Input/ArgvInput), Object(Symfony/Component/Console/Output/ConsoleOutput))
#30 D:/josej/Documents/Proyectos/ExamenDeGrado/C#/php/chirper/vendor/symfony/console/Application.php(218): Symfony/Component/Console/Application->doRun(Object(Symfony/Component/Console/Input/ArgvInput), Object(Symfony/Component/Console/Output/ConsoleOutput))
#31 D:/josej/Documents/Proyectos/ExamenDeGrado/C#/php/chirper/vendor/laravel/framework/src/Illuminate/Foundation/Console/Kernel.php(198): Symfony/Component/Console/Application->run(Object(Symfony/Component/Console/Input/ArgvInput), Object(Symfony/Component/Console/Output/ConsoleOutput))
#32 D:/josej/Documents/Proyectos/ExamenDeGrado/C#/php/chirper/vendor/laravel/framework/src/Illuminate/Foundation/Application.php(1242): Illuminate/Foundation/Console/Kernel->handle(Object(Symfony/Component/Console/Input/ArgvInput), Object(Symfony/Component/Console/Output/ConsoleOutput))
#33 D:/josej/Documents/Proyectos/ExamenDeGrado/C#/php/chirper/artisan(16): Illuminate/Foundation/Application->handleCommand(Object(Symfony/Component/Console/Input/ArgvInput))
#34 {main}
"} 
[2026-08-15 03:05:04] local.ERROR: Database file at path [D:\josej\Documents\Proyectos\ExamenDeGrado\C#\php\chirper\database\database.sqlite] does not exist. Ensure this is an absolute path to the database. (Connection: sqlite, Database: D:\josej\Documents\Proyectos\ExamenDeGrado\C#\php\chirper\database\database.sqlite, SQL: select * from "cache" where "key" in (laravel-cache-illuminate:queues:paused, laravel-cache-illuminate:queue:paused:database:default)) {"exception":"[object] (Illuminate\\Database\\QueryException(code: 0): Database file at path [D:\\josej\\Documents\\Proyectos\\ExamenDeGrado\\C#\\php\\chirper\\database\\database.sqlite] does not exist. Ensure this is an absolute path to the database. (Connection: sqlite, Database: D:\\josej\\Documents\\Proyectos\\ExamenDeGrado\\C#\\php\\chirper\\database\\database.sqlite, SQL: select * from \"cache\" where \"key\" in (laravel-cache-illuminate:queues:paused, laravel-cache-illuminate:queue:paused:database:default)) at D:/josej/Documents/Proyectos/ExamenDeGrado/C#/php/chirper/vendor/laravel/framework/src/Illuminate/Database/Connection.php:857)
[stacktrace]
#0 D:/josej/Documents/Proyectos/ExamenDeGrado/C#/php/chirper/vendor/laravel/framework/src/Illuminate/Database/Connection.php(813): Illuminate/Database/Connection->runQueryCallback('select * from \"...', Array, Object(Closure))
#1 D:/josej/Documents/Proyectos/ExamenDeGrado/C#/php/chirper/vendor/laravel/framework/src/Illuminate/Database/Connection.php(426): Illuminate/Database/Connection->run('select * from \"...', Array, Object(Closure))
#2 D:/josej/Documents/Proyectos/ExamenDeGrado/C#/php/chirper/vendor/laravel/framework/src/Illuminate/Database/Query/Builder.php(3573): Illuminate/Database/Connection->select('select * from \"...', Array, true, Array)
#3 D:/josej/Documents/Proyectos/ExamenDeGrado/C#/php/chirper/vendor/laravel/framework/src/Illuminate/Database/Query/Builder.php(3557): Illuminate/Database/Query/Builder->runSelect()
#4 D:/josej/Documents/Proyectos/ExamenDeGrado/C#/php/chirper/vendor/laravel/framework/src/Illuminate/Cache/DatabaseStore.php(142): Illuminate/Database/Query/Builder->get()
#5 D:/josej/Documents/Proyectos/ExamenDeGrado/C#/php/chirper/vendor/laravel/framework/src/Illuminate/Cache/Repository.php(167): Illuminate/Cache/DatabaseStore->many(Array)
#6 D:/josej/Documents/Proyectos/ExamenDeGrado/C#/php/chirper/vendor/laravel/framework/src/Illuminate/Queue/QueueManager.php(335): Illuminate/Cache/Repository->many(Array)
#7 D:/josej/Documents/Proyectos/ExamenDeGrado/C#/php/chirper/vendor/laravel/framework/src/Illuminate/Queue/Worker.php(489): Illuminate/Queue/QueueManager->getPausedQueues('database', Array)
#8 D:/josej/Documents/Proyectos/ExamenDeGrado/C#/php/chirper/vendor/laravel/framework/src/Illuminate/Queue/Worker.php(450): Illuminate/Queue/Worker->getPausedQueues('database', Array)
#9 D:/josej/Documents/Proyectos/ExamenDeGrado/C#/php/chirper/vendor/laravel/framework/src/Illuminate/Queue/Worker.php(410): Illuminate/Queue/Worker->getNextJob(Object(Illuminate/Queue/DatabaseQueue), 'default')
#10 D:/josej/Documents/Proyectos/ExamenDeGrado/C#/php/chirper/vendor/laravel/framework/src/Illuminate/Queue/Console/WorkCommand.php(149): Illuminate/Queue/Worker->runNextJob('database', 'default', Object(Illuminate/Queue/WorkerOptions))
#11 D:/josej/Documents/Proyectos/ExamenDeGrado/C#/php/chirper/vendor/laravel/framework/src/Illuminate/Queue/Console/WorkCommand.php(132): Illuminate/Queue/Console/WorkCommand->runWorker('database', 'default')
#12 D:/josej/Documents/Proyectos/ExamenDeGrado/C#/php/chirper/vendor/laravel/framework/src/Illuminate/Container/BoundMethod.php(36): Illuminate/Queue/Console/WorkCommand->handle()
#13 D:/josej/Documents/Proyectos/ExamenDeGrado/C#/php/chirper/vendor/laravel/framework/src/Illuminate/Container/Util.php(43): Illuminate/Container/BoundMethod::{closure:Illuminate/Container/BoundMethod::call():35}()
#14 D:/josej/Documents/Proyectos/ExamenDeGrado/C#/php/chirper/vendor/laravel/framework/src/Illuminate/Container/BoundMethod.php(96): Illuminate/Container/Util::unwrapIfClosure(Object(Closure))
#15 D:/josej/Documents/Proyectos/ExamenDeGrado/C#/php/chirper/vendor/laravel/framework/src/Illuminate/Container/BoundMethod.php(35): Illuminate/Container/BoundMethod::callBoundMethod(Object(Illuminate/Foundation/Application), Array, Object(Closure))
#16 D:/josej/Documents/Proyectos/ExamenDeGrado/C#/php/chirper/vendor/laravel/framework/src/Illuminate/Container/Container.php(801): Illuminate/Container/BoundMethod::call(Object(Illuminate/Foundation/Application), Array, Array, NULL)
#17 D:/josej/Documents/Proyectos/ExamenDeGrado/C#/php/chirper/vendor/laravel/framework/src/Illuminate/Console/Command.php(292): Illuminate/Container/Container->call(Array)
#18 D:/josej/Documents/Proyectos/ExamenDeGrado/C#/php/chirper/vendor/symfony/console/Command/Command.php(284): Illuminate/Console/Command->execute(Object(Symfony/Component/Console/Input/ArgvInput), Object(Illuminate/Console/OutputStyle))
#19 D:/josej/Documents/Proyectos/ExamenDeGrado/C#/php/chirper/vendor/laravel/framework/src/Illuminate/Console/Command.php(261): Symfony/Component/Console/Command/Command->run(Object(Symfony/Component/Console/Input/ArgvInput), Object(Illuminate/Console/OutputStyle))
#20 D:/josej/Documents/Proyectos/ExamenDeGrado/C#/php/chirper/vendor/symfony/console/Application.php(1144): Illuminate/Console/Command->run(Object(Symfony/Component/Console/Input/ArgvInput), Object(Symfony/Component/Console/Output/ConsoleOutput))
#21 D:/josej/Documents/Proyectos/ExamenDeGrado/C#/php/chirper/vendor/symfony/console/Application.php(379): Symfony/Component/Console/Application->doRunCommand(Object(Illuminate/Queue/Console/WorkCommand), Object(Symfony/Component/Console/Input/ArgvInput), Object(Symfony/Component/Console/Output/ConsoleOutput))
#22 D:/josej/Documents/Proyectos/ExamenDeGrado/C#/php/chirper/vendor/symfony/console/Application.php(218): Symfony/Component/Console/Application->doRun(Object(Symfony/Component/Console/Input/ArgvInput), Object(Symfony/Component/Console/Output/ConsoleOutput))
#23 D:/josej/Documents/Proyectos/ExamenDeGrado/C#/php/chirper/vendor/laravel/framework/src/Illuminate/Foundation/Console/Kernel.php(198): Symfony/Component/Console/Application->run(Object(Symfony/Component/Console/Input/ArgvInput), Object(Symfony/Component/Console/Output/ConsoleOutput))
#24 D:/josej/Documents/Proyectos/ExamenDeGrado/C#/php/chirper/vendor/laravel/framework/src/Illuminate/Foundation/Application.php(1242): Illuminate/Foundation/Console/Kernel->handle(Object(Symfony/Component/Console/Input/ArgvInput), Object(Symfony/Component/Console/Output/ConsoleOutput))
#25 D:/josej/Documents/Proyectos/ExamenDeGrado/C#/php/chirper/artisan(16): Illuminate/Foundation/Application->handleCommand(Object(Symfony/Component/Console/Input/ArgvInput))
#26 {main}

[previous exception] [object] (Illuminate\\Database\\SQLiteDatabaseDoesNotExistException(code: 0): Database file at path [D:\\josej\\Documents\\Proyectos\\ExamenDeGrado\\C#\\php\\chirper\\database\\database.sqlite] does not exist. Ensure this is an absolute path to the database. at D:/josej/Documents/Proyectos/ExamenDeGrado/C#/php/chirper/vendor/laravel/framework/src/Illuminate/Database/Connectors/SQLiteConnector.php:61)
[stacktrace]
#0 D:/josej/Documents/Proyectos/ExamenDeGrado/C#/php/chirper/vendor/laravel/framework/src/Illuminate/Database/Connectors/SQLiteConnector.php(19): Illuminate/Database/Connectors/SQLiteConnector->parseDatabasePath(false)
#1 D:/josej/Documents/Proyectos/ExamenDeGrado/C#/php/chirper/vendor/laravel/framework/src/Illuminate/Database/Connectors/ConnectionFactory.php(259): Illuminate/Database/Connectors/SQLiteConnector->connect(Array)
#2 [internal function]: Illuminate/Database/Connectors/ConnectionFactory->{closure:Illuminate/Database/Connectors/ConnectionFactory::createPdoResolverWithoutHosts():259}()
#3 D:/josej/Documents/Proyectos/ExamenDeGrado/C#/php/chirper/vendor/laravel/framework/src/Illuminate/Database/Connection.php(1297): call_user_func(Object(Closure))
#4 D:/josej/Documents/Proyectos/ExamenDeGrado/C#/php/chirper/vendor/laravel/framework/src/Illuminate/Database/Connection.php(1335): Illuminate/Database/Connection->getPdo()
#5 D:/josej/Documents/Proyectos/ExamenDeGrado/C#/php/chirper/vendor/laravel/framework/src/Illuminate/Database/Connection.php(542): Illuminate/Database/Connection->getReadPdo()
#6 D:/josej/Documents/Proyectos/ExamenDeGrado/C#/php/chirper/vendor/laravel/framework/src/Illuminate/Database/Connection.php(435): Illuminate/Database/Connection->getPdoForSelect(true)
#7 D:/josej/Documents/Proyectos/ExamenDeGrado/C#/php/chirper/vendor/laravel/framework/src/Illuminate/Database/Connection.php(846): Illuminate/Database/Connection->{closure:Illuminate/Database/Connection::select():426}('select * from \"...', Array)
#8 D:/josej/Documents/Proyectos/ExamenDeGrado/C#/php/chirper/vendor/laravel/framework/src/Illuminate/Database/Connection.php(813): Illuminate/Database/Connection->runQueryCallback('select * from \"...', Array, Object(Closure))
#9 D:/josej/Documents/Proyectos/ExamenDeGrado/C#/php/chirper/vendor/laravel/framework/src/Illuminate/Database/Connection.php(426): Illuminate/Database/Connection->run('select * from \"...', Array, Object(Closure))
#10 D:/josej/Documents/Proyectos/ExamenDeGrado/C#/php/chirper/vendor/laravel/framework/src/Illuminate/Database/Query/Builder.php(3573): Illuminate/Database/Connection->select('select * from \"...', Array, true, Array)
#11 D:/josej/Documents/Proyectos/ExamenDeGrado/C#/php/chirper/vendor/laravel/framework/src/Illuminate/Database/Query/Builder.php(3557): Illuminate/Database/Query/Builder->runSelect()
#12 D:/josej/Documents/Proyectos/ExamenDeGrado/C#/php/chirper/vendor/laravel/framework/src/Illuminate/Cache/DatabaseStore.php(142): Illuminate/Database/Query/Builder->get()
#13 D:/josej/Documents/Proyectos/ExamenDeGrado/C#/php/chirper/vendor/laravel/framework/src/Illuminate/Cache/Repository.php(167): Illuminate/Cache/DatabaseStore->many(Array)
#14 D:/josej/Documents/Proyectos/ExamenDeGrado/C#/php/chirper/vendor/laravel/framework/src/Illuminate/Queue/QueueManager.php(335): Illuminate/Cache/Repository->many(Array)
#15 D:/josej/Documents/Proyectos/ExamenDeGrado/C#/php/chirper/vendor/laravel/framework/src/Illuminate/Queue/Worker.php(489): Illuminate/Queue/QueueManager->getPausedQueues('database', Array)
#16 D:/josej/Documents/Proyectos/ExamenDeGrado/C#/php/chirper/vendor/laravel/framework/src/Illuminate/Queue/Worker.php(450): Illuminate/Queue/Worker->getPausedQueues('database', Array)
#17 D:/josej/Documents/Proyectos/ExamenDeGrado/C#/php/chirper/vendor/laravel/framework/src/Illuminate/Queue/Worker.php(410): Illuminate/Queue/Worker->getNextJob(Object(Illuminate/Queue/DatabaseQueue), 'default')
#18 D:/josej/Documents/Proyectos/ExamenDeGrado/C#/php/chirper/vendor/laravel/framework/src/Illuminate/Queue/Console/WorkCommand.php(149): Illuminate/Queue/Worker->runNextJob('database', 'default', Object(Illuminate/Queue/WorkerOptions))
#19 D:/josej/Documents/Proyectos/ExamenDeGrado/C#/php/chirper/vendor/laravel/framework/src/Illuminate/Queue/Console/WorkCommand.php(132): Illuminate/Queue/Console/WorkCommand->runWorker('database', 'default')
#20 D:/josej/Documents/Proyectos/ExamenDeGrado/C#/php/chirper/vendor/laravel/framework/src/Illuminate/Container/BoundMethod.php(36): Illuminate/Queue/Console/WorkCommand->handle()
#21 D:/josej/Documents/Proyectos/ExamenDeGrado/C#/php/chirper/vendor/laravel/framework/src/Illuminate/Container/Util.php(43): Illuminate/Container/BoundMethod::{closure:Illuminate/Container/BoundMethod::call():35}()
#22 D:/josej/Documents/Proyectos/ExamenDeGrado/C#/php/chirper/vendor/laravel/framework/src/Illuminate/Container/BoundMethod.php(96): Illuminate/Container/Util::unwrapIfClosure(Object(Closure))
#23 D:/josej/Documents/Proyectos/ExamenDeGrado/C#/php/chirper/vendor/laravel/framework/src/Illuminate/Container/BoundMethod.php(35): Illuminate/Container/BoundMethod::callBoundMethod(Object(Illuminate/Foundation/Application), Array, Object(Closure))
#24 D:/josej/Documents/Proyectos/ExamenDeGrado/C#/php/chirper/vendor/laravel/framework/src/Illuminate/Container/Container.php(801): Illuminate/Container/BoundMethod::call(Object(Illuminate/Foundation/Application), Array, Array, NULL)
#25 D:/josej/Documents/Proyectos/ExamenDeGrado/C#/php/chirper/vendor/laravel/framework/src/Illuminate/Console/Command.php(292): Illuminate/Container/Container->call(Array)
#26 D:/josej/Documents/Proyectos/ExamenDeGrado/C#/php/chirper/vendor/symfony/console/Command/Command.php(284): Illuminate/Console/Command->execute(Object(Symfony/Component/Console/Input/ArgvInput), Object(Illuminate/Console/OutputStyle))
#27 D:/josej/Documents/Proyectos/ExamenDeGrado/C#/php/chirper/vendor/laravel/framework/src/Illuminate/Console/Command.php(261): Symfony/Component/Console/Command/Command->run(Object(Symfony/Component/Console/Input/ArgvInput), Object(Illuminate/Console/OutputStyle))
#28 D:/josej/Documents/Proyectos/ExamenDeGrado/C#/php/chirper/vendor/symfony/console/Application.php(1144): Illuminate/Console/Command->run(Object(Symfony/Component/Console/Input/ArgvInput), Object(Symfony/Component/Console/Output/ConsoleOutput))
#29 D:/josej/Documents/Proyectos/ExamenDeGrado/C#/php/chirper/vendor/symfony/console/Application.php(379): Symfony/Component/Console/Application->doRunCommand(Object(Illuminate/Queue/Console/WorkCommand), Object(Symfony/Component/Console/Input/ArgvInput), Object(Symfony/Component/Console/Output/ConsoleOutput))
#30 D:/josej/Documents/Proyectos/ExamenDeGrado/C#/php/chirper/vendor/symfony/console/Application.php(218): Symfony/Component/Console/Application->doRun(Object(Symfony/Component/Console/Input/ArgvInput), Object(Symfony/Component/Console/Output/ConsoleOutput))
#31 D:/josej/Documents/Proyectos/ExamenDeGrado/C#/php/chirper/vendor/laravel/framework/src/Illuminate/Foundation/Console/Kernel.php(198): Symfony/Component/Console/Application->run(Object(Symfony/Component/Console/Input/ArgvInput), Object(Symfony/Component/Console/Output/ConsoleOutput))
#32 D:/josej/Documents/Proyectos/ExamenDeGrado/C#/php/chirper/vendor/laravel/framework/src/Illuminate/Foundation/Application.php(1242): Illuminate/Foundation/Console/Kernel->handle(Object(Symfony/Component/Console/Input/ArgvInput), Object(Symfony/Component/Console/Output/ConsoleOutput))
#33 D:/josej/Documents/Proyectos/ExamenDeGrado/C#/php/chirper/artisan(16): Illuminate/Foundation/Application->handleCommand(Object(Symfony/Component/Console/Input/ArgvInput))
#34 {main}
"} 
[2026-08-15 03:05:09] local.ERROR: Database file at path [D:\josej\Documents\Proyectos\ExamenDeGrado\C#\php\chirper\database\database.sqlite] does not exist. Ensure this is an absolute path to the database. (Connection: sqlite, Database: D:\josej\Documents\Proyectos\ExamenDeGrado\C#\php\chirper\database\database.sqlite, SQL: select * from "cache" where "key" in (laravel-cache-illuminate:queues:paused, laravel-cache-illuminate:queue:paused:database:default)) {"exception":"[object] (Illuminate\\Database\\QueryException(code: 0): Database file at path [D:\\josej\\Documents\\Proyectos\\ExamenDeGrado\\C#\\php\\chirper\\database\\database.sqlite] does not exist. Ensure this is an absolute path to the database. (Connection: sqlite, Database: D:\\josej\\Documents\\Proyectos\\ExamenDeGrado\\C#\\php\\chirper\\database\\database.sqlite, SQL: select * from \"cache\" where \"key\" in (laravel-cache-illuminate:queues:paused, laravel-cache-illuminate:queue:paused:database:default)) at D:/josej/Documents/Proyectos/ExamenDeGrado/C#/php/chirper/vendor/laravel/framework/src/Illuminate/Database/Connection.php:857)
[stacktrace]
#0 D:/josej/Documents/Proyectos/ExamenDeGrado/C#/php/chirper/vendor/laravel/framework/src/Illuminate/Database/Connection.php(813): Illuminate/Database/Connection->runQueryCallback('select * from \"...', Array, Object(Closure))
#1 D:/josej/Documents/Proyectos/ExamenDeGrado/C#/php/chirper/vendor/laravel/framework/src/Illuminate/Database/Connection.php(426): Illuminate/Database/Connection->run('select * from \"...', Array, Object(Closure))
#2 D:/josej/Documents/Proyectos/ExamenDeGrado/C#/php/chirper/vendor/laravel/framework/src/Illuminate/Database/Query/Builder.php(3573): Illuminate/Database/Connection->select('select * from \"...', Array, true, Array)
#3 D:/josej/Documents/Proyectos/ExamenDeGrado/C#/php/chirper/vendor/laravel/framework/src/Illuminate/Database/Query/Builder.php(3557): Illuminate/Database/Query/Builder->runSelect()
#4 D:/josej/Documents/Proyectos/ExamenDeGrado/C#/php/chirper/vendor/laravel/framework/src/Illuminate/Cache/DatabaseStore.php(142): Illuminate/Database/Query/Builder->get()
#5 D:/josej/Documents/Proyectos/ExamenDeGrado/C#/php/chirper/vendor/laravel/framework/src/Illuminate/Cache/Repository.php(167): Illuminate/Cache/DatabaseStore->many(Array)
#6 D:/josej/Documents/Proyectos/ExamenDeGrado/C#/php/chirper/vendor/laravel/framework/src/Illuminate/Queue/QueueManager.php(335): Illuminate/Cache/Repository->many(Array)
#7 D:/josej/Documents/Proyectos/ExamenDeGrado/C#/php/chirper/vendor/laravel/framework/src/Illuminate/Queue/Worker.php(489): Illuminate/Queue/QueueManager->getPausedQueues('database', Array)
#8 D:/josej/Documents/Proyectos/ExamenDeGrado/C#/php/chirper/vendor/laravel/framework/src/Illuminate/Queue/Worker.php(450): Illuminate/Queue/Worker->getPausedQueues('database', Array)
#9 D:/josej/Documents/Proyectos/ExamenDeGrado/C#/php/chirper/vendor/laravel/framework/src/Illuminate/Queue/Worker.php(410): Illuminate/Queue/Worker->getNextJob(Object(Illuminate/Queue/DatabaseQueue), 'default')
#10 D:/josej/Documents/Proyectos/ExamenDeGrado/C#/php/chirper/vendor/laravel/framework/src/Illuminate/Queue/Console/WorkCommand.php(149): Illuminate/Queue/Worker->runNextJob('database', 'default', Object(Illuminate/Queue/WorkerOptions))
#11 D:/josej/Documents/Proyectos/ExamenDeGrado/C#/php/chirper/vendor/laravel/framework/src/Illuminate/Queue/Console/WorkCommand.php(132): Illuminate/Queue/Console/WorkCommand->runWorker('database', 'default')
#12 D:/josej/Documents/Proyectos/ExamenDeGrado/C#/php/chirper/vendor/laravel/framework/src/Illuminate/Container/BoundMethod.php(36): Illuminate/Queue/Console/WorkCommand->handle()
#13 D:/josej/Documents/Proyectos/ExamenDeGrado/C#/php/chirper/vendor/laravel/framework/src/Illuminate/Container/Util.php(43): Illuminate/Container/BoundMethod::{closure:Illuminate/Container/BoundMethod::call():35}()
#14 D:/josej/Documents/Proyectos/ExamenDeGrado/C#/php/chirper/vendor/laravel/framework/src/Illuminate/Container/BoundMethod.php(96): Illuminate/Container/Util::unwrapIfClosure(Object(Closure))
#15 D:/josej/Documents/Proyectos/ExamenDeGrado/C#/php/chirper/vendor/laravel/framework/src/Illuminate/Container/BoundMethod.php(35): Illuminate/Container/BoundMethod::callBoundMethod(Object(Illuminate/Foundation/Application), Array, Object(Closure))
#16 D:/josej/Documents/Proyectos/ExamenDeGrado/C#/php/chirper/vendor/laravel/framework/src/Illuminate/Container/Container.php(801): Illuminate/Container/BoundMethod::call(Object(Illuminate/Foundation/Application), Array, Array, NULL)
#17 D:/josej/Documents/Proyectos/ExamenDeGrado/C#/php/chirper/vendor/laravel/framework/src/Illuminate/Console/Command.php(292): Illuminate/Container/Container->call(Array)
#18 D:/josej/Documents/Proyectos/ExamenDeGrado/C#/php/chirper/vendor/symfony/console/Command/Command.php(284): Illuminate/Console/Command->execute(Object(Symfony/Component/Console/Input/ArgvInput), Object(Illuminate/Console/OutputStyle))
#19 D:/josej/Documents/Proyectos/ExamenDeGrado/C#/php/chirper/vendor/laravel/framework/src/Illuminate/Console/Command.php(261): Symfony/Component/Console/Command/Command->run(Object(Symfony/Component/Console/Input/ArgvInput), Object(Illuminate/Console/OutputStyle))
#20 D:/josej/Documents/Proyectos/ExamenDeGrado/C#/php/chirper/vendor/symfony/console/Application.php(1144): Illuminate/Console/Command->run(Object(Symfony/Component/Console/Input/ArgvInput), Object(Symfony/Component/Console/Output/ConsoleOutput))
#21 D:/josej/Documents/Proyectos/ExamenDeGrado/C#/php/chirper/vendor/symfony/console/Application.php(379): Symfony/Component/Console/Application->doRunCommand(Object(Illuminate/Queue/Console/WorkCommand), Object(Symfony/Component/Console/Input/ArgvInput), Object(Symfony/Component/Console/Output/ConsoleOutput))
#22 D:/josej/Documents/Proyectos/ExamenDeGrado/C#/php/chirper/vendor/symfony/console/Application.php(218): Symfony/Component/Console/Application->doRun(Object(Symfony/Component/Console/Input/ArgvInput), Object(Symfony/Component/Console/Output/ConsoleOutput))
#23 D:/josej/Documents/Proyectos/ExamenDeGrado/C#/php/chirper/vendor/laravel/framework/src/Illuminate/Foundation/Console/Kernel.php(198): Symfony/Component/Console/Application->run(Object(Symfony/Component/Console/Input/ArgvInput), Object(Symfony/Component/Console/Output/ConsoleOutput))
#24 D:/josej/Documents/Proyectos/ExamenDeGrado/C#/php/chirper/vendor/laravel/framework/src/Illuminate/Foundation/Application.php(1242): Illuminate/Foundation/Console/Kernel->handle(Object(Symfony/Component/Console/Input/ArgvInput), Object(Symfony/Component/Console/Output/ConsoleOutput))
#25 D:/josej/Documents/Proyectos/ExamenDeGrado/C#/php/chirper/artisan(16): Illuminate/Foundation/Application->handleCommand(Object(Symfony/Component/Console/Input/ArgvInput))
#26 {main}

[previous exception] [object] (Illuminate\\Database\\SQLiteDatabaseDoesNotExistException(code: 0): Database file at path [D:\\josej\\Documents\\Proyectos\\ExamenDeGrado\\C#\\php\\chirper\\database\\database.sqlite] does not exist. Ensure this is an absolute path to the database. at D:/josej/Documents/Proyectos/ExamenDeGrado/C#/php/chirper/vendor/laravel/framework/src/Illuminate/Database/Connectors/SQLiteConnector.php:61)
[stacktrace]
#0 D:/josej/Documents/Proyectos/ExamenDeGrado/C#/php/chirper/vendor/laravel/framework/src/Illuminate/Database/Connectors/SQLiteConnector.php(19): Illuminate/Database/Connectors/SQLiteConnector->parseDatabasePath(false)
#1 D:/josej/Documents/Proyectos/ExamenDeGrado/C#/php/chirper/vendor/laravel/framework/src/Illuminate/Database/Connectors/ConnectionFactory.php(259): Illuminate/Database/Connectors/SQLiteConnector->connect(Array)
#2 [internal function]: Illuminate/Database/Connectors/ConnectionFactory->{closure:Illuminate/Database/Connectors/ConnectionFactory::createPdoResolverWithoutHosts():259}()
#3 D:/josej/Documents/Proyectos/ExamenDeGrado/C#/php/chirper/vendor/laravel/framework/src/Illuminate/Database/Connection.php(1297): call_user_func(Object(Closure))
#4 D:/josej/Documents/Proyectos/ExamenDeGrado/C#/php/chirper/vendor/laravel/framework/src/Illuminate/Database/Connection.php(1335): Illuminate/Database/Connection->getPdo()
#5 D:/josej/Documents/Proyectos/ExamenDeGrado/C#/php/chirper/vendor/laravel/framework/src/Illuminate/Database/Connection.php(542): Illuminate/Database/Connection->getReadPdo()
#6 D:/josej/Documents/Proyectos/ExamenDeGrado/C#/php/chirper/vendor/laravel/framework/src/Illuminate/Database/Connection.php(435): Illuminate/Database/Connection->getPdoForSelect(true)
#7 D:/josej/Documents/Proyectos/ExamenDeGrado/C#/php/chirper/vendor/laravel/framework/src/Illuminate/Database/Connection.php(846): Illuminate/Database/Connection->{closure:Illuminate/Database/Connection::select():426}('select * from \"...', Array)
#8 D:/josej/Documents/Proyectos/ExamenDeGrado/C#/php/chirper/vendor/laravel/framework/src/Illuminate/Database/Connection.php(813): Illuminate/Database/Connection->runQueryCallback('select * from \"...', Array, Object(Closure))
#9 D:/josej/Documents/Proyectos/ExamenDeGrado/C#/php/chirper/vendor/laravel/framework/src/Illuminate/Database/Connection.php(426): Illuminate/Database/Connection->run('select * from \"...', Array, Object(Closure))
#10 D:/josej/Documents/Proyectos/ExamenDeGrado/C#/php/chirper/vendor/laravel/framework/src/Illuminate/Database/Query/Builder.php(3573): Illuminate/Database/Connection->select('select * from \"...', Array, true, Array)
#11 D:/josej/Documents/Proyectos/ExamenDeGrado/C#/php/chirper/vendor/laravel/framework/src/Illuminate/Database/Query/Builder.php(3557): Illuminate/Database/Query/Builder->runSelect()
#12 D:/josej/Documents/Proyectos/ExamenDeGrado/C#/php/chirper/vendor/laravel/framework/src/Illuminate/Cache/DatabaseStore.php(142): Illuminate/Database/Query/Builder->get()
#13 D:/josej/Documents/Proyectos/ExamenDeGrado/C#/php/chirper/vendor/laravel/framework/src/Illuminate/Cache/Repository.php(167): Illuminate/Cache/DatabaseStore->many(Array)
#14 D:/josej/Documents/Proyectos/ExamenDeGrado/C#/php/chirper/vendor/laravel/framework/src/Illuminate/Queue/QueueManager.php(335): Illuminate/Cache/Repository->many(Array)
#15 D:/josej/Documents/Proyectos/ExamenDeGrado/C#/php/chirper/vendor/laravel/framework/src/Illuminate/Queue/Worker.php(489): Illuminate/Queue/QueueManager->getPausedQueues('database', Array)
#16 D:/josej/Documents/Proyectos/ExamenDeGrado/C#/php/chirper/vendor/laravel/framework/src/Illuminate/Queue/Worker.php(450): Illuminate/Queue/Worker->getPausedQueues('database', Array)
#17 D:/josej/Documents/Proyectos/ExamenDeGrado/C#/php/chirper/vendor/laravel/framework/src/Illuminate/Queue/Worker.php(410): Illuminate/Queue/Worker->getNextJob(Object(Illuminate/Queue/DatabaseQueue), 'default')
#18 D:/josej/Documents/Proyectos/ExamenDeGrado/C#/php/chirper/vendor/laravel/framework/src/Illuminate/Queue/Console/WorkCommand.php(149): Illuminate/Queue/Worker->runNextJob('database', 'default', Object(Illuminate/Queue/WorkerOptions))
#19 D:/josej/Documents/Proyectos/ExamenDeGrado/C#/php/chirper/vendor/laravel/framework/src/Illuminate/Queue/Console/WorkCommand.php(132): Illuminate/Queue/Console/WorkCommand->runWorker('database', 'default')
#20 D:/josej/Documents/Proyectos/ExamenDeGrado/C#/php/chirper/vendor/laravel/framework/src/Illuminate/Container/BoundMethod.php(36): Illuminate/Queue/Console/WorkCommand->handle()
#21 D:/josej/Documents/Proyectos/ExamenDeGrado/C#/php/chirper/vendor/laravel/framework/src/Illuminate/Container/Util.php(43): Illuminate/Container/BoundMethod::{closure:Illuminate/Container/BoundMethod::call():35}()
#22 D:/josej/Documents/Proyectos/ExamenDeGrado/C#/php/chirper/vendor/laravel/framework/src/Illuminate/Container/BoundMethod.php(96): Illuminate/Container/Util::unwrapIfClosure(Object(Closure))
#23 D:/josej/Documents/Proyectos/ExamenDeGrado/C#/php/chirper/vendor/laravel/framework/src/Illuminate/Container/BoundMethod.php(35): Illuminate/Container/BoundMethod::callBoundMethod(Object(Illuminate/Foundation/Application), Array, Object(Closure))
#24 D:/josej/Documents/Proyectos/ExamenDeGrado/C#/php/chirper/vendor/laravel/framework/src/Illuminate/Container/Container.php(801): Illuminate/Container/BoundMethod::call(Object(Illuminate/Foundation/Application), Array, Array, NULL)
#25 D:/josej/Documents/Proyectos/ExamenDeGrado/C#/php/chirper/vendor/laravel/framework/src/Illuminate/Console/Command.php(292): Illuminate/Container/Container->call(Array)
#26 D:/josej/Documents/Proyectos/ExamenDeGrado/C#/php/chirper/vendor/symfony/console/Command/Command.php(284): Illuminate/Console/Command->execute(Object(Symfony/Component/Console/Input/ArgvInput), Object(Illuminate/Console/OutputStyle))
#27 D:/josej/Documents/Proyectos/ExamenDeGrado/C#/php/chirper/vendor/laravel/framework/src/Illuminate/Console/Command.php(261): Symfony/Component/Console/Command/Command->run(Object(Symfony/Component/Console/Input/ArgvInput), Object(Illuminate/Console/OutputStyle))
#28 D:/josej/Documents/Proyectos/ExamenDeGrado/C#/php/chirper/vendor/symfony/console/Application.php(1144): Illuminate/Console/Command->run(Object(Symfony/Component/Console/Input/ArgvInput), Object(Symfony/Component/Console/Output/ConsoleOutput))
#29 D:/josej/Documents/Proyectos/ExamenDeGrado/C#/php/chirper/vendor/symfony/console/Application.php(379): Symfony/Component/Console/Application->doRunCommand(Object(Illuminate/Queue/Console/WorkCommand), Object(Symfony/Component/Console/Input/ArgvInput), Object(Symfony/Component/Console/Output/ConsoleOutput))
#30 D:/josej/Documents/Proyectos/ExamenDeGrado/C#/php/chirper/vendor/symfony/console/Application.php(218): Symfony/Component/Console/Application->doRun(Object(Symfony/Component/Console/Input/ArgvInput), Object(Symfony/Component/Console/Output/ConsoleOutput))
#31 D:/josej/Documents/Proyectos/ExamenDeGrado/C#/php/chirper/vendor/laravel/framework/src/Illuminate/Foundation/Console/Kernel.php(198): Symfony/Component/Console/Application->run(Object(Symfony/Component/Console/Input/ArgvInput), Object(Symfony/Component/Console/Output/ConsoleOutput))
#32 D:/josej/Documents/Proyectos/ExamenDeGrado/C#/php/chirper/vendor/laravel/framework/src/Illuminate/Foundation/Application.php(1242): Illuminate/Foundation/Console/Kernel->handle(Object(Symfony/Component/Console/Input/ArgvInput), Object(Symfony/Component/Console/Output/ConsoleOutput))
#33 D:/josej/Documents/Proyectos/ExamenDeGrado/C#/php/chirper/artisan(16): Illuminate/Foundation/Application->handleCommand(Object(Symfony/Component/Console/Input/ArgvInput))
#34 {main}
"} 
[2026-08-15 03:05:14] local.ERROR: Database file at path [D:\josej\Documents\Proyectos\ExamenDeGrado\C#\php\chirper\database\database.sqlite] does not exist. Ensure this is an absolute path to the database. (Connection: sqlite, Database: D:\josej\Documents\Proyectos\ExamenDeGrado\C#\php\chirper\database\database.sqlite, SQL: select * from "cache" where "key" in (laravel-cache-illuminate:queues:paused, laravel-cache-illuminate:queue:paused:database:default)) {"exception":"[object] (Illuminate\\Database\\QueryException(code: 0): Database file at path [D:\\josej\\Documents\\Proyectos\\ExamenDeGrado\\C#\\php\\chirper\\database\\database.sqlite] does not exist. Ensure this is an absolute path to the database. (Connection: sqlite, Database: D:\\josej\\Documents\\Proyectos\\ExamenDeGrado\\C#\\php\\chirper\\database\\database.sqlite, SQL: select * from \"cache\" where \"key\" in (laravel-cache-illuminate:queues:paused, laravel-cache-illuminate:queue:paused:database:default)) at D:/josej/Documents/Proyectos/ExamenDeGrado/C#/php/chirper/vendor/laravel/framework/src/Illuminate/Database/Connection.php:857)
[stacktrace]
#0 D:/josej/Documents/Proyectos/ExamenDeGrado/C#/php/chirper/vendor/laravel/framework/src/Illuminate/Database/Connection.php(813): Illuminate/Database/Connection->runQueryCallback('select * from \"...', Array, Object(Closure))
#1 D:/josej/Documents/Proyectos/ExamenDeGrado/C#/php/chirper/vendor/laravel/framework/src/Illuminate/Database/Connection.php(426): Illuminate/Database/Connection->run('select * from \"...', Array, Object(Closure))
#2 D:/josej/Documents/Proyectos/ExamenDeGrado/C#/php/chirper/vendor/laravel/framework/src/Illuminate/Database/Query/Builder.php(3573): Illuminate/Database/Connection->select('select * from \"...', Array, true, Array)
#3 D:/josej/Documents/Proyectos/ExamenDeGrado/C#/php/chirper/vendor/laravel/framework/src/Illuminate/Database/Query/Builder.php(3557): Illuminate/Database/Query/Builder->runSelect()
#4 D:/josej/Documents/Proyectos/ExamenDeGrado/C#/php/chirper/vendor/laravel/framework/src/Illuminate/Cache/DatabaseStore.php(142): Illuminate/Database/Query/Builder->get()
#5 D:/josej/Documents/Proyectos/ExamenDeGrado/C#/php/chirper/vendor/laravel/framework/src/Illuminate/Cache/Repository.php(167): Illuminate/Cache/DatabaseStore->many(Array)
#6 D:/josej/Documents/Proyectos/ExamenDeGrado/C#/php/chirper/vendor/laravel/framework/src/Illuminate/Queue/QueueManager.php(335): Illuminate/Cache/Repository->many(Array)
#7 D:/josej/Documents/Proyectos/ExamenDeGrado/C#/php/chirper/vendor/laravel/framework/src/Illuminate/Queue/Worker.php(489): Illuminate/Queue/QueueManager->getPausedQueues('database', Array)
#8 D:/josej/Documents/Proyectos/ExamenDeGrado/C#/php/chirper/vendor/laravel/framework/src/Illuminate/Queue/Worker.php(450): Illuminate/Queue/Worker->getPausedQueues('database', Array)
#9 D:/josej/Documents/Proyectos/ExamenDeGrado/C#/php/chirper/vendor/laravel/framework/src/Illuminate/Queue/Worker.php(410): Illuminate/Queue/Worker->getNextJob(Object(Illuminate/Queue/DatabaseQueue), 'default')
#10 D:/josej/Documents/Proyectos/ExamenDeGrado/C#/php/chirper/vendor/laravel/framework/src/Illuminate/Queue/Console/WorkCommand.php(149): Illuminate/Queue/Worker->runNextJob('database', 'default', Object(Illuminate/Queue/WorkerOptions))
#11 D:/josej/Documents/Proyectos/ExamenDeGrado/C#/php/chirper/vendor/laravel/framework/src/Illuminate/Queue/Console/WorkCommand.php(132): Illuminate/Queue/Console/WorkCommand->runWorker('database', 'default')
#12 D:/josej/Documents/Proyectos/ExamenDeGrado/C#/php/chirper/vendor/laravel/framework/src/Illuminate/Container/BoundMethod.php(36): Illuminate/Queue/Console/WorkCommand->handle()
#13 D:/josej/Documents/Proyectos/ExamenDeGrado/C#/php/chirper/vendor/laravel/framework/src/Illuminate/Container/Util.php(43): Illuminate/Container/BoundMethod::{closure:Illuminate/Container/BoundMethod::call():35}()
#14 D:/josej/Documents/Proyectos/ExamenDeGrado/C#/php/chirper/vendor/laravel/framework/src/Illuminate/Container/BoundMethod.php(96): Illuminate/Container/Util::unwrapIfClosure(Object(Closure))
#15 D:/josej/Documents/Proyectos/ExamenDeGrado/C#/php/chirper/vendor/laravel/framework/src/Illuminate/Container/BoundMethod.php(35): Illuminate/Container/BoundMethod::callBoundMethod(Object(Illuminate/Foundation/Application), Array, Object(Closure))
#16 D:/josej/Documents/Proyectos/ExamenDeGrado/C#/php/chirper/vendor/laravel/framework/src/Illuminate/Container/Container.php(801): Illuminate/Container/BoundMethod::call(Object(Illuminate/Foundation/Application), Array, Array, NULL)
#17 D:/josej/Documents/Proyectos/ExamenDeGrado/C#/php/chirper/vendor/laravel/framework/src/Illuminate/Console/Command.php(292): Illuminate/Container/Container->call(Array)
#18 D:/josej/Documents/Proyectos/ExamenDeGrado/C#/php/chirper/vendor/symfony/console/Command/Command.php(284): Illuminate/Console/Command->execute(Object(Symfony/Component/Console/Input/ArgvInput), Object(Illuminate/Console/OutputStyle))
#19 D:/josej/Documents/Proyectos/ExamenDeGrado/C#/php/chirper/vendor/laravel/framework/src/Illuminate/Console/Command.php(261): Symfony/Component/Console/Command/Command->run(Object(Symfony/Component/Console/Input/ArgvInput), Object(Illuminate/Console/OutputStyle))
#20 D:/josej/Documents/Proyectos/ExamenDeGrado/C#/php/chirper/vendor/symfony/console/Application.php(1144): Illuminate/Console/Command->run(Object(Symfony/Component/Console/Input/ArgvInput), Object(Symfony/Component/Console/Output/ConsoleOutput))
#21 D:/josej/Documents/Proyectos/ExamenDeGrado/C#/php/chirper/vendor/symfony/console/Application.php(379): Symfony/Component/Console/Application->doRunCommand(Object(Illuminate/Queue/Console/WorkCommand), Object(Symfony/Component/Console/Input/ArgvInput), Object(Symfony/Component/Console/Output/ConsoleOutput))
#22 D:/josej/Documents/Proyectos/ExamenDeGrado/C#/php/chirper/vendor/symfony/console/Application.php(218): Symfony/Component/Console/Application->doRun(Object(Symfony/Component/Console/Input/ArgvInput), Object(Symfony/Component/Console/Output/ConsoleOutput))
#23 D:/josej/Documents/Proyectos/ExamenDeGrado/C#/php/chirper/vendor/laravel/framework/src/Illuminate/Foundation/Console/Kernel.php(198): Symfony/Component/Console/Application->run(Object(Symfony/Component/Console/Input/ArgvInput), Object(Symfony/Component/Console/Output/ConsoleOutput))
#24 D:/josej/Documents/Proyectos/ExamenDeGrado/C#/php/chirper/vendor/laravel/framework/src/Illuminate/Foundation/Application.php(1242): Illuminate/Foundation/Console/Kernel->handle(Object(Symfony/Component/Console/Input/ArgvInput), Object(Symfony/Component/Console/Output/ConsoleOutput))
#25 D:/josej/Documents/Proyectos/ExamenDeGrado/C#/php/chirper/artisan(16): Illuminate/Foundation/Application->handleCommand(Object(Symfony/Component/Console/Input/ArgvInput))
#26 {main}

[previous exception] [object] (Illuminate\\Database\\SQLiteDatabaseDoesNotExistException(code: 0): Database file at path [D:\\josej\\Documents\\Proyectos\\ExamenDeGrado\\C#\\php\\chirper\\database\\database.sqlite] does not exist. Ensure this is an absolute path to the database. at D:/josej/Documents/Proyectos/ExamenDeGrado/C#/php/chirper/vendor/laravel/framework/src/Illuminate/Database/Connectors/SQLiteConnector.php:61)
[stacktrace]
#0 D:/josej/Documents/Proyectos/ExamenDeGrado/C#/php/chirper/vendor/laravel/framework/src/Illuminate/Database/Connectors/SQLiteConnector.php(19): Illuminate/Database/Connectors/SQLiteConnector->parseDatabasePath(false)
#1 D:/josej/Documents/Proyectos/ExamenDeGrado/C#/php/chirper/vendor/laravel/framework/src/Illuminate/Database/Connectors/ConnectionFactory.php(259): Illuminate/Database/Connectors/SQLiteConnector->connect(Array)
#2 [internal function]: Illuminate/Database/Connectors/ConnectionFactory->{closure:Illuminate/Database/Connectors/ConnectionFactory::createPdoResolverWithoutHosts():259}()
#3 D:/josej/Documents/Proyectos/ExamenDeGrado/C#/php/chirper/vendor/laravel/framework/src/Illuminate/Database/Connection.php(1297): call_user_func(Object(Closure))
#4 D:/josej/Documents/Proyectos/ExamenDeGrado/C#/php/chirper/vendor/laravel/framework/src/Illuminate/Database/Connection.php(1335): Illuminate/Database/Connection->getPdo()
#5 D:/josej/Documents/Proyectos/ExamenDeGrado/C#/php/chirper/vendor/laravel/framework/src/Illuminate/Database/Connection.php(542): Illuminate/Database/Connection->getReadPdo()
#6 D:/josej/Documents/Proyectos/ExamenDeGrado/C#/php/chirper/vendor/laravel/framework/src/Illuminate/Database/Connection.php(435): Illuminate/Database/Connection->getPdoForSelect(true)
#7 D:/josej/Documents/Proyectos/ExamenDeGrado/C#/php/chirper/vendor/laravel/framework/src/Illuminate/Database/Connection.php(846): Illuminate/Database/Connection->{closure:Illuminate/Database/Connection::select():426}('select * from \"...', Array)
#8 D:/josej/Documents/Proyectos/ExamenDeGrado/C#/php/chirper/vendor/laravel/framework/src/Illuminate/Database/Connection.php(813): Illuminate/Database/Connection->runQueryCallback('select * from \"...', Array, Object(Closure))
#9 D:/josej/Documents/Proyectos/ExamenDeGrado/C#/php/chirper/vendor/laravel/framework/src/Illuminate/Database/Connection.php(426): Illuminate/Database/Connection->run('select * from \"...', Array, Object(Closure))
#10 D:/josej/Documents/Proyectos/ExamenDeGrado/C#/php/chirper/vendor/laravel/framework/src/Illuminate/Database/Query/Builder.php(3573): Illuminate/Database/Connection->select('select * from \"...', Array, true, Array)
#11 D:/josej/Documents/Proyectos/ExamenDeGrado/C#/php/chirper/vendor/laravel/framework/src/Illuminate/Database/Query/Builder.php(3557): Illuminate/Database/Query/Builder->runSelect()
#12 D:/josej/Documents/Proyectos/ExamenDeGrado/C#/php/chirper/vendor/laravel/framework/src/Illuminate/Cache/DatabaseStore.php(142): Illuminate/Database/Query/Builder->get()
#13 D:/josej/Documents/Proyectos/ExamenDeGrado/C#/php/chirper/vendor/laravel/framework/src/Illuminate/Cache/Repository.php(167): Illuminate/Cache/DatabaseStore->many(Array)
#14 D:/josej/Documents/Proyectos/ExamenDeGrado/C#/php/chirper/vendor/laravel/framework/src/Illuminate/Queue/QueueManager.php(335): Illuminate/Cache/Repository->many(Array)
#15 D:/josej/Documents/Proyectos/ExamenDeGrado/C#/php/chirper/vendor/laravel/framework/src/Illuminate/Queue/Worker.php(489): Illuminate/Queue/QueueManager->getPausedQueues('database', Array)
#16 D:/josej/Documents/Proyectos/ExamenDeGrado/C#/php/chirper/vendor/laravel/framework/src/Illuminate/Queue/Worker.php(450): Illuminate/Queue/Worker->getPausedQueues('database', Array)
#17 D:/josej/Documents/Proyectos/ExamenDeGrado/C#/php/chirper/vendor/laravel/framework/src/Illuminate/Queue/Worker.php(410): Illuminate/Queue/Worker->getNextJob(Object(Illuminate/Queue/DatabaseQueue), 'default')
#18 D:/josej/Documents/Proyectos/ExamenDeGrado/C#/php/chirper/vendor/laravel/framework/src/Illuminate/Queue/Console/WorkCommand.php(149): Illuminate/Queue/Worker->runNextJob('database', 'default', Object(Illuminate/Queue/WorkerOptions))
#19 D:/josej/Documents/Proyectos/ExamenDeGrado/C#/php/chirper/vendor/laravel/framework/src/Illuminate/Queue/Console/WorkCommand.php(132): Illuminate/Queue/Console/WorkCommand->runWorker('database', 'default')
#20 D:/josej/Documents/Proyectos/ExamenDeGrado/C#/php/chirper/vendor/laravel/framework/src/Illuminate/Container/BoundMethod.php(36): Illuminate/Queue/Console/WorkCommand->handle()
#21 D:/josej/Documents/Proyectos/ExamenDeGrado/C#/php/chirper/vendor/laravel/framework/src/Illuminate/Container/Util.php(43): Illuminate/Container/BoundMethod::{closure:Illuminate/Container/BoundMethod::call():35}()
#22 D:/josej/Documents/Proyectos/ExamenDeGrado/C#/php/chirper/vendor/laravel/framework/src/Illuminate/Container/BoundMethod.php(96): Illuminate/Container/Util::unwrapIfClosure(Object(Closure))
#23 D:/josej/Documents/Proyectos/ExamenDeGrado/C#/php/chirper/vendor/laravel/framework/src/Illuminate/Container/BoundMethod.php(35): Illuminate/Container/BoundMethod::callBoundMethod(Object(Illuminate/Foundation/Application), Array, Object(Closure))
#24 D:/josej/Documents/Proyectos/ExamenDeGrado/C#/php/chirper/vendor/laravel/framework/src/Illuminate/Container/Container.php(801): Illuminate/Container/BoundMethod::call(Object(Illuminate/Foundation/Application), Array, Array, NULL)
#25 D:/josej/Documents/Proyectos/ExamenDeGrado/C#/php/chirper/vendor/laravel/framework/src/Illuminate/Console/Command.php(292): Illuminate/Container/Container->call(Array)
#26 D:/josej/Documents/Proyectos/ExamenDeGrado/C#/php/chirper/vendor/symfony/console/Command/Command.php(284): Illuminate/Console/Command->execute(Object(Symfony/Component/Console/Input/ArgvInput), Object(Illuminate/Console/OutputStyle))
#27 D:/josej/Documents/Proyectos/ExamenDeGrado/C#/php/chirper/vendor/laravel/framework/src/Illuminate/Console/Command.php(261): Symfony/Component/Console/Command/Command->run(Object(Symfony/Component/Console/Input/ArgvInput), Object(Illuminate/Console/OutputStyle))
#28 D:/josej/Documents/Proyectos/ExamenDeGrado/C#/php/chirper/vendor/symfony/console/Application.php(1144): Illuminate/Console/Command->run(Object(Symfony/Component/Console/Input/ArgvInput), Object(Symfony/Component/Console/Output/ConsoleOutput))
#29 D:/josej/Documents/Proyectos/ExamenDeGrado/C#/php/chirper/vendor/symfony/console/Application.php(379): Symfony/Component/Console/Application->doRunCommand(Object(Illuminate/Queue/Console/WorkCommand), Object(Symfony/Component/Console/Input/ArgvInput), Object(Symfony/Component/Console/Output/ConsoleOutput))
#30 D:/josej/Documents/Proyectos/ExamenDeGrado/C#/php/chirper/vendor/symfony/console/Application.php(218): Symfony/Component/Console/Application->doRun(Object(Symfony/Component/Console/Input/ArgvInput), Object(Symfony/Component/Console/Output/ConsoleOutput))
#31 D:/josej/Documents/Proyectos/ExamenDeGrado/C#/php/chirper/vendor/laravel/framework/src/Illuminate/Foundation/Console/Kernel.php(198): Symfony/Component/Console/Application->run(Object(Symfony/Component/Console/Input/ArgvInput), Object(Symfony/Component/Console/Output/ConsoleOutput))
#32 D:/josej/Documents/Proyectos/ExamenDeGrado/C#/php/chirper/vendor/laravel/framework/src/Illuminate/Foundation/Application.php(1242): Illuminate/Foundation/Console/Kernel->handle(Object(Symfony/Component/Console/Input/ArgvInput), Object(Symfony/Component/Console/Output/ConsoleOutput))
#33 D:/josej/Documents/Proyectos/ExamenDeGrado/C#/php/chirper/artisan(16): Illuminate/Foundation/Application->handleCommand(Object(Symfony/Component/Console/Input/ArgvInput))
#34 {main}
"} 
[2026-08-15 03:05:18] local.ERROR: Database file at path [D:\josej\Documents\Proyectos\ExamenDeGrado\C#\php\chirper\database\database.sqlite] does not exist. Ensure this is an absolute path to the database. (Connection: sqlite, Database: D:\josej\Documents\Proyectos\ExamenDeGrado\C#\php\chirper\database\database.sqlite, SQL: select * from "cache" where "key" in (laravel-cache-illuminate:queues:paused, laravel-cache-illuminate:queue:paused:database:default)) {"exception":"[object] (Illuminate\\Database\\QueryException(code: 0): Database file at path [D:\\josej\\Documents\\Proyectos\\ExamenDeGrado\\C#\\php\\chirper\\database\\database.sqlite] does not exist. Ensure this is an absolute path to the database. (Connection: sqlite, Database: D:\\josej\\Documents\\Proyectos\\ExamenDeGrado\\C#\\php\\chirper\\database\\database.sqlite, SQL: select * from \"cache\" where \"key\" in (laravel-cache-illuminate:queues:paused, laravel-cache-illuminate:queue:paused:database:default)) at D:/josej/Documents/Proyectos/ExamenDeGrado/C#/php/chirper/vendor/laravel/framework/src/Illuminate/Database/Connection.php:857)
[stacktrace]
#0 D:/josej/Documents/Proyectos/ExamenDeGrado/C#/php/chirper/vendor/laravel/framework/src/Illuminate/Database/Connection.php(813): Illuminate/Database/Connection->runQueryCallback('select * from \"...', Array, Object(Closure))
#1 D:/josej/Documents/Proyectos/ExamenDeGrado/C#/php/chirper/vendor/laravel/framework/src/Illuminate/Database/Connection.php(426): Illuminate/Database/Connection->run('select * from \"...', Array, Object(Closure))
#2 D:/josej/Documents/Proyectos/ExamenDeGrado/C#/php/chirper/vendor/laravel/framework/src/Illuminate/Database/Query/Builder.php(3573): Illuminate/Database/Connection->select('select * from \"...', Array, true, Array)
#3 D:/josej/Documents/Proyectos/ExamenDeGrado/C#/php/chirper/vendor/laravel/framework/src/Illuminate/Database/Query/Builder.php(3557): Illuminate/Database/Query/Builder->runSelect()
#4 D:/josej/Documents/Proyectos/ExamenDeGrado/C#/php/chirper/vendor/laravel/framework/src/Illuminate/Cache/DatabaseStore.php(142): Illuminate/Database/Query/Builder->get()
#5 D:/josej/Documents/Proyectos/ExamenDeGrado/C#/php/chirper/vendor/laravel/framework/src/Illuminate/Cache/Repository.php(167): Illuminate/Cache/DatabaseStore->many(Array)
#6 D:/josej/Documents/Proyectos/ExamenDeGrado/C#/php/chirper/vendor/laravel/framework/src/Illuminate/Queue/QueueManager.php(335): Illuminate/Cache/Repository->many(Array)
#7 D:/josej/Documents/Proyectos/ExamenDeGrado/C#/php/chirper/vendor/laravel/framework/src/Illuminate/Queue/Worker.php(489): Illuminate/Queue/QueueManager->getPausedQueues('database', Array)
#8 D:/josej/Documents/Proyectos/ExamenDeGrado/C#/php/chirper/vendor/laravel/framework/src/Illuminate/Queue/Worker.php(450): Illuminate/Queue/Worker->getPausedQueues('database', Array)
#9 D:/josej/Documents/Proyectos/ExamenDeGrado/C#/php/chirper/vendor/laravel/framework/src/Illuminate/Queue/Worker.php(410): Illuminate/Queue/Worker->getNextJob(Object(Illuminate/Queue/DatabaseQueue), 'default')
#10 D:/josej/Documents/Proyectos/ExamenDeGrado/C#/php/chirper/vendor/laravel/framework/src/Illuminate/Queue/Console/WorkCommand.php(149): Illuminate/Queue/Worker->runNextJob('database', 'default', Object(Illuminate/Queue/WorkerOptions))
#11 D:/josej/Documents/Proyectos/ExamenDeGrado/C#/php/chirper/vendor/laravel/framework/src/Illuminate/Queue/Console/WorkCommand.php(132): Illuminate/Queue/Console/WorkCommand->runWorker('database', 'default')
#12 D:/josej/Documents/Proyectos/ExamenDeGrado/C#/php/chirper/vendor/laravel/framework/src/Illuminate/Container/BoundMethod.php(36): Illuminate/Queue/Console/WorkCommand->handle()
#13 D:/josej/Documents/Proyectos/ExamenDeGrado/C#/php/chirper/vendor/laravel/framework/src/Illuminate/Container/Util.php(43): Illuminate/Container/BoundMethod::{closure:Illuminate/Container/BoundMethod::call():35}()
#14 D:/josej/Documents/Proyectos/ExamenDeGrado/C#/php/chirper/vendor/laravel/framework/src/Illuminate/Container/BoundMethod.php(96): Illuminate/Container/Util::unwrapIfClosure(Object(Closure))
#15 D:/josej/Documents/Proyectos/ExamenDeGrado/C#/php/chirper/vendor/laravel/framework/src/Illuminate/Container/BoundMethod.php(35): Illuminate/Container/BoundMethod::callBoundMethod(Object(Illuminate/Foundation/Application), Array, Object(Closure))
#16 D:/josej/Documents/Proyectos/ExamenDeGrado/C#/php/chirper/vendor/laravel/framework/src/Illuminate/Container/Container.php(801): Illuminate/Container/BoundMethod::call(Object(Illuminate/Foundation/Application), Array, Array, NULL)
#17 D:/josej/Documents/Proyectos/ExamenDeGrado/C#/php/chirper/vendor/laravel/framework/src/Illuminate/Console/Command.php(292): Illuminate/Container/Container->call(Array)
#18 D:/josej/Documents/Proyectos/ExamenDeGrado/C#/php/chirper/vendor/symfony/console/Command/Command.php(284): Illuminate/Console/Command->execute(Object(Symfony/Component/Console/Input/ArgvInput), Object(Illuminate/Console/OutputStyle))
#19 D:/josej/Documents/Proyectos/ExamenDeGrado/C#/php/chirper/vendor/laravel/framework/src/Illuminate/Console/Command.php(261): Symfony/Component/Console/Command/Command->run(Object(Symfony/Component/Console/Input/ArgvInput), Object(Illuminate/Console/OutputStyle))
#20 D:/josej/Documents/Proyectos/ExamenDeGrado/C#/php/chirper/vendor/symfony/console/Application.php(1144): Illuminate/Console/Command->run(Object(Symfony/Component/Console/Input/ArgvInput), Object(Symfony/Component/Console/Output/ConsoleOutput))
#21 D:/josej/Documents/Proyectos/ExamenDeGrado/C#/php/chirper/vendor/symfony/console/Application.php(379): Symfony/Component/Console/Application->doRunCommand(Object(Illuminate/Queue/Console/WorkCommand), Object(Symfony/Component/Console/Input/ArgvInput), Object(Symfony/Component/Console/Output/ConsoleOutput))
#22 D:/josej/Documents/Proyectos/ExamenDeGrado/C#/php/chirper/vendor/symfony/console/Application.php(218): Symfony/Component/Console/Application->doRun(Object(Symfony/Component/Console/Input/ArgvInput), Object(Symfony/Component/Console/Output/ConsoleOutput))
#23 D:/josej/Documents/Proyectos/ExamenDeGrado/C#/php/chirper/vendor/laravel/framework/src/Illuminate/Foundation/Console/Kernel.php(198): Symfony/Component/Console/Application->run(Object(Symfony/Component/Console/Input/ArgvInput), Object(Symfony/Component/Console/Output/ConsoleOutput))
#24 D:/josej/Documents/Proyectos/ExamenDeGrado/C#/php/chirper/vendor/laravel/framework/src/Illuminate/Foundation/Application.php(1242): Illuminate/Foundation/Console/Kernel->handle(Object(Symfony/Component/Console/Input/ArgvInput), Object(Symfony/Component/Console/Output/ConsoleOutput))
#25 D:/josej/Documents/Proyectos/ExamenDeGrado/C#/php/chirper/artisan(16): Illuminate/Foundation/Application->handleCommand(Object(Symfony/Component/Console/Input/ArgvInput))
#26 {main}

[previous exception] [object] (Illuminate\\Database\\SQLiteDatabaseDoesNotExistException(code: 0): Database file at path [D:\\josej\\Documents\\Proyectos\\ExamenDeGrado\\C#\\php\\chirper\\database\\database.sqlite] does not exist. Ensure this is an absolute path to the database. at D:/josej/Documents/Proyectos/ExamenDeGrado/C#/php/chirper/vendor/laravel/framework/src/Illuminate/Database/Connectors/SQLiteConnector.php:61)
[stacktrace]
#0 D:/josej/Documents/Proyectos/ExamenDeGrado/C#/php/chirper/vendor/laravel/framework/src/Illuminate/Database/Connectors/SQLiteConnector.php(19): Illuminate/Database/Connectors/SQLiteConnector->parseDatabasePath(false)
#1 D:/josej/Documents/Proyectos/ExamenDeGrado/C#/php/chirper/vendor/laravel/framework/src/Illuminate/Database/Connectors/ConnectionFactory.php(259): Illuminate/Database/Connectors/SQLiteConnector->connect(Array)
#2 [internal function]: Illuminate/Database/Connectors/ConnectionFactory->{closure:Illuminate/Database/Connectors/ConnectionFactory::createPdoResolverWithoutHosts():259}()
#3 D:/josej/Documents/Proyectos/ExamenDeGrado/C#/php/chirper/vendor/laravel/framework/src/Illuminate/Database/Connection.php(1297): call_user_func(Object(Closure))
#4 D:/josej/Documents/Proyectos/ExamenDeGrado/C#/php/chirper/vendor/laravel/framework/src/Illuminate/Database/Connection.php(1335): Illuminate/Database/Connection->getPdo()
#5 D:/josej/Documents/Proyectos/ExamenDeGrado/C#/php/chirper/vendor/laravel/framework/src/Illuminate/Database/Connection.php(542): Illuminate/Database/Connection->getReadPdo()
#6 D:/josej/Documents/Proyectos/ExamenDeGrado/C#/php/chirper/vendor/laravel/framework/src/Illuminate/Database/Connection.php(435): Illuminate/Database/Connection->getPdoForSelect(true)
#7 D:/josej/Documents/Proyectos/ExamenDeGrado/C#/php/chirper/vendor/laravel/framework/src/Illuminate/Database/Connection.php(846): Illuminate/Database/Connection->{closure:Illuminate/Database/Connection::select():426}('select * from \"...', Array)
#8 D:/josej/Documents/Proyectos/ExamenDeGrado/C#/php/chirper/vendor/laravel/framework/src/Illuminate/Database/Connection.php(813): Illuminate/Database/Connection->runQueryCallback('select * from \"...', Array, Object(Closure))
#9 D:/josej/Documents/Proyectos/ExamenDeGrado/C#/php/chirper/vendor/laravel/framework/src/Illuminate/Database/Connection.php(426): Illuminate/Database/Connection->run('select * from \"...', Array, Object(Closure))
#10 D:/josej/Documents/Proyectos/ExamenDeGrado/C#/php/chirper/vendor/laravel/framework/src/Illuminate/Database/Query/Builder.php(3573): Illuminate/Database/Connection->select('select * from \"...', Array, true, Array)
#11 D:/josej/Documents/Proyectos/ExamenDeGrado/C#/php/chirper/vendor/laravel/framework/src/Illuminate/Database/Query/Builder.php(3557): Illuminate/Database/Query/Builder->runSelect()
#12 D:/josej/Documents/Proyectos/ExamenDeGrado/C#/php/chirper/vendor/laravel/framework/src/Illuminate/Cache/DatabaseStore.php(142): Illuminate/Database/Query/Builder->get()
#13 D:/josej/Documents/Proyectos/ExamenDeGrado/C#/php/chirper/vendor/laravel/framework/src/Illuminate/Cache/Repository.php(167): Illuminate/Cache/DatabaseStore->many(Array)
#14 D:/josej/Documents/Proyectos/ExamenDeGrado/C#/php/chirper/vendor/laravel/framework/src/Illuminate/Queue/QueueManager.php(335): Illuminate/Cache/Repository->many(Array)
#15 D:/josej/Documents/Proyectos/ExamenDeGrado/C#/php/chirper/vendor/laravel/framework/src/Illuminate/Queue/Worker.php(489): Illuminate/Queue/QueueManager->getPausedQueues('database', Array)
#16 D:/josej/Documents/Proyectos/ExamenDeGrado/C#/php/chirper/vendor/laravel/framework/src/Illuminate/Queue/Worker.php(450): Illuminate/Queue/Worker->getPausedQueues('database', Array)
#17 D:/josej/Documents/Proyectos/ExamenDeGrado/C#/php/chirper/vendor/laravel/framework/src/Illuminate/Queue/Worker.php(410): Illuminate/Queue/Worker->getNextJob(Object(Illuminate/Queue/DatabaseQueue), 'default')
#18 D:/josej/Documents/Proyectos/ExamenDeGrado/C#/php/chirper/vendor/laravel/framework/src/Illuminate/Queue/Console/WorkCommand.php(149): Illuminate/Queue/Worker->runNextJob('database', 'default', Object(Illuminate/Queue/WorkerOptions))
#19 D:/josej/Documents/Proyectos/ExamenDeGrado/C#/php/chirper/vendor/laravel/framework/src/Illuminate/Queue/Console/WorkCommand.php(132): Illuminate/Queue/Console/WorkCommand->runWorker('database', 'default')
#20 D:/josej/Documents/Proyectos/ExamenDeGrado/C#/php/chirper/vendor/laravel/framework/src/Illuminate/Container/BoundMethod.php(36): Illuminate/Queue/Console/WorkCommand->handle()
#21 D:/josej/Documents/Proyectos/ExamenDeGrado/C#/php/chirper/vendor/laravel/framework/src/Illuminate/Container/Util.php(43): Illuminate/Container/BoundMethod::{closure:Illuminate/Container/BoundMethod::call():35}()
#22 D:/josej/Documents/Proyectos/ExamenDeGrado/C#/php/chirper/vendor/laravel/framework/src/Illuminate/Container/BoundMethod.php(96): Illuminate/Container/Util::unwrapIfClosure(Object(Closure))
#23 D:/josej/Documents/Proyectos/ExamenDeGrado/C#/php/chirper/vendor/laravel/framework/src/Illuminate/Container/BoundMethod.php(35): Illuminate/Container/BoundMethod::callBoundMethod(Object(Illuminate/Foundation/Application), Array, Object(Closure))
#24 D:/josej/Documents/Proyectos/ExamenDeGrado/C#/php/chirper/vendor/laravel/framework/src/Illuminate/Container/Container.php(801): Illuminate/Container/BoundMethod::call(Object(Illuminate/Foundation/Application), Array, Array, NULL)
#25 D:/josej/Documents/Proyectos/ExamenDeGrado/C#/php/chirper/vendor/laravel/framework/src/Illuminate/Console/Command.php(292): Illuminate/Container/Container->call(Array)
#26 D:/josej/Documents/Proyectos/ExamenDeGrado/C#/php/chirper/vendor/symfony/console/Command/Command.php(284): Illuminate/Console/Command->execute(Object(Symfony/Component/Console/Input/ArgvInput), Object(Illuminate/Console/OutputStyle))
#27 D:/josej/Documents/Proyectos/ExamenDeGrado/C#/php/chirper/vendor/laravel/framework/src/Illuminate/Console/Command.php(261): Symfony/Component/Console/Command/Command->run(Object(Symfony/Component/Console/Input/ArgvInput), Object(Illuminate/Console/OutputStyle))
#28 D:/josej/Documents/Proyectos/ExamenDeGrado/C#/php/chirper/vendor/symfony/console/Application.php(1144): Illuminate/Console/Command->run(Object(Symfony/Component/Console/Input/ArgvInput), Object(Symfony/Component/Console/Output/ConsoleOutput))
#29 D:/josej/Documents/Proyectos/ExamenDeGrado/C#/php/chirper/vendor/symfony/console/Application.php(379): Symfony/Component/Console/Application->doRunCommand(Object(Illuminate/Queue/Console/WorkCommand), Object(Symfony/Component/Console/Input/ArgvInput), Object(Symfony/Component/Console/Output/ConsoleOutput))
#30 D:/josej/Documents/Proyectos/ExamenDeGrado/C#/php/chirper/vendor/symfony/console/Application.php(218): Symfony/Component/Console/Application->doRun(Object(Symfony/Component/Console/Input/ArgvInput), Object(Symfony/Component/Console/Output/ConsoleOutput))
#31 D:/josej/Documents/Proyectos/ExamenDeGrado/C#/php/chirper/vendor/laravel/framework/src/Illuminate/Foundation/Console/Kernel.php(198): Symfony/Component/Console/Application->run(Object(Symfony/Component/Console/Input/ArgvInput), Object(Symfony/Component/Console/Output/ConsoleOutput))
#32 D:/josej/Documents/Proyectos/ExamenDeGrado/C#/php/chirper/vendor/laravel/framework/src/Illuminate/Foundation/Application.php(1242): Illuminate/Foundation/Console/Kernel->handle(Object(Symfony/Component/Console/Input/ArgvInput), Object(Symfony/Component/Console/Output/ConsoleOutput))
#33 D:/josej/Documents/Proyectos/ExamenDeGrado/C#/php/chirper/artisan(16): Illuminate/Foundation/Application->handleCommand(Object(Symfony/Component/Console/Input/ArgvInput))
#34 {main}
"} 
[2026-08-15 03:05:23] local.ERROR: Database file at path [D:\josej\Documents\Proyectos\ExamenDeGrado\C#\php\chirper\database\database.sqlite] does not exist. Ensure this is an absolute path to the database. (Connection: sqlite, Database: D:\josej\Documents\Proyectos\ExamenDeGrado\C#\php\chirper\database\database.sqlite, SQL: select * from "cache" where "key" in (laravel-cache-illuminate:queues:paused, laravel-cache-illuminate:queue:paused:database:default)) {"exception":"[object] (Illuminate\\Database\\QueryException(code: 0): Database file at path [D:\\josej\\Documents\\Proyectos\\ExamenDeGrado\\C#\\php\\chirper\\database\\database.sqlite] does not exist. Ensure this is an absolute path to the database. (Connection: sqlite, Database: D:\\josej\\Documents\\Proyectos\\ExamenDeGrado\\C#\\php\\chirper\\database\\database.sqlite, SQL: select * from \"cache\" where \"key\" in (laravel-cache-illuminate:queues:paused, laravel-cache-illuminate:queue:paused:database:default)) at D:/josej/Documents/Proyectos/ExamenDeGrado/C#/php/chirper/vendor/laravel/framework/src/Illuminate/Database/Connection.php:857)
[stacktrace]
#0 D:/josej/Documents/Proyectos/ExamenDeGrado/C#/php/chirper/vendor/laravel/framework/src/Illuminate/Database/Connection.php(813): Illuminate/Database/Connection->runQueryCallback('select * from \"...', Array, Object(Closure))
#1 D:/josej/Documents/Proyectos/ExamenDeGrado/C#/php/chirper/vendor/laravel/framework/src/Illuminate/Database/Connection.php(426): Illuminate/Database/Connection->run('select * from \"...', Array, Object(Closure))
#2 D:/josej/Documents/Proyectos/ExamenDeGrado/C#/php/chirper/vendor/laravel/framework/src/Illuminate/Database/Query/Builder.php(3573): Illuminate/Database/Connection->select('select * from \"...', Array, true, Array)
#3 D:/josej/Documents/Proyectos/ExamenDeGrado/C#/php/chirper/vendor/laravel/framework/src/Illuminate/Database/Query/Builder.php(3557): Illuminate/Database/Query/Builder->runSelect()
#4 D:/josej/Documents/Proyectos/ExamenDeGrado/C#/php/chirper/vendor/laravel/framework/src/Illuminate/Cache/DatabaseStore.php(142): Illuminate/Database/Query/Builder->get()
#5 D:/josej/Documents/Proyectos/ExamenDeGrado/C#/php/chirper/vendor/laravel/framework/src/Illuminate/Cache/Repository.php(167): Illuminate/Cache/DatabaseStore->many(Array)
#6 D:/josej/Documents/Proyectos/ExamenDeGrado/C#/php/chirper/vendor/laravel/framework/src/Illuminate/Queue/QueueManager.php(335): Illuminate/Cache/Repository->many(Array)
#7 D:/josej/Documents/Proyectos/ExamenDeGrado/C#/php/chirper/vendor/laravel/framework/src/Illuminate/Queue/Worker.php(489): Illuminate/Queue/QueueManager->getPausedQueues('database', Array)
#8 D:/josej/Documents/Proyectos/ExamenDeGrado/C#/php/chirper/vendor/laravel/framework/src/Illuminate/Queue/Worker.php(450): Illuminate/Queue/Worker->getPausedQueues('database', Array)
#9 D:/josej/Documents/Proyectos/ExamenDeGrado/C#/php/chirper/vendor/laravel/framework/src/Illuminate/Queue/Worker.php(410): Illuminate/Queue/Worker->getNextJob(Object(Illuminate/Queue/DatabaseQueue), 'default')
#10 D:/josej/Documents/Proyectos/ExamenDeGrado/C#/php/chirper/vendor/laravel/framework/src/Illuminate/Queue/Console/WorkCommand.php(149): Illuminate/Queue/Worker->runNextJob('database', 'default', Object(Illuminate/Queue/WorkerOptions))
#11 D:/josej/Documents/Proyectos/ExamenDeGrado/C#/php/chirper/vendor/laravel/framework/src/Illuminate/Queue/Console/WorkCommand.php(132): Illuminate/Queue/Console/WorkCommand->runWorker('database', 'default')
#12 D:/josej/Documents/Proyectos/ExamenDeGrado/C#/php/chirper/vendor/laravel/framework/src/Illuminate/Container/BoundMethod.php(36): Illuminate/Queue/Console/WorkCommand->handle()
#13 D:/josej/Documents/Proyectos/ExamenDeGrado/C#/php/chirper/vendor/laravel/framework/src/Illuminate/Container/Util.php(43): Illuminate/Container/BoundMethod::{closure:Illuminate/Container/BoundMethod::call():35}()
#14 D:/josej/Documents/Proyectos/ExamenDeGrado/C#/php/chirper/vendor/laravel/framework/src/Illuminate/Container/BoundMethod.php(96): Illuminate/Container/Util::unwrapIfClosure(Object(Closure))
#15 D:/josej/Documents/Proyectos/ExamenDeGrado/C#/php/chirper/vendor/laravel/framework/src/Illuminate/Container/BoundMethod.php(35): Illuminate/Container/BoundMethod::callBoundMethod(Object(Illuminate/Foundation/Application), Array, Object(Closure))
#16 D:/josej/Documents/Proyectos/ExamenDeGrado/C#/php/chirper/vendor/laravel/framework/src/Illuminate/Container/Container.php(801): Illuminate/Container/BoundMethod::call(Object(Illuminate/Foundation/Application), Array, Array, NULL)
#17 D:/josej/Documents/Proyectos/ExamenDeGrado/C#/php/chirper/vendor/laravel/framework/src/Illuminate/Console/Command.php(292): Illuminate/Container/Container->call(Array)
#18 D:/josej/Documents/Proyectos/ExamenDeGrado/C#/php/chirper/vendor/symfony/console/Command/Command.php(284): Illuminate/Console/Command->execute(Object(Symfony/Component/Console/Input/ArgvInput), Object(Illuminate/Console/OutputStyle))
#19 D:/josej/Documents/Proyectos/ExamenDeGrado/C#/php/chirper/vendor/laravel/framework/src/Illuminate/Console/Command.php(261): Symfony/Component/Console/Command/Command->run(Object(Symfony/Component/Console/Input/ArgvInput), Object(Illuminate/Console/OutputStyle))
#20 D:/josej/Documents/Proyectos/ExamenDeGrado/C#/php/chirper/vendor/symfony/console/Application.php(1144): Illuminate/Console/Command->run(Object(Symfony/Component/Console/Input/ArgvInput), Object(Symfony/Component/Console/Output/ConsoleOutput))
#21 D:/josej/Documents/Proyectos/ExamenDeGrado/C#/php/chirper/vendor/symfony/console/Application.php(379): Symfony/Component/Console/Application->doRunCommand(Object(Illuminate/Queue/Console/WorkCommand), Object(Symfony/Component/Console/Input/ArgvInput), Object(Symfony/Component/Console/Output/ConsoleOutput))
#22 D:/josej/Documents/Proyectos/ExamenDeGrado/C#/php/chirper/vendor/symfony/console/Application.php(218): Symfony/Component/Console/Application->doRun(Object(Symfony/Component/Console/Input/ArgvInput), Object(Symfony/Component/Console/Output/ConsoleOutput))
#23 D:/josej/Documents/Proyectos/ExamenDeGrado/C#/php/chirper/vendor/laravel/framework/src/Illuminate/Foundation/Console/Kernel.php(198): Symfony/Component/Console/Application->run(Object(Symfony/Component/Console/Input/ArgvInput), Object(Symfony/Component/Console/Output/ConsoleOutput))
#24 D:/josej/Documents/Proyectos/ExamenDeGrado/C#/php/chirper/vendor/laravel/framework/src/Illuminate/Foundation/Application.php(1242): Illuminate/Foundation/Console/Kernel->handle(Object(Symfony/Component/Console/Input/ArgvInput), Object(Symfony/Component/Console/Output/ConsoleOutput))
#25 D:/josej/Documents/Proyectos/ExamenDeGrado/C#/php/chirper/artisan(16): Illuminate/Foundation/Application->handleCommand(Object(Symfony/Component/Console/Input/ArgvInput))
#26 {main}

[previous exception] [object] (Illuminate\\Database\\SQLiteDatabaseDoesNotExistException(code: 0): Database file at path [D:\\josej\\Documents\\Proyectos\\ExamenDeGrado\\C#\\php\\chirper\\database\\database.sqlite] does not exist. Ensure this is an absolute path to the database. at D:/josej/Documents/Proyectos/ExamenDeGrado/C#/php/chirper/vendor/laravel/framework/src/Illuminate/Database/Connectors/SQLiteConnector.php:61)
[stacktrace]
#0 D:/josej/Documents/Proyectos/ExamenDeGrado/C#/php/chirper/vendor/laravel/framework/src/Illuminate/Database/Connectors/SQLiteConnector.php(19): Illuminate/Database/Connectors/SQLiteConnector->parseDatabasePath(false)
#1 D:/josej/Documents/Proyectos/ExamenDeGrado/C#/php/chirper/vendor/laravel/framework/src/Illuminate/Database/Connectors/ConnectionFactory.php(259): Illuminate/Database/Connectors/SQLiteConnector->connect(Array)
#2 [internal function]: Illuminate/Database/Connectors/ConnectionFactory->{closure:Illuminate/Database/Connectors/ConnectionFactory::createPdoResolverWithoutHosts():259}()
#3 D:/josej/Documents/Proyectos/ExamenDeGrado/C#/php/chirper/vendor/laravel/framework/src/Illuminate/Database/Connection.php(1297): call_user_func(Object(Closure))
#4 D:/josej/Documents/Proyectos/ExamenDeGrado/C#/php/chirper/vendor/laravel/framework/src/Illuminate/Database/Connection.php(1335): Illuminate/Database/Connection->getPdo()
#5 D:/josej/Documents/Proyectos/ExamenDeGrado/C#/php/chirper/vendor/laravel/framework/src/Illuminate/Database/Connection.php(542): Illuminate/Database/Connection->getReadPdo()
#6 D:/josej/Documents/Proyectos/ExamenDeGrado/C#/php/chirper/vendor/laravel/framework/src/Illuminate/Database/Connection.php(435): Illuminate/Database/Connection->getPdoForSelect(true)
#7 D:/josej/Documents/Proyectos/ExamenDeGrado/C#/php/chirper/vendor/laravel/framework/src/Illuminate/Database/Connection.php(846): Illuminate/Database/Connection->{closure:Illuminate/Database/Connection::select():426}('select * from \"...', Array)
#8 D:/josej/Documents/Proyectos/ExamenDeGrado/C#/php/chirper/vendor/laravel/framework/src/Illuminate/Database/Connection.php(813): Illuminate/Database/Connection->runQueryCallback('select * from \"...', Array, Object(Closure))
#9 D:/josej/Documents/Proyectos/ExamenDeGrado/C#/php/chirper/vendor/laravel/framework/src/Illuminate/Database/Connection.php(426): Illuminate/Database/Connection->run('select * from \"...', Array, Object(Closure))
#10 D:/josej/Documents/Proyectos/ExamenDeGrado/C#/php/chirper/vendor/laravel/framework/src/Illuminate/Database/Query/Builder.php(3573): Illuminate/Database/Connection->select('select * from \"...', Array, true, Array)
#11 D:/josej/Documents/Proyectos/ExamenDeGrado/C#/php/chirper/vendor/laravel/framework/src/Illuminate/Database/Query/Builder.php(3557): Illuminate/Database/Query/Builder->runSelect()
#12 D:/josej/Documents/Proyectos/ExamenDeGrado/C#/php/chirper/vendor/laravel/framework/src/Illuminate/Cache/DatabaseStore.php(142): Illuminate/Database/Query/Builder->get()
#13 D:/josej/Documents/Proyectos/ExamenDeGrado/C#/php/chirper/vendor/laravel/framework/src/Illuminate/Cache/Repository.php(167): Illuminate/Cache/DatabaseStore->many(Array)
#14 D:/josej/Documents/Proyectos/ExamenDeGrado/C#/php/chirper/vendor/laravel/framework/src/Illuminate/Queue/QueueManager.php(335): Illuminate/Cache/Repository->many(Array)
#15 D:/josej/Documents/Proyectos/ExamenDeGrado/C#/php/chirper/vendor/laravel/framework/src/Illuminate/Queue/Worker.php(489): Illuminate/Queue/QueueManager->getPausedQueues('database', Array)
#16 D:/josej/Documents/Proyectos/ExamenDeGrado/C#/php/chirper/vendor/laravel/framework/src/Illuminate/Queue/Worker.php(450): Illuminate/Queue/Worker->getPausedQueues('database', Array)
#17 D:/josej/Documents/Proyectos/ExamenDeGrado/C#/php/chirper/vendor/laravel/framework/src/Illuminate/Queue/Worker.php(410): Illuminate/Queue/Worker->getNextJob(Object(Illuminate/Queue/DatabaseQueue), 'default')
#18 D:/josej/Documents/Proyectos/ExamenDeGrado/C#/php/chirper/vendor/laravel/framework/src/Illuminate/Queue/Console/WorkCommand.php(149): Illuminate/Queue/Worker->runNextJob('database', 'default', Object(Illuminate/Queue/WorkerOptions))
#19 D:/josej/Documents/Proyectos/ExamenDeGrado/C#/php/chirper/vendor/laravel/framework/src/Illuminate/Queue/Console/WorkCommand.php(132): Illuminate/Queue/Console/WorkCommand->runWorker('database', 'default')
#20 D:/josej/Documents/Proyectos/ExamenDeGrado/C#/php/chirper/vendor/laravel/framework/src/Illuminate/Container/BoundMethod.php(36): Illuminate/Queue/Console/WorkCommand->handle()
#21 D:/josej/Documents/Proyectos/ExamenDeGrado/C#/php/chirper/vendor/laravel/framework/src/Illuminate/Container/Util.php(43): Illuminate/Container/BoundMethod::{closure:Illuminate/Container/BoundMethod::call():35}()
#22 D:/josej/Documents/Proyectos/ExamenDeGrado/C#/php/chirper/vendor/laravel/framework/src/Illuminate/Container/BoundMethod.php(96): Illuminate/Container/Util::unwrapIfClosure(Object(Closure))
#23 D:/josej/Documents/Proyectos/ExamenDeGrado/C#/php/chirper/vendor/laravel/framework/src/Illuminate/Container/BoundMethod.php(35): Illuminate/Container/BoundMethod::callBoundMethod(Object(Illuminate/Foundation/Application), Array, Object(Closure))
#24 D:/josej/Documents/Proyectos/ExamenDeGrado/C#/php/chirper/vendor/laravel/framework/src/Illuminate/Container/Container.php(801): Illuminate/Container/BoundMethod::call(Object(Illuminate/Foundation/Application), Array, Array, NULL)
#25 D:/josej/Documents/Proyectos/ExamenDeGrado/C#/php/chirper/vendor/laravel/framework/src/Illuminate/Console/Command.php(292): Illuminate/Container/Container->call(Array)
#26 D:/josej/Documents/Proyectos/ExamenDeGrado/C#/php/chirper/vendor/symfony/console/Command/Command.php(284): Illuminate/Console/Command->execute(Object(Symfony/Component/Console/Input/ArgvInput), Object(Illuminate/Console/OutputStyle))
#27 D:/josej/Documents/Proyectos/ExamenDeGrado/C#/php/chirper/vendor/laravel/framework/src/Illuminate/Console/Command.php(261): Symfony/Component/Console/Command/Command->run(Object(Symfony/Component/Console/Input/ArgvInput), Object(Illuminate/Console/OutputStyle))
#28 D:/josej/Documents/Proyectos/ExamenDeGrado/C#/php/chirper/vendor/symfony/console/Application.php(1144): Illuminate/Console/Command->run(Object(Symfony/Component/Console/Input/ArgvInput), Object(Symfony/Component/Console/Output/ConsoleOutput))
#29 D:/josej/Documents/Proyectos/ExamenDeGrado/C#/php/chirper/vendor/symfony/console/Application.php(379): Symfony/Component/Console/Application->doRunCommand(Object(Illuminate/Queue/Console/WorkCommand), Object(Symfony/Component/Console/Input/ArgvInput), Object(Symfony/Component/Console/Output/ConsoleOutput))
#30 D:/josej/Documents/Proyectos/ExamenDeGrado/C#/php/chirper/vendor/symfony/console/Application.php(218): Symfony/Component/Console/Application->doRun(Object(Symfony/Component/Console/Input/ArgvInput), Object(Symfony/Component/Console/Output/ConsoleOutput))
#31 D:/josej/Documents/Proyectos/ExamenDeGrado/C#/php/chirper/vendor/laravel/framework/src/Illuminate/Foundation/Console/Kernel.php(198): Symfony/Component/Console/Application->run(Object(Symfony/Component/Console/Input/ArgvInput), Object(Symfony/Component/Console/Output/ConsoleOutput))
#32 D:/josej/Documents/Proyectos/ExamenDeGrado/C#/php/chirper/vendor/laravel/framework/src/Illuminate/Foundation/Application.php(1242): Illuminate/Foundation/Console/Kernel->handle(Object(Symfony/Component/Console/Input/ArgvInput), Object(Symfony/Component/Console/Output/ConsoleOutput))
#33 D:/josej/Documents/Proyectos/ExamenDeGrado/C#/php/chirper/artisan(16): Illuminate/Foundation/Application->handleCommand(Object(Symfony/Component/Console/Input/ArgvInput))
#34 {main}
"} 
[2026-08-15 03:05:28] local.ERROR: Database file at path [D:\josej\Documents\Proyectos\ExamenDeGrado\C#\php\chirper\database\database.sqlite] does not exist. Ensure this is an absolute path to the database. (Connection: sqlite, Database: D:\josej\Documents\Proyectos\ExamenDeGrado\C#\php\chirper\database\database.sqlite, SQL: select * from "cache" where "key" in (laravel-cache-illuminate:queues:paused, laravel-cache-illuminate:queue:paused:database:default)) {"exception":"[object] (Illuminate\\Database\\QueryException(code: 0): Database file at path [D:\\josej\\Documents\\Proyectos\\ExamenDeGrado\\C#\\php\\chirper\\database\\database.sqlite] does not exist. Ensure this is an absolute path to the database. (Connection: sqlite, Database: D:\\josej\\Documents\\Proyectos\\ExamenDeGrado\\C#\\php\\chirper\\database\\database.sqlite, SQL: select * from \"cache\" where \"key\" in (laravel-cache-illuminate:queues:paused, laravel-cache-illuminate:queue:paused:database:default)) at D:/josej/Documents/Proyectos/ExamenDeGrado/C#/php/chirper/vendor/laravel/framework/src/Illuminate/Database/Connection.php:857)
[stacktrace]
#0 D:/josej/Documents/Proyectos/ExamenDeGrado/C#/php/chirper/vendor/laravel/framework/src/Illuminate/Database/Connection.php(813): Illuminate/Database/Connection->runQueryCallback('select * from \"...', Array, Object(Closure))
#1 D:/josej/Documents/Proyectos/ExamenDeGrado/C#/php/chirper/vendor/laravel/framework/src/Illuminate/Database/Connection.php(426): Illuminate/Database/Connection->run('select * from \"...', Array, Object(Closure))
#2 D:/josej/Documents/Proyectos/ExamenDeGrado/C#/php/chirper/vendor/laravel/framework/src/Illuminate/Database/Query/Builder.php(3573): Illuminate/Database/Connection->select('select * from \"...', Array, true, Array)
#3 D:/josej/Documents/Proyectos/ExamenDeGrado/C#/php/chirper/vendor/laravel/framework/src/Illuminate/Database/Query/Builder.php(3557): Illuminate/Database/Query/Builder->runSelect()
#4 D:/josej/Documents/Proyectos/ExamenDeGrado/C#/php/chirper/vendor/laravel/framework/src/Illuminate/Cache/DatabaseStore.php(142): Illuminate/Database/Query/Builder->get()
#5 D:/josej/Documents/Proyectos/ExamenDeGrado/C#/php/chirper/vendor/laravel/framework/src/Illuminate/Cache/Repository.php(167): Illuminate/Cache/DatabaseStore->many(Array)
#6 D:/josej/Documents/Proyectos/ExamenDeGrado/C#/php/chirper/vendor/laravel/framework/src/Illuminate/Queue/QueueManager.php(335): Illuminate/Cache/Repository->many(Array)
#7 D:/josej/Documents/Proyectos/ExamenDeGrado/C#/php/chirper/vendor/laravel/framework/src/Illuminate/Queue/Worker.php(489): Illuminate/Queue/QueueManager->getPausedQueues('database', Array)
#8 D:/josej/Documents/Proyectos/ExamenDeGrado/C#/php/chirper/vendor/laravel/framework/src/Illuminate/Queue/Worker.php(450): Illuminate/Queue/Worker->getPausedQueues('database', Array)
#9 D:/josej/Documents/Proyectos/ExamenDeGrado/C#/php/chirper/vendor/laravel/framework/src/Illuminate/Queue/Worker.php(410): Illuminate/Queue/Worker->getNextJob(Object(Illuminate/Queue/DatabaseQueue), 'default')
#10 D:/josej/Documents/Proyectos/ExamenDeGrado/C#/php/chirper/vendor/laravel/framework/src/Illuminate/Queue/Console/WorkCommand.php(149): Illuminate/Queue/Worker->runNextJob('database', 'default', Object(Illuminate/Queue/WorkerOptions))
#11 D:/josej/Documents/Proyectos/ExamenDeGrado/C#/php/chirper/vendor/laravel/framework/src/Illuminate/Queue/Console/WorkCommand.php(132): Illuminate/Queue/Console/WorkCommand->runWorker('database', 'default')
#12 D:/josej/Documents/Proyectos/ExamenDeGrado/C#/php/chirper/vendor/laravel/framework/src/Illuminate/Container/BoundMethod.php(36): Illuminate/Queue/Console/WorkCommand->handle()
#13 D:/josej/Documents/Proyectos/ExamenDeGrado/C#/php/chirper/vendor/laravel/framework/src/Illuminate/Container/Util.php(43): Illuminate/Container/BoundMethod::{closure:Illuminate/Container/BoundMethod::call():35}()
#14 D:/josej/Documents/Proyectos/ExamenDeGrado/C#/php/chirper/vendor/laravel/framework/src/Illuminate/Container/BoundMethod.php(96): Illuminate/Container/Util::unwrapIfClosure(Object(Closure))
#15 D:/josej/Documents/Proyectos/ExamenDeGrado/C#/php/chirper/vendor/laravel/framework/src/Illuminate/Container/BoundMethod.php(35): Illuminate/Container/BoundMethod::callBoundMethod(Object(Illuminate/Foundation/Application), Array, Object(Closure))
#16 D:/josej/Documents/Proyectos/ExamenDeGrado/C#/php/chirper/vendor/laravel/framework/src/Illuminate/Container/Container.php(801): Illuminate/Container/BoundMethod::call(Object(Illuminate/Foundation/Application), Array, Array, NULL)
#17 D:/josej/Documents/Proyectos/ExamenDeGrado/C#/php/chirper/vendor/laravel/framework/src/Illuminate/Console/Command.php(292): Illuminate/Container/Container->call(Array)
#18 D:/josej/Documents/Proyectos/ExamenDeGrado/C#/php/chirper/vendor/symfony/console/Command/Command.php(284): Illuminate/Console/Command->execute(Object(Symfony/Component/Console/Input/ArgvInput), Object(Illuminate/Console/OutputStyle))
#19 D:/josej/Documents/Proyectos/ExamenDeGrado/C#/php/chirper/vendor/laravel/framework/src/Illuminate/Console/Command.php(261): Symfony/Component/Console/Command/Command->run(Object(Symfony/Component/Console/Input/ArgvInput), Object(Illuminate/Console/OutputStyle))
#20 D:/josej/Documents/Proyectos/ExamenDeGrado/C#/php/chirper/vendor/symfony/console/Application.php(1144): Illuminate/Console/Command->run(Object(Symfony/Component/Console/Input/ArgvInput), Object(Symfony/Component/Console/Output/ConsoleOutput))
#21 D:/josej/Documents/Proyectos/ExamenDeGrado/C#/php/chirper/vendor/symfony/console/Application.php(379): Symfony/Component/Console/Application->doRunCommand(Object(Illuminate/Queue/Console/WorkCommand), Object(Symfony/Component/Console/Input/ArgvInput), Object(Symfony/Component/Console/Output/ConsoleOutput))
#22 D:/josej/Documents/Proyectos/ExamenDeGrado/C#/php/chirper/vendor/symfony/console/Application.php(218): Symfony/Component/Console/Application->doRun(Object(Symfony/Component/Console/Input/ArgvInput), Object(Symfony/Component/Console/Output/ConsoleOutput))
#23 D:/josej/Documents/Proyectos/ExamenDeGrado/C#/php/chirper/vendor/laravel/framework/src/Illuminate/Foundation/Console/Kernel.php(198): Symfony/Component/Console/Application->run(Object(Symfony/Component/Console/Input/ArgvInput), Object(Symfony/Component/Console/Output/ConsoleOutput))
#24 D:/josej/Documents/Proyectos/ExamenDeGrado/C#/php/chirper/vendor/laravel/framework/src/Illuminate/Foundation/Application.php(1242): Illuminate/Foundation/Console/Kernel->handle(Object(Symfony/Component/Console/Input/ArgvInput), Object(Symfony/Component/Console/Output/ConsoleOutput))
#25 D:/josej/Documents/Proyectos/ExamenDeGrado/C#/php/chirper/artisan(16): Illuminate/Foundation/Application->handleCommand(Object(Symfony/Component/Console/Input/ArgvInput))
#26 {main}

[previous exception] [object] (Illuminate\\Database\\SQLiteDatabaseDoesNotExistException(code: 0): Database file at path [D:\\josej\\Documents\\Proyectos\\ExamenDeGrado\\C#\\php\\chirper\\database\\database.sqlite] does not exist. Ensure this is an absolute path to the database. at D:/josej/Documents/Proyectos/ExamenDeGrado/C#/php/chirper/vendor/laravel/framework/src/Illuminate/Database/Connectors/SQLiteConnector.php:61)
[stacktrace]
#0 D:/josej/Documents/Proyectos/ExamenDeGrado/C#/php/chirper/vendor/laravel/framework/src/Illuminate/Database/Connectors/SQLiteConnector.php(19): Illuminate/Database/Connectors/SQLiteConnector->parseDatabasePath(false)
#1 D:/josej/Documents/Proyectos/ExamenDeGrado/C#/php/chirper/vendor/laravel/framework/src/Illuminate/Database/Connectors/ConnectionFactory.php(259): Illuminate/Database/Connectors/SQLiteConnector->connect(Array)
#2 [internal function]: Illuminate/Database/Connectors/ConnectionFactory->{closure:Illuminate/Database/Connectors/ConnectionFactory::createPdoResolverWithoutHosts():259}()
#3 D:/josej/Documents/Proyectos/ExamenDeGrado/C#/php/chirper/vendor/laravel/framework/src/Illuminate/Database/Connection.php(1297): call_user_func(Object(Closure))
#4 D:/josej/Documents/Proyectos/ExamenDeGrado/C#/php/chirper/vendor/laravel/framework/src/Illuminate/Database/Connection.php(1335): Illuminate/Database/Connection->getPdo()
#5 D:/josej/Documents/Proyectos/ExamenDeGrado/C#/php/chirper/vendor/laravel/framework/src/Illuminate/Database/Connection.php(542): Illuminate/Database/Connection->getReadPdo()
#6 D:/josej/Documents/Proyectos/ExamenDeGrado/C#/php/chirper/vendor/laravel/framework/src/Illuminate/Database/Connection.php(435): Illuminate/Database/Connection->getPdoForSelect(true)
#7 D:/josej/Documents/Proyectos/ExamenDeGrado/C#/php/chirper/vendor/laravel/framework/src/Illuminate/Database/Connection.php(846): Illuminate/Database/Connection->{closure:Illuminate/Database/Connection::select():426}('select * from \"...', Array)
#8 D:/josej/Documents/Proyectos/ExamenDeGrado/C#/php/chirper/vendor/laravel/framework/src/Illuminate/Database/Connection.php(813): Illuminate/Database/Connection->runQueryCallback('select * from \"...', Array, Object(Closure))
#9 D:/josej/Documents/Proyectos/ExamenDeGrado/C#/php/chirper/vendor/laravel/framework/src/Illuminate/Database/Connection.php(426): Illuminate/Database/Connection->run('select * from \"...', Array, Object(Closure))
#10 D:/josej/Documents/Proyectos/ExamenDeGrado/C#/php/chirper/vendor/laravel/framework/src/Illuminate/Database/Query/Builder.php(3573): Illuminate/Database/Connection->select('select * from \"...', Array, true, Array)
#11 D:/josej/Documents/Proyectos/ExamenDeGrado/C#/php/chirper/vendor/laravel/framework/src/Illuminate/Database/Query/Builder.php(3557): Illuminate/Database/Query/Builder->runSelect()
#12 D:/josej/Documents/Proyectos/ExamenDeGrado/C#/php/chirper/vendor/laravel/framework/src/Illuminate/Cache/DatabaseStore.php(142): Illuminate/Database/Query/Builder->get()
#13 D:/josej/Documents/Proyectos/ExamenDeGrado/C#/php/chirper/vendor/laravel/framework/src/Illuminate/Cache/Repository.php(167): Illuminate/Cache/DatabaseStore->many(Array)
#14 D:/josej/Documents/Proyectos/ExamenDeGrado/C#/php/chirper/vendor/laravel/framework/src/Illuminate/Queue/QueueManager.php(335): Illuminate/Cache/Repository->many(Array)
#15 D:/josej/Documents/Proyectos/ExamenDeGrado/C#/php/chirper/vendor/laravel/framework/src/Illuminate/Queue/Worker.php(489): Illuminate/Queue/QueueManager->getPausedQueues('database', Array)
#16 D:/josej/Documents/Proyectos/ExamenDeGrado/C#/php/chirper/vendor/laravel/framework/src/Illuminate/Queue/Worker.php(450): Illuminate/Queue/Worker->getPausedQueues('database', Array)
#17 D:/josej/Documents/Proyectos/ExamenDeGrado/C#/php/chirper/vendor/laravel/framework/src/Illuminate/Queue/Worker.php(410): Illuminate/Queue/Worker->getNextJob(Object(Illuminate/Queue/DatabaseQueue), 'default')
#18 D:/josej/Documents/Proyectos/ExamenDeGrado/C#/php/chirper/vendor/laravel/framework/src/Illuminate/Queue/Console/WorkCommand.php(149): Illuminate/Queue/Worker->runNextJob('database', 'default', Object(Illuminate/Queue/WorkerOptions))
#19 D:/josej/Documents/Proyectos/ExamenDeGrado/C#/php/chirper/vendor/laravel/framework/src/Illuminate/Queue/Console/WorkCommand.php(132): Illuminate/Queue/Console/WorkCommand->runWorker('database', 'default')
#20 D:/josej/Documents/Proyectos/ExamenDeGrado/C#/php/chirper/vendor/laravel/framework/src/Illuminate/Container/BoundMethod.php(36): Illuminate/Queue/Console/WorkCommand->handle()
#21 D:/josej/Documents/Proyectos/ExamenDeGrado/C#/php/chirper/vendor/laravel/framework/src/Illuminate/Container/Util.php(43): Illuminate/Container/BoundMethod::{closure:Illuminate/Container/BoundMethod::call():35}()
#22 D:/josej/Documents/Proyectos/ExamenDeGrado/C#/php/chirper/vendor/laravel/framework/src/Illuminate/Container/BoundMethod.php(96): Illuminate/Container/Util::unwrapIfClosure(Object(Closure))
#23 D:/josej/Documents/Proyectos/ExamenDeGrado/C#/php/chirper/vendor/laravel/framework/src/Illuminate/Container/BoundMethod.php(35): Illuminate/Container/BoundMethod::callBoundMethod(Object(Illuminate/Foundation/Application), Array, Object(Closure))
#24 D:/josej/Documents/Proyectos/ExamenDeGrado/C#/php/chirper/vendor/laravel/framework/src/Illuminate/Container/Container.php(801): Illuminate/Container/BoundMethod::call(Object(Illuminate/Foundation/Application), Array, Array, NULL)
#25 D:/josej/Documents/Proyectos/ExamenDeGrado/C#/php/chirper/vendor/laravel/framework/src/Illuminate/Console/Command.php(292): Illuminate/Container/Container->call(Array)
#26 D:/josej/Documents/Proyectos/ExamenDeGrado/C#/php/chirper/vendor/symfony/console/Command/Command.php(284): Illuminate/Console/Command->execute(Object(Symfony/Component/Console/Input/ArgvInput), Object(Illuminate/Console/OutputStyle))
#27 D:/josej/Documents/Proyectos/ExamenDeGrado/C#/php/chirper/vendor/laravel/framework/src/Illuminate/Console/Command.php(261): Symfony/Component/Console/Command/Command->run(Object(Symfony/Component/Console/Input/ArgvInput), Object(Illuminate/Console/OutputStyle))
#28 D:/josej/Documents/Proyectos/ExamenDeGrado/C#/php/chirper/vendor/symfony/console/Application.php(1144): Illuminate/Console/Command->run(Object(Symfony/Component/Console/Input/ArgvInput), Object(Symfony/Component/Console/Output/ConsoleOutput))
#29 D:/josej/Documents/Proyectos/ExamenDeGrado/C#/php/chirper/vendor/symfony/console/Application.php(379): Symfony/Component/Console/Application->doRunCommand(Object(Illuminate/Queue/Console/WorkCommand), Object(Symfony/Component/Console/Input/ArgvInput), Object(Symfony/Component/Console/Output/ConsoleOutput))
#30 D:/josej/Documents/Proyectos/ExamenDeGrado/C#/php/chirper/vendor/symfony/console/Application.php(218): Symfony/Component/Console/Application->doRun(Object(Symfony/Component/Console/Input/ArgvInput), Object(Symfony/Component/Console/Output/ConsoleOutput))
#31 D:/josej/Documents/Proyectos/ExamenDeGrado/C#/php/chirper/vendor/laravel/framework/src/Illuminate/Foundation/Console/Kernel.php(198): Symfony/Component/Console/Application->run(Object(Symfony/Component/Console/Input/ArgvInput), Object(Symfony/Component/Console/Output/ConsoleOutput))
#32 D:/josej/Documents/Proyectos/ExamenDeGrado/C#/php/chirper/vendor/laravel/framework/src/Illuminate/Foundation/Application.php(1242): Illuminate/Foundation/Console/Kernel->handle(Object(Symfony/Component/Console/Input/ArgvInput), Object(Symfony/Component/Console/Output/ConsoleOutput))
#33 D:/josej/Documents/Proyectos/ExamenDeGrado/C#/php/chirper/artisan(16): Illuminate/Foundation/Application->handleCommand(Object(Symfony/Component/Console/Input/ArgvInput))
#34 {main}
"} 
[2026-08-15 03:05:32] local.ERROR: Database file at path [D:\josej\Documents\Proyectos\ExamenDeGrado\C#\php\chirper\database\database.sqlite] does not exist. Ensure this is an absolute path to the database. (Connection: sqlite, Database: D:\josej\Documents\Proyectos\ExamenDeGrado\C#\php\chirper\database\database.sqlite, SQL: select * from "cache" where "key" in (laravel-cache-illuminate:queues:paused, laravel-cache-illuminate:queue:paused:database:default)) {"exception":"[object] (Illuminate\\Database\\QueryException(code: 0): Database file at path [D:\\josej\\Documents\\Proyectos\\ExamenDeGrado\\C#\\php\\chirper\\database\\database.sqlite] does not exist. Ensure this is an absolute path to the database. (Connection: sqlite, Database: D:\\josej\\Documents\\Proyectos\\ExamenDeGrado\\C#\\php\\chirper\\database\\database.sqlite, SQL: select * from \"cache\" where \"key\" in (laravel-cache-illuminate:queues:paused, laravel-cache-illuminate:queue:paused:database:default)) at D:/josej/Documents/Proyectos/ExamenDeGrado/C#/php/chirper/vendor/laravel/framework/src/Illuminate/Database/Connection.php:857)
[stacktrace]
#0 D:/josej/Documents/Proyectos/ExamenDeGrado/C#/php/chirper/vendor/laravel/framework/src/Illuminate/Database/Connection.php(813): Illuminate/Database/Connection->runQueryCallback('select * from \"...', Array, Object(Closure))
#1 D:/josej/Documents/Proyectos/ExamenDeGrado/C#/php/chirper/vendor/laravel/framework/src/Illuminate/Database/Connection.php(426): Illuminate/Database/Connection->run('select * from \"...', Array, Object(Closure))
#2 D:/josej/Documents/Proyectos/ExamenDeGrado/C#/php/chirper/vendor/laravel/framework/src/Illuminate/Database/Query/Builder.php(3573): Illuminate/Database/Connection->select('select * from \"...', Array, true, Array)
#3 D:/josej/Documents/Proyectos/ExamenDeGrado/C#/php/chirper/vendor/laravel/framework/src/Illuminate/Database/Query/Builder.php(3557): Illuminate/Database/Query/Builder->runSelect()
#4 D:/josej/Documents/Proyectos/ExamenDeGrado/C#/php/chirper/vendor/laravel/framework/src/Illuminate/Cache/DatabaseStore.php(142): Illuminate/Database/Query/Builder->get()
#5 D:/josej/Documents/Proyectos/ExamenDeGrado/C#/php/chirper/vendor/laravel/framework/src/Illuminate/Cache/Repository.php(167): Illuminate/Cache/DatabaseStore->many(Array)
#6 D:/josej/Documents/Proyectos/ExamenDeGrado/C#/php/chirper/vendor/laravel/framework/src/Illuminate/Queue/QueueManager.php(335): Illuminate/Cache/Repository->many(Array)
#7 D:/josej/Documents/Proyectos/ExamenDeGrado/C#/php/chirper/vendor/laravel/framework/src/Illuminate/Queue/Worker.php(489): Illuminate/Queue/QueueManager->getPausedQueues('database', Array)
#8 D:/josej/Documents/Proyectos/ExamenDeGrado/C#/php/chirper/vendor/laravel/framework/src/Illuminate/Queue/Worker.php(450): Illuminate/Queue/Worker->getPausedQueues('database', Array)
#9 D:/josej/Documents/Proyectos/ExamenDeGrado/C#/php/chirper/vendor/laravel/framework/src/Illuminate/Queue/Worker.php(410): Illuminate/Queue/Worker->getNextJob(Object(Illuminate/Queue/DatabaseQueue), 'default')
#10 D:/josej/Documents/Proyectos/ExamenDeGrado/C#/php/chirper/vendor/laravel/framework/src/Illuminate/Queue/Console/WorkCommand.php(149): Illuminate/Queue/Worker->runNextJob('database', 'default', Object(Illuminate/Queue/WorkerOptions))
#11 D:/josej/Documents/Proyectos/ExamenDeGrado/C#/php/chirper/vendor/laravel/framework/src/Illuminate/Queue/Console/WorkCommand.php(132): Illuminate/Queue/Console/WorkCommand->runWorker('database', 'default')
#12 D:/josej/Documents/Proyectos/ExamenDeGrado/C#/php/chirper/vendor/laravel/framework/src/Illuminate/Container/BoundMethod.php(36): Illuminate/Queue/Console/WorkCommand->handle()
#13 D:/josej/Documents/Proyectos/ExamenDeGrado/C#/php/chirper/vendor/laravel/framework/src/Illuminate/Container/Util.php(43): Illuminate/Container/BoundMethod::{closure:Illuminate/Container/BoundMethod::call():35}()
#14 D:/josej/Documents/Proyectos/ExamenDeGrado/C#/php/chirper/vendor/laravel/framework/src/Illuminate/Container/BoundMethod.php(96): Illuminate/Container/Util::unwrapIfClosure(Object(Closure))
#15 D:/josej/Documents/Proyectos/ExamenDeGrado/C#/php/chirper/vendor/laravel/framework/src/Illuminate/Container/BoundMethod.php(35): Illuminate/Container/BoundMethod::callBoundMethod(Object(Illuminate/Foundation/Application), Array, Object(Closure))
#16 D:/josej/Documents/Proyectos/ExamenDeGrado/C#/php/chirper/vendor/laravel/framework/src/Illuminate/Container/Container.php(801): Illuminate/Container/BoundMethod::call(Object(Illuminate/Foundation/Application), Array, Array, NULL)
#17 D:/josej/Documents/Proyectos/ExamenDeGrado/C#/php/chirper/vendor/laravel/framework/src/Illuminate/Console/Command.php(292): Illuminate/Container/Container->call(Array)
#18 D:/josej/Documents/Proyectos/ExamenDeGrado/C#/php/chirper/vendor/symfony/console/Command/Command.php(284): Illuminate/Console/Command->execute(Object(Symfony/Component/Console/Input/ArgvInput), Object(Illuminate/Console/OutputStyle))
#19 D:/josej/Documents/Proyectos/ExamenDeGrado/C#/php/chirper/vendor/laravel/framework/src/Illuminate/Console/Command.php(261): Symfony/Component/Console/Command/Command->run(Object(Symfony/Component/Console/Input/ArgvInput), Object(Illuminate/Console/OutputStyle))
#20 D:/josej/Documents/Proyectos/ExamenDeGrado/C#/php/chirper/vendor/symfony/console/Application.php(1144): Illuminate/Console/Command->run(Object(Symfony/Component/Console/Input/ArgvInput), Object(Symfony/Component/Console/Output/ConsoleOutput))
#21 D:/josej/Documents/Proyectos/ExamenDeGrado/C#/php/chirper/vendor/symfony/console/Application.php(379): Symfony/Component/Console/Application->doRunCommand(Object(Illuminate/Queue/Console/WorkCommand), Object(Symfony/Component/Console/Input/ArgvInput), Object(Symfony/Component/Console/Output/ConsoleOutput))
#22 D:/josej/Documents/Proyectos/ExamenDeGrado/C#/php/chirper/vendor/symfony/console/Application.php(218): Symfony/Component/Console/Application->doRun(Object(Symfony/Component/Console/Input/ArgvInput), Object(Symfony/Component/Console/Output/ConsoleOutput))
#23 D:/josej/Documents/Proyectos/ExamenDeGrado/C#/php/chirper/vendor/laravel/framework/src/Illuminate/Foundation/Console/Kernel.php(198): Symfony/Component/Console/Application->run(Object(Symfony/Component/Console/Input/ArgvInput), Object(Symfony/Component/Console/Output/ConsoleOutput))
#24 D:/josej/Documents/Proyectos/ExamenDeGrado/C#/php/chirper/vendor/laravel/framework/src/Illuminate/Foundation/Application.php(1242): Illuminate/Foundation/Console/Kernel->handle(Object(Symfony/Component/Console/Input/ArgvInput), Object(Symfony/Component/Console/Output/ConsoleOutput))
#25 D:/josej/Documents/Proyectos/ExamenDeGrado/C#/php/chirper/artisan(16): Illuminate/Foundation/Application->handleCommand(Object(Symfony/Component/Console/Input/ArgvInput))
#26 {main}

[previous exception] [object] (Illuminate\\Database\\SQLiteDatabaseDoesNotExistException(code: 0): Database file at path [D:\\josej\\Documents\\Proyectos\\ExamenDeGrado\\C#\\php\\chirper\\database\\database.sqlite] does not exist. Ensure this is an absolute path to the database. at D:/josej/Documents/Proyectos/ExamenDeGrado/C#/php/chirper/vendor/laravel/framework/src/Illuminate/Database/Connectors/SQLiteConnector.php:61)
[stacktrace]
#0 D:/josej/Documents/Proyectos/ExamenDeGrado/C#/php/chirper/vendor/laravel/framework/src/Illuminate/Database/Connectors/SQLiteConnector.php(19): Illuminate/Database/Connectors/SQLiteConnector->parseDatabasePath(false)
#1 D:/josej/Documents/Proyectos/ExamenDeGrado/C#/php/chirper/vendor/laravel/framework/src/Illuminate/Database/Connectors/ConnectionFactory.php(259): Illuminate/Database/Connectors/SQLiteConnector->connect(Array)
#2 [internal function]: Illuminate/Database/Connectors/ConnectionFactory->{closure:Illuminate/Database/Connectors/ConnectionFactory::createPdoResolverWithoutHosts():259}()
#3 D:/josej/Documents/Proyectos/ExamenDeGrado/C#/php/chirper/vendor/laravel/framework/src/Illuminate/Database/Connection.php(1297): call_user_func(Object(Closure))
#4 D:/josej/Documents/Proyectos/ExamenDeGrado/C#/php/chirper/vendor/laravel/framework/src/Illuminate/Database/Connection.php(1335): Illuminate/Database/Connection->getPdo()
#5 D:/josej/Documents/Proyectos/ExamenDeGrado/C#/php/chirper/vendor/laravel/framework/src/Illuminate/Database/Connection.php(542): Illuminate/Database/Connection->getReadPdo()
#6 D:/josej/Documents/Proyectos/ExamenDeGrado/C#/php/chirper/vendor/laravel/framework/src/Illuminate/Database/Connection.php(435): Illuminate/Database/Connection->getPdoForSelect(true)
#7 D:/josej/Documents/Proyectos/ExamenDeGrado/C#/php/chirper/vendor/laravel/framework/src/Illuminate/Database/Connection.php(846): Illuminate/Database/Connection->{closure:Illuminate/Database/Connection::select():426}('select * from \"...', Array)
#8 D:/josej/Documents/Proyectos/ExamenDeGrado/C#/php/chirper/vendor/laravel/framework/src/Illuminate/Database/Connection.php(813): Illuminate/Database/Connection->runQueryCallback('select * from \"...', Array, Object(Closure))
#9 D:/josej/Documents/Proyectos/ExamenDeGrado/C#/php/chirper/vendor/laravel/framework/src/Illuminate/Database/Connection.php(426): Illuminate/Database/Connection->run('select * from \"...', Array, Object(Closure))
#10 D:/josej/Documents/Proyectos/ExamenDeGrado/C#/php/chirper/vendor/laravel/framework/src/Illuminate/Database/Query/Builder.php(3573): Illuminate/Database/Connection->select('select * from \"...', Array, true, Array)
#11 D:/josej/Documents/Proyectos/ExamenDeGrado/C#/php/chirper/vendor/laravel/framework/src/Illuminate/Database/Query/Builder.php(3557): Illuminate/Database/Query/Builder->runSelect()
#12 D:/josej/Documents/Proyectos/ExamenDeGrado/C#/php/chirper/vendor/laravel/framework/src/Illuminate/Cache/DatabaseStore.php(142): Illuminate/Database/Query/Builder->get()
#13 D:/josej/Documents/Proyectos/ExamenDeGrado/C#/php/chirper/vendor/laravel/framework/src/Illuminate/Cache/Repository.php(167): Illuminate/Cache/DatabaseStore->many(Array)
#14 D:/josej/Documents/Proyectos/ExamenDeGrado/C#/php/chirper/vendor/laravel/framework/src/Illuminate/Queue/QueueManager.php(335): Illuminate/Cache/Repository->many(Array)
#15 D:/josej/Documents/Proyectos/ExamenDeGrado/C#/php/chirper/vendor/laravel/framework/src/Illuminate/Queue/Worker.php(489): Illuminate/Queue/QueueManager->getPausedQueues('database', Array)
#16 D:/josej/Documents/Proyectos/ExamenDeGrado/C#/php/chirper/vendor/laravel/framework/src/Illuminate/Queue/Worker.php(450): Illuminate/Queue/Worker->getPausedQueues('database', Array)
#17 D:/josej/Documents/Proyectos/ExamenDeGrado/C#/php/chirper/vendor/laravel/framework/src/Illuminate/Queue/Worker.php(410): Illuminate/Queue/Worker->getNextJob(Object(Illuminate/Queue/DatabaseQueue), 'default')
#18 D:/josej/Documents/Proyectos/ExamenDeGrado/C#/php/chirper/vendor/laravel/framework/src/Illuminate/Queue/Console/WorkCommand.php(149): Illuminate/Queue/Worker->runNextJob('database', 'default', Object(Illuminate/Queue/WorkerOptions))
#19 D:/josej/Documents/Proyectos/ExamenDeGrado/C#/php/chirper/vendor/laravel/framework/src/Illuminate/Queue/Console/WorkCommand.php(132): Illuminate/Queue/Console/WorkCommand->runWorker('database', 'default')
#20 D:/josej/Documents/Proyectos/ExamenDeGrado/C#/php/chirper/vendor/laravel/framework/src/Illuminate/Container/BoundMethod.php(36): Illuminate/Queue/Console/WorkCommand->handle()
#21 D:/josej/Documents/Proyectos/ExamenDeGrado/C#/php/chirper/vendor/laravel/framework/src/Illuminate/Container/Util.php(43): Illuminate/Container/BoundMethod::{closure:Illuminate/Container/BoundMethod::call():35}()
#22 D:/josej/Documents/Proyectos/ExamenDeGrado/C#/php/chirper/vendor/laravel/framework/src/Illuminate/Container/BoundMethod.php(96): Illuminate/Container/Util::unwrapIfClosure(Object(Closure))
#23 D:/josej/Documents/Proyectos/ExamenDeGrado/C#/php/chirper/vendor/laravel/framework/src/Illuminate/Container/BoundMethod.php(35): Illuminate/Container/BoundMethod::callBoundMethod(Object(Illuminate/Foundation/Application), Array, Object(Closure))
#24 D:/josej/Documents/Proyectos/ExamenDeGrado/C#/php/chirper/vendor/laravel/framework/src/Illuminate/Container/Container.php(801): Illuminate/Container/BoundMethod::call(Object(Illuminate/Foundation/Application), Array, Array, NULL)
#25 D:/josej/Documents/Proyectos/ExamenDeGrado/C#/php/chirper/vendor/laravel/framework/src/Illuminate/Console/Command.php(292): Illuminate/Container/Container->call(Array)
#26 D:/josej/Documents/Proyectos/ExamenDeGrado/C#/php/chirper/vendor/symfony/console/Command/Command.php(284): Illuminate/Console/Command->execute(Object(Symfony/Component/Console/Input/ArgvInput), Object(Illuminate/Console/OutputStyle))
#27 D:/josej/Documents/Proyectos/ExamenDeGrado/C#/php/chirper/vendor/laravel/framework/src/Illuminate/Console/Command.php(261): Symfony/Component/Console/Command/Command->run(Object(Symfony/Component/Console/Input/ArgvInput), Object(Illuminate/Console/OutputStyle))
#28 D:/josej/Documents/Proyectos/ExamenDeGrado/C#/php/chirper/vendor/symfony/console/Application.php(1144): Illuminate/Console/Command->run(Object(Symfony/Component/Console/Input/ArgvInput), Object(Symfony/Component/Console/Output/ConsoleOutput))
#29 D:/josej/Documents/Proyectos/ExamenDeGrado/C#/php/chirper/vendor/symfony/console/Application.php(379): Symfony/Component/Console/Application->doRunCommand(Object(Illuminate/Queue/Console/WorkCommand), Object(Symfony/Component/Console/Input/ArgvInput), Object(Symfony/Component/Console/Output/ConsoleOutput))
#30 D:/josej/Documents/Proyectos/ExamenDeGrado/C#/php/chirper/vendor/symfony/console/Application.php(218): Symfony/Component/Console/Application->doRun(Object(Symfony/Component/Console/Input/ArgvInput), Object(Symfony/Component/Console/Output/ConsoleOutput))
#31 D:/josej/Documents/Proyectos/ExamenDeGrado/C#/php/chirper/vendor/laravel/framework/src/Illuminate/Foundation/Console/Kernel.php(198): Symfony/Component/Console/Application->run(Object(Symfony/Component/Console/Input/ArgvInput), Object(Symfony/Component/Console/Output/ConsoleOutput))
#32 D:/josej/Documents/Proyectos/ExamenDeGrado/C#/php/chirper/vendor/laravel/framework/src/Illuminate/Foundation/Application.php(1242): Illuminate/Foundation/Console/Kernel->handle(Object(Symfony/Component/Console/Input/ArgvInput), Object(Symfony/Component/Console/Output/ConsoleOutput))
#33 D:/josej/Documents/Proyectos/ExamenDeGrado/C#/php/chirper/artisan(16): Illuminate/Foundation/Application->handleCommand(Object(Symfony/Component/Console/Input/ArgvInput))
#34 {main}
"} 
[2026-08-15 03:05:37] local.ERROR: Database file at path [D:\josej\Documents\Proyectos\ExamenDeGrado\C#\php\chirper\database\database.sqlite] does not exist. Ensure this is an absolute path to the database. (Connection: sqlite, Database: D:\josej\Documents\Proyectos\ExamenDeGrado\C#\php\chirper\database\database.sqlite, SQL: select * from "cache" where "key" in (laravel-cache-illuminate:queues:paused, laravel-cache-illuminate:queue:paused:database:default)) {"exception":"[object] (Illuminate\\Database\\QueryException(code: 0): Database file at path [D:\\josej\\Documents\\Proyectos\\ExamenDeGrado\\C#\\php\\chirper\\database\\database.sqlite] does not exist. Ensure this is an absolute path to the database. (Connection: sqlite, Database: D:\\josej\\Documents\\Proyectos\\ExamenDeGrado\\C#\\php\\chirper\\database\\database.sqlite, SQL: select * from \"cache\" where \"key\" in (laravel-cache-illuminate:queues:paused, laravel-cache-illuminate:queue:paused:database:default)) at D:/josej/Documents/Proyectos/ExamenDeGrado/C#/php/chirper/vendor/laravel/framework/src/Illuminate/Database/Connection.php:857)
[stacktrace]
#0 D:/josej/Documents/Proyectos/ExamenDeGrado/C#/php/chirper/vendor/laravel/framework/src/Illuminate/Database/Connection.php(813): Illuminate/Database/Connection->runQueryCallback('select * from \"...', Array, Object(Closure))
#1 D:/josej/Documents/Proyectos/ExamenDeGrado/C#/php/chirper/vendor/laravel/framework/src/Illuminate/Database/Connection.php(426): Illuminate/Database/Connection->run('select * from \"...', Array, Object(Closure))
#2 D:/josej/Documents/Proyectos/ExamenDeGrado/C#/php/chirper/vendor/laravel/framework/src/Illuminate/Database/Query/Builder.php(3573): Illuminate/Database/Connection->select('select * from \"...', Array, true, Array)
#3 D:/josej/Documents/Proyectos/ExamenDeGrado/C#/php/chirper/vendor/laravel/framework/src/Illuminate/Database/Query/Builder.php(3557): Illuminate/Database/Query/Builder->runSelect()
#4 D:/josej/Documents/Proyectos/ExamenDeGrado/C#/php/chirper/vendor/laravel/framework/src/Illuminate/Cache/DatabaseStore.php(142): Illuminate/Database/Query/Builder->get()
#5 D:/josej/Documents/Proyectos/ExamenDeGrado/C#/php/chirper/vendor/laravel/framework/src/Illuminate/Cache/Repository.php(167): Illuminate/Cache/DatabaseStore->many(Array)
#6 D:/josej/Documents/Proyectos/ExamenDeGrado/C#/php/chirper/vendor/laravel/framework/src/Illuminate/Queue/QueueManager.php(335): Illuminate/Cache/Repository->many(Array)
#7 D:/josej/Documents/Proyectos/ExamenDeGrado/C#/php/chirper/vendor/laravel/framework/src/Illuminate/Queue/Worker.php(489): Illuminate/Queue/QueueManager->getPausedQueues('database', Array)
#8 D:/josej/Documents/Proyectos/ExamenDeGrado/C#/php/chirper/vendor/laravel/framework/src/Illuminate/Queue/Worker.php(450): Illuminate/Queue/Worker->getPausedQueues('database', Array)
#9 D:/josej/Documents/Proyectos/ExamenDeGrado/C#/php/chirper/vendor/laravel/framework/src/Illuminate/Queue/Worker.php(410): Illuminate/Queue/Worker->getNextJob(Object(Illuminate/Queue/DatabaseQueue), 'default')
#10 D:/josej/Documents/Proyectos/ExamenDeGrado/C#/php/chirper/vendor/laravel/framework/src/Illuminate/Queue/Console/WorkCommand.php(149): Illuminate/Queue/Worker->runNextJob('database', 'default', Object(Illuminate/Queue/WorkerOptions))
#11 D:/josej/Documents/Proyectos/ExamenDeGrado/C#/php/chirper/vendor/laravel/framework/src/Illuminate/Queue/Console/WorkCommand.php(132): Illuminate/Queue/Console/WorkCommand->runWorker('database', 'default')
#12 D:/josej/Documents/Proyectos/ExamenDeGrado/C#/php/chirper/vendor/laravel/framework/src/Illuminate/Container/BoundMethod.php(36): Illuminate/Queue/Console/WorkCommand->handle()
#13 D:/josej/Documents/Proyectos/ExamenDeGrado/C#/php/chirper/vendor/laravel/framework/src/Illuminate/Container/Util.php(43): Illuminate/Container/BoundMethod::{closure:Illuminate/Container/BoundMethod::call():35}()
#14 D:/josej/Documents/Proyectos/ExamenDeGrado/C#/php/chirper/vendor/laravel/framework/src/Illuminate/Container/BoundMethod.php(96): Illuminate/Container/Util::unwrapIfClosure(Object(Closure))
#15 D:/josej/Documents/Proyectos/ExamenDeGrado/C#/php/chirper/vendor/laravel/framework/src/Illuminate/Container/BoundMethod.php(35): Illuminate/Container/BoundMethod::callBoundMethod(Object(Illuminate/Foundation/Application), Array, Object(Closure))
#16 D:/josej/Documents/Proyectos/ExamenDeGrado/C#/php/chirper/vendor/laravel/framework/src/Illuminate/Container/Container.php(801): Illuminate/Container/BoundMethod::call(Object(Illuminate/Foundation/Application), Array, Array, NULL)
#17 D:/josej/Documents/Proyectos/ExamenDeGrado/C#/php/chirper/vendor/laravel/framework/src/Illuminate/Console/Command.php(292): Illuminate/Container/Container->call(Array)
#18 D:/josej/Documents/Proyectos/ExamenDeGrado/C#/php/chirper/vendor/symfony/console/Command/Command.php(284): Illuminate/Console/Command->execute(Object(Symfony/Component/Console/Input/ArgvInput), Object(Illuminate/Console/OutputStyle))
#19 D:/josej/Documents/Proyectos/ExamenDeGrado/C#/php/chirper/vendor/laravel/framework/src/Illuminate/Console/Command.php(261): Symfony/Component/Console/Command/Command->run(Object(Symfony/Component/Console/Input/ArgvInput), Object(Illuminate/Console/OutputStyle))
#20 D:/josej/Documents/Proyectos/ExamenDeGrado/C#/php/chirper/vendor/symfony/console/Application.php(1144): Illuminate/Console/Command->run(Object(Symfony/Component/Console/Input/ArgvInput), Object(Symfony/Component/Console/Output/ConsoleOutput))
#21 D:/josej/Documents/Proyectos/ExamenDeGrado/C#/php/chirper/vendor/symfony/console/Application.php(379): Symfony/Component/Console/Application->doRunCommand(Object(Illuminate/Queue/Console/WorkCommand), Object(Symfony/Component/Console/Input/ArgvInput), Object(Symfony/Component/Console/Output/ConsoleOutput))
#22 D:/josej/Documents/Proyectos/ExamenDeGrado/C#/php/chirper/vendor/symfony/console/Application.php(218): Symfony/Component/Console/Application->doRun(Object(Symfony/Component/Console/Input/ArgvInput), Object(Symfony/Component/Console/Output/ConsoleOutput))
#23 D:/josej/Documents/Proyectos/ExamenDeGrado/C#/php/chirper/vendor/laravel/framework/src/Illuminate/Foundation/Console/Kernel.php(198): Symfony/Component/Console/Application->run(Object(Symfony/Component/Console/Input/ArgvInput), Object(Symfony/Component/Console/Output/ConsoleOutput))
#24 D:/josej/Documents/Proyectos/ExamenDeGrado/C#/php/chirper/vendor/laravel/framework/src/Illuminate/Foundation/Application.php(1242): Illuminate/Foundation/Console/Kernel->handle(Object(Symfony/Component/Console/Input/ArgvInput), Object(Symfony/Component/Console/Output/ConsoleOutput))
#25 D:/josej/Documents/Proyectos/ExamenDeGrado/C#/php/chirper/artisan(16): Illuminate/Foundation/Application->handleCommand(Object(Symfony/Component/Console/Input/ArgvInput))
#26 {main}

[previous exception] [object] (Illuminate\\Database\\SQLiteDatabaseDoesNotExistException(code: 0): Database file at path [D:\\josej\\Documents\\Proyectos\\ExamenDeGrado\\C#\\php\\chirper\\database\\database.sqlite] does not exist. Ensure this is an absolute path to the database. at D:/josej/Documents/Proyectos/ExamenDeGrado/C#/php/chirper/vendor/laravel/framework/src/Illuminate/Database/Connectors/SQLiteConnector.php:61)
[stacktrace]
#0 D:/josej/Documents/Proyectos/ExamenDeGrado/C#/php/chirper/vendor/laravel/framework/src/Illuminate/Database/Connectors/SQLiteConnector.php(19): Illuminate/Database/Connectors/SQLiteConnector->parseDatabasePath(false)
#1 D:/josej/Documents/Proyectos/ExamenDeGrado/C#/php/chirper/vendor/laravel/framework/src/Illuminate/Database/Connectors/ConnectionFactory.php(259): Illuminate/Database/Connectors/SQLiteConnector->connect(Array)
#2 [internal function]: Illuminate/Database/Connectors/ConnectionFactory->{closure:Illuminate/Database/Connectors/ConnectionFactory::createPdoResolverWithoutHosts():259}()
#3 D:/josej/Documents/Proyectos/ExamenDeGrado/C#/php/chirper/vendor/laravel/framework/src/Illuminate/Database/Connection.php(1297): call_user_func(Object(Closure))
#4 D:/josej/Documents/Proyectos/ExamenDeGrado/C#/php/chirper/vendor/laravel/framework/src/Illuminate/Database/Connection.php(1335): Illuminate/Database/Connection->getPdo()
#5 D:/josej/Documents/Proyectos/ExamenDeGrado/C#/php/chirper/vendor/laravel/framework/src/Illuminate/Database/Connection.php(542): Illuminate/Database/Connection->getReadPdo()
#6 D:/josej/Documents/Proyectos/ExamenDeGrado/C#/php/chirper/vendor/laravel/framework/src/Illuminate/Database/Connection.php(435): Illuminate/Database/Connection->getPdoForSelect(true)
#7 D:/josej/Documents/Proyectos/ExamenDeGrado/C#/php/chirper/vendor/laravel/framework/src/Illuminate/Database/Connection.php(846): Illuminate/Database/Connection->{closure:Illuminate/Database/Connection::select():426}('select * from \"...', Array)
#8 D:/josej/Documents/Proyectos/ExamenDeGrado/C#/php/chirper/vendor/laravel/framework/src/Illuminate/Database/Connection.php(813): Illuminate/Database/Connection->runQueryCallback('select * from \"...', Array, Object(Closure))
#9 D:/josej/Documents/Proyectos/ExamenDeGrado/C#/php/chirper/vendor/laravel/framework/src/Illuminate/Database/Connection.php(426): Illuminate/Database/Connection->run('select * from \"...', Array, Object(Closure))
#10 D:/josej/Documents/Proyectos/ExamenDeGrado/C#/php/chirper/vendor/laravel/framework/src/Illuminate/Database/Query/Builder.php(3573): Illuminate/Database/Connection->select('select * from \"...', Array, true, Array)
#11 D:/josej/Documents/Proyectos/ExamenDeGrado/C#/php/chirper/vendor/laravel/framework/src/Illuminate/Database/Query/Builder.php(3557): Illuminate/Database/Query/Builder->runSelect()
#12 D:/josej/Documents/Proyectos/ExamenDeGrado/C#/php/chirper/vendor/laravel/framework/src/Illuminate/Cache/DatabaseStore.php(142): Illuminate/Database/Query/Builder->get()
#13 D:/josej/Documents/Proyectos/ExamenDeGrado/C#/php/chirper/vendor/laravel/framework/src/Illuminate/Cache/Repository.php(167): Illuminate/Cache/DatabaseStore->many(Array)
#14 D:/josej/Documents/Proyectos/ExamenDeGrado/C#/php/chirper/vendor/laravel/framework/src/Illuminate/Queue/QueueManager.php(335): Illuminate/Cache/Repository->many(Array)
#15 D:/josej/Documents/Proyectos/ExamenDeGrado/C#/php/chirper/vendor/laravel/framework/src/Illuminate/Queue/Worker.php(489): Illuminate/Queue/QueueManager->getPausedQueues('database', Array)
#16 D:/josej/Documents/Proyectos/ExamenDeGrado/C#/php/chirper/vendor/laravel/framework/src/Illuminate/Queue/Worker.php(450): Illuminate/Queue/Worker->getPausedQueues('database', Array)
#17 D:/josej/Documents/Proyectos/ExamenDeGrado/C#/php/chirper/vendor/laravel/framework/src/Illuminate/Queue/Worker.php(410): Illuminate/Queue/Worker->getNextJob(Object(Illuminate/Queue/DatabaseQueue), 'default')
#18 D:/josej/Documents/Proyectos/ExamenDeGrado/C#/php/chirper/vendor/laravel/framework/src/Illuminate/Queue/Console/WorkCommand.php(149): Illuminate/Queue/Worker->runNextJob('database', 'default', Object(Illuminate/Queue/WorkerOptions))
#19 D:/josej/Documents/Proyectos/ExamenDeGrado/C#/php/chirper/vendor/laravel/framework/src/Illuminate/Queue/Console/WorkCommand.php(132): Illuminate/Queue/Console/WorkCommand->runWorker('database', 'default')
#20 D:/josej/Documents/Proyectos/ExamenDeGrado/C#/php/chirper/vendor/laravel/framework/src/Illuminate/Container/BoundMethod.php(36): Illuminate/Queue/Console/WorkCommand->handle()
#21 D:/josej/Documents/Proyectos/ExamenDeGrado/C#/php/chirper/vendor/laravel/framework/src/Illuminate/Container/Util.php(43): Illuminate/Container/BoundMethod::{closure:Illuminate/Container/BoundMethod::call():35}()
#22 D:/josej/Documents/Proyectos/ExamenDeGrado/C#/php/chirper/vendor/laravel/framework/src/Illuminate/Container/BoundMethod.php(96): Illuminate/Container/Util::unwrapIfClosure(Object(Closure))
#23 D:/josej/Documents/Proyectos/ExamenDeGrado/C#/php/chirper/vendor/laravel/framework/src/Illuminate/Container/BoundMethod.php(35): Illuminate/Container/BoundMethod::callBoundMethod(Object(Illuminate/Foundation/Application), Array, Object(Closure))
#24 D:/josej/Documents/Proyectos/ExamenDeGrado/C#/php/chirper/vendor/laravel/framework/src/Illuminate/Container/Container.php(801): Illuminate/Container/BoundMethod::call(Object(Illuminate/Foundation/Application), Array, Array, NULL)
#25 D:/josej/Documents/Proyectos/ExamenDeGrado/C#/php/chirper/vendor/laravel/framework/src/Illuminate/Console/Command.php(292): Illuminate/Container/Container->call(Array)
#26 D:/josej/Documents/Proyectos/ExamenDeGrado/C#/php/chirper/vendor/symfony/console/Command/Command.php(284): Illuminate/Console/Command->execute(Object(Symfony/Component/Console/Input/ArgvInput), Object(Illuminate/Console/OutputStyle))
#27 D:/josej/Documents/Proyectos/ExamenDeGrado/C#/php/chirper/vendor/laravel/framework/src/Illuminate/Console/Command.php(261): Symfony/Component/Console/Command/Command->run(Object(Symfony/Component/Console/Input/ArgvInput), Object(Illuminate/Console/OutputStyle))
#28 D:/josej/Documents/Proyectos/ExamenDeGrado/C#/php/chirper/vendor/symfony/console/Application.php(1144): Illuminate/Console/Command->run(Object(Symfony/Component/Console/Input/ArgvInput), Object(Symfony/Component/Console/Output/ConsoleOutput))
#29 D:/josej/Documents/Proyectos/ExamenDeGrado/C#/php/chirper/vendor/symfony/console/Application.php(379): Symfony/Component/Console/Application->doRunCommand(Object(Illuminate/Queue/Console/WorkCommand), Object(Symfony/Component/Console/Input/ArgvInput), Object(Symfony/Component/Console/Output/ConsoleOutput))
#30 D:/josej/Documents/Proyectos/ExamenDeGrado/C#/php/chirper/vendor/symfony/console/Application.php(218): Symfony/Component/Console/Application->doRun(Object(Symfony/Component/Console/Input/ArgvInput), Object(Symfony/Component/Console/Output/ConsoleOutput))
#31 D:/josej/Documents/Proyectos/ExamenDeGrado/C#/php/chirper/vendor/laravel/framework/src/Illuminate/Foundation/Console/Kernel.php(198): Symfony/Component/Console/Application->run(Object(Symfony/Component/Console/Input/ArgvInput), Object(Symfony/Component/Console/Output/ConsoleOutput))
#32 D:/josej/Documents/Proyectos/ExamenDeGrado/C#/php/chirper/vendor/laravel/framework/src/Illuminate/Foundation/Application.php(1242): Illuminate/Foundation/Console/Kernel->handle(Object(Symfony/Component/Console/Input/ArgvInput), Object(Symfony/Component/Console/Output/ConsoleOutput))
#33 D:/josej/Documents/Proyectos/ExamenDeGrado/C#/php/chirper/artisan(16): Illuminate/Foundation/Application->handleCommand(Object(Symfony/Component/Console/Input/ArgvInput))
#34 {main}
"} 
[2026-08-15 03:05:38] local.ERROR: Database file at path [D:\josej\Documents\Proyectos\ExamenDeGrado\C#\php\chirper\database\database.sqlite] does not exist. Ensure this is an absolute path to the database. (Connection: sqlite, Database: D:\josej\Documents\Proyectos\ExamenDeGrado\C#\php\chirper\database\database.sqlite, SQL: select * from "sessions" where "id" = 4pOiD5abLtyrqn9TifHa8x8acuEwM9sXM1RMAKxB limit 1) {"exception":"[object] (Illuminate\\Database\\QueryException(code: 0): Database file at path [D:\\josej\\Documents\\Proyectos\\ExamenDeGrado\\C#\\php\\chirper\\database\\database.sqlite] does not exist. Ensure this is an absolute path to the database. (Connection: sqlite, Database: D:\\josej\\Documents\\Proyectos\\ExamenDeGrado\\C#\\php\\chirper\\database\\database.sqlite, SQL: select * from \"sessions\" where \"id\" = 4pOiD5abLtyrqn9TifHa8x8acuEwM9sXM1RMAKxB limit 1) at D:/josej/Documents/Proyectos/ExamenDeGrado/C#/php/chirper/vendor/laravel/framework/src/Illuminate/Database/Connection.php:857)
[stacktrace]
#0 D:/josej/Documents/Proyectos/ExamenDeGrado/C#/php/chirper/vendor/laravel/framework/src/Illuminate/Database/Connection.php(813): Illuminate/Database/Connection->runQueryCallback('select * from \"...', Array, Object(Closure))
#1 D:/josej/Documents/Proyectos/ExamenDeGrado/C#/php/chirper/vendor/laravel/framework/src/Illuminate/Database/Connection.php(426): Illuminate/Database/Connection->run('select * from \"...', Array, Object(Closure))
#2 D:/josej/Documents/Proyectos/ExamenDeGrado/C#/php/chirper/vendor/laravel/framework/src/Illuminate/Database/Query/Builder.php(3573): Illuminate/Database/Connection->select('select * from \"...', Array, false, Array)
#3 D:/josej/Documents/Proyectos/ExamenDeGrado/C#/php/chirper/vendor/laravel/framework/src/Illuminate/Database/Query/Builder.php(3557): Illuminate/Database/Query/Builder->runSelect()
#4 D:/josej/Documents/Proyectos/ExamenDeGrado/C#/php/chirper/vendor/laravel/framework/src/Illuminate/Database/Concerns/BuildsQueries.php(366): Illuminate/Database/Query/Builder->get(Array)
#5 D:/josej/Documents/Proyectos/ExamenDeGrado/C#/php/chirper/vendor/laravel/framework/src/Illuminate/Database/Query/Builder.php(3475): Illuminate/Database/Query/Builder->first(Array)
#6 D:/josej/Documents/Proyectos/ExamenDeGrado/C#/php/chirper/vendor/laravel/framework/src/Illuminate/Session/DatabaseSessionHandler.php(96): Illuminate/Database/Query/Builder->find('4pOiD5abLtyrqn9...')
#7 D:/josej/Documents/Proyectos/ExamenDeGrado/C#/php/chirper/vendor/laravel/framework/src/Illuminate/Session/Store.php(128): Illuminate/Session/DatabaseSessionHandler->read('4pOiD5abLtyrqn9...')
#8 D:/josej/Documents/Proyectos/ExamenDeGrado/C#/php/chirper/vendor/laravel/framework/src/Illuminate/Session/Store.php(116): Illuminate/Session/Store->readFromHandler()
#9 D:/josej/Documents/Proyectos/ExamenDeGrado/C#/php/chirper/vendor/laravel/framework/src/Illuminate/Session/Store.php(100): Illuminate/Session/Store->loadSession()
#10 D:/josej/Documents/Proyectos/ExamenDeGrado/C#/php/chirper/vendor/laravel/framework/src/Illuminate/Session/Middleware/StartSession.php(146): Illuminate/Session/Store->start()
#11 D:/josej/Documents/Proyectos/ExamenDeGrado/C#/php/chirper/vendor/laravel/framework/src/Illuminate/Support/helpers.php(393): Illuminate/Session/Middleware/StartSession->{closure:Illuminate/Session/Middleware/StartSession::startSession():143}(Object(Illuminate/Session/Store))
#12 D:/josej/Documents/Proyectos/ExamenDeGrado/C#/php/chirper/vendor/laravel/framework/src/Illuminate/Session/Middleware/StartSession.php(143): tap(Object(Illuminate/Session/Store), Object(Closure))
#13 D:/josej/Documents/Proyectos/ExamenDeGrado/C#/php/chirper/vendor/laravel/framework/src/Illuminate/Session/Middleware/StartSession.php(115): Illuminate/Session/Middleware/StartSession->startSession(Object(Illuminate/Http/Request), Object(Illuminate/Session/Store))
#14 D:/josej/Documents/Proyectos/ExamenDeGrado/C#/php/chirper/vendor/laravel/framework/src/Illuminate/Session/Middleware/StartSession.php(63): Illuminate/Session/Middleware/StartSession->handleStatefulRequest(Object(Illuminate/Http/Request), Object(Illuminate/Session/Store), Object(Closure))
#15 D:/josej/Documents/Proyectos/ExamenDeGrado/C#/php/chirper/vendor/laravel/framework/src/Illuminate/Pipeline/Pipeline.php(219): Illuminate/Session/Middleware/StartSession->handle(Object(Illuminate/Http/Request), Object(Closure))
#16 D:/josej/Documents/Proyectos/ExamenDeGrado/C#/php/chirper/vendor/laravel/framework/src/Illuminate/Cookie/Middleware/AddQueuedCookiesToResponse.php(36): Illuminate/Pipeline/Pipeline->{closure:{closure:Illuminate/Pipeline/Pipeline::carry():194}:195}(Object(Illuminate/Http/Request))
#17 D:/josej/Documents/Proyectos/ExamenDeGrado/C#/php/chirper/vendor/laravel/framework/src/Illuminate/Pipeline/Pipeline.php(219): Illuminate/Cookie/Middleware/AddQueuedCookiesToResponse->handle(Object(Illuminate/Http/Request), Object(Closure))
#18 D:/josej/Documents/Proyectos/ExamenDeGrado/C#/php/chirper/vendor/laravel/framework/src/Illuminate/Cookie/Middleware/EncryptCookies.php(74): Illuminate/Pipeline/Pipeline->{closure:{closure:Illuminate/Pipeline/Pipeline::carry():194}:195}(Object(Illuminate/Http/Request))
#19 D:/josej/Documents/Proyectos/ExamenDeGrado/C#/php/chirper/vendor/laravel/framework/src/Illuminate/Pipeline/Pipeline.php(219): Illuminate/Cookie/Middleware/EncryptCookies->handle(Object(Illuminate/Http/Request), Object(Closure))
#20 D:/josej/Documents/Proyectos/ExamenDeGrado/C#/php/chirper/vendor/laravel/framework/src/Illuminate/Pipeline/Pipeline.php(137): Illuminate/Pipeline/Pipeline->{closure:{closure:Illuminate/Pipeline/Pipeline::carry():194}:195}(Object(Illuminate/Http/Request))
#21 D:/josej/Documents/Proyectos/ExamenDeGrado/C#/php/chirper/vendor/laravel/framework/src/Illuminate/Routing/Router.php(821): Illuminate/Pipeline/Pipeline->then(Object(Closure))
#22 D:/josej/Documents/Proyectos/ExamenDeGrado/C#/php/chirper/vendor/laravel/framework/src/Illuminate/Routing/Router.php(800): Illuminate/Routing/Router->runRouteWithinStack(Object(Illuminate/Routing/Route), Object(Illuminate/Http/Request))
#23 D:/josej/Documents/Proyectos/ExamenDeGrado/C#/php/chirper/vendor/laravel/framework/src/Illuminate/Routing/Router.php(764): Illuminate/Routing/Router->runRoute(Object(Illuminate/Http/Request), Object(Illuminate/Routing/Route))
#24 D:/josej/Documents/Proyectos/ExamenDeGrado/C#/php/chirper/vendor/laravel/framework/src/Illuminate/Routing/Router.php(753): Illuminate/Routing/Router->dispatchToRoute(Object(Illuminate/Http/Request))
#25 D:/josej/Documents/Proyectos/ExamenDeGrado/C#/php/chirper/vendor/laravel/framework/src/Illuminate/Foundation/Http/Kernel.php(200): Illuminate/Routing/Router->dispatch(Object(Illuminate/Http/Request))
#26 D:/josej/Documents/Proyectos/ExamenDeGrado/C#/php/chirper/vendor/laravel/framework/src/Illuminate/Pipeline/Pipeline.php(180): Illuminate/Foundation/Http/Kernel->{closure:Illuminate/Foundation/Http/Kernel::dispatchToRouter():197}(Object(Illuminate/Http/Request))
#27 D:/josej/Documents/Proyectos/ExamenDeGrado/C#/php/chirper/vendor/laravel/framework/src/Illuminate/Foundation/Http/Middleware/TransformsRequest.php(21): Illuminate/Pipeline/Pipeline->{closure:Illuminate/Pipeline/Pipeline::prepareDestination():178}(Object(Illuminate/Http/Request))
#28 D:/josej/Documents/Proyectos/ExamenDeGrado/C#/php/chirper/vendor/laravel/framework/src/Illuminate/Foundation/Http/Middleware/ConvertEmptyStringsToNull.php(31): Illuminate/Foundation/Http/Middleware/TransformsRequest->handle(Object(Illuminate/Http/Request), Object(Closure))
#29 D:/josej/Documents/Proyectos/ExamenDeGrado/C#/php/chirper/vendor/laravel/framework/src/Illuminate/Pipeline/Pipeline.php(219): Illuminate/Foundation/Http/Middleware/ConvertEmptyStringsToNull->handle(Object(Illuminate/Http/Request), Object(Closure))
#30 D:/josej/Documents/Proyectos/ExamenDeGrado/C#/php/chirper/vendor/laravel/framework/src/Illuminate/Foundation/Http/Middleware/TransformsRequest.php(21): Illuminate/Pipeline/Pipeline->{closure:{closure:Illuminate/Pipeline/Pipeline::carry():194}:195}(Object(Illuminate/Http/Request))
#31 D:/josej/Documents/Proyectos/ExamenDeGrado/C#/php/chirper/vendor/laravel/framework/src/Illuminate/Foundation/Http/Middleware/TrimStrings.php(51): Illuminate/Foundation/Http/Middleware/TransformsRequest->handle(Object(Illuminate/Http/Request), Object(Closure))
#32 D:/josej/Documents/Proyectos/ExamenDeGrado/C#/php/chirper/vendor/laravel/framework/src/Illuminate/Pipeline/Pipeline.php(219): Illuminate/Foundation/Http/Middleware/TrimStrings->handle(Object(Illuminate/Http/Request), Object(Closure))
#33 D:/josej/Documents/Proyectos/ExamenDeGrado/C#/php/chirper/vendor/laravel/framework/src/Illuminate/Http/Middleware/ValidatePostSize.php(27): Illuminate/Pipeline/Pipeline->{closure:{closure:Illuminate/Pipeline/Pipeline::carry():194}:195}(Object(Illuminate/Http/Request))
#34 D:/josej/Documents/Proyectos/ExamenDeGrado/C#/php/chirper/vendor/laravel/framework/src/Illuminate/Pipeline/Pipeline.php(219): Illuminate/Http/Middleware/ValidatePostSize->handle(Object(Illuminate/Http/Request), Object(Closure))
#35 D:/josej/Documents/Proyectos/ExamenDeGrado/C#/php/chirper/vendor/laravel/framework/src/Illuminate/Foundation/Http/Middleware/PreventRequestsDuringMaintenance.php(110): Illuminate/Pipeline/Pipeline->{closure:{closure:Illuminate/Pipeline/Pipeline::carry():194}:195}(Object(Illuminate/Http/Request))
#36 D:/josej/Documents/Proyectos/ExamenDeGrado/C#/php/chirper/vendor/laravel/framework/src/Illuminate/Pipeline/Pipeline.php(219): Illuminate/Foundation/Http/Middleware/PreventRequestsDuringMaintenance->handle(Object(Illuminate/Http/Request), Object(Closure))
#37 D:/josej/Documents/Proyectos/ExamenDeGrado/C#/php/chirper/vendor/laravel/framework/src/Illuminate/Http/Middleware/HandleCors.php(61): Illuminate/Pipeline/Pipeline->{closure:{closure:Illuminate/Pipeline/Pipeline::carry():194}:195}(Object(Illuminate/Http/Request))
#38 D:/josej/Documents/Proyectos/ExamenDeGrado/C#/php/chirper/vendor/laravel/framework/src/Illuminate/Pipeline/Pipeline.php(219): Illuminate/Http/Middleware/HandleCors->handle(Object(Illuminate/Http/Request), Object(Closure))
#39 D:/josej/Documents/Proyectos/ExamenDeGrado/C#/php/chirper/vendor/laravel/framework/src/Illuminate/Http/Middleware/TrustProxies.php(58): Illuminate/Pipeline/Pipeline->{closure:{closure:Illuminate/Pipeline/Pipeline::carry():194}:195}(Object(Illuminate/Http/Request))
#40 D:/josej/Documents/Proyectos/ExamenDeGrado/C#/php/chirper/vendor/laravel/framework/src/Illuminate/Pipeline/Pipeline.php(219): Illuminate/Http/Middleware/TrustProxies->handle(Object(Illuminate/Http/Request), Object(Closure))
#41 D:/josej/Documents/Proyectos/ExamenDeGrado/C#/php/chirper/vendor/laravel/framework/src/Illuminate/Foundation/Http/Middleware/InvokeDeferredCallbacks.php(22): Illuminate/Pipeline/Pipeline->{closure:{closure:Illuminate/Pipeline/Pipeline::carry():194}:195}(Object(Illuminate/Http/Request))
#42 D:/josej/Documents/Proyectos/ExamenDeGrado/C#/php/chirper/vendor/laravel/framework/src/Illuminate/Pipeline/Pipeline.php(219): Illuminate/Foundation/Http/Middleware/InvokeDeferredCallbacks->handle(Object(Illuminate/Http/Request), Object(Closure))
#43 D:/josej/Documents/Proyectos/ExamenDeGrado/C#/php/chirper/vendor/laravel/framework/src/Illuminate/Http/Middleware/ValidatePathEncoding.php(28): Illuminate/Pipeline/Pipeline->{closure:{closure:Illuminate/Pipeline/Pipeline::carry():194}:195}(Object(Illuminate/Http/Request))
#44 D:/josej/Documents/Proyectos/ExamenDeGrado/C#/php/chirper/vendor/laravel/framework/src/Illuminate/Pipeline/Pipeline.php(219): Illuminate/Http/Middleware/ValidatePathEncoding->handle(Object(Illuminate/Http/Request), Object(Closure))
#45 D:/josej/Documents/Proyectos/ExamenDeGrado/C#/php/chirper/vendor/laravel/framework/src/Illuminate/Pipeline/Pipeline.php(137): Illuminate/Pipeline/Pipeline->{closure:{closure:Illuminate/Pipeline/Pipeline::carry():194}:195}(Object(Illuminate/Http/Request))
#46 D:/josej/Documents/Proyectos/ExamenDeGrado/C#/php/chirper/vendor/laravel/framework/src/Illuminate/Foundation/Http/Kernel.php(175): Illuminate/Pipeline/Pipeline->then(Object(Closure))
#47 D:/josej/Documents/Proyectos/ExamenDeGrado/C#/php/chirper/vendor/laravel/framework/src/Illuminate/Foundation/Http/Kernel.php(144): Illuminate/Foundation/Http/Kernel->sendRequestThroughRouter(Object(Illuminate/Http/Request))
#48 D:/josej/Documents/Proyectos/ExamenDeGrado/C#/php/chirper/vendor/laravel/framework/src/Illuminate/Foundation/Application.php(1227): Illuminate/Foundation/Http/Kernel->handle(Object(Illuminate/Http/Request))
#49 D:/josej/Documents/Proyectos/ExamenDeGrado/C#/php/chirper/public/index.php(20): Illuminate/Foundation/Application->handleRequest(Object(Illuminate/Http/Request))
#50 D:/josej/Documents/Proyectos/ExamenDeGrado/C#/php/chirper/vendor/laravel/framework/src/Illuminate/Foundation/resources/server.php(23): require_once('D://josej//Docume...')
#51 {main}

[previous exception] [object] (Illuminate\\Database\\SQLiteDatabaseDoesNotExistException(code: 0): Database file at path [D:\\josej\\Documents\\Proyectos\\ExamenDeGrado\\C#\\php\\chirper\\database\\database.sqlite] does not exist. Ensure this is an absolute path to the database. at D:/josej/Documents/Proyectos/ExamenDeGrado/C#/php/chirper/vendor/laravel/framework/src/Illuminate/Database/Connectors/SQLiteConnector.php:61)
[stacktrace]
#0 D:/josej/Documents/Proyectos/ExamenDeGrado/C#/php/chirper/vendor/laravel/framework/src/Illuminate/Database/Connectors/SQLiteConnector.php(19): Illuminate/Database/Connectors/SQLiteConnector->parseDatabasePath(false)
#1 D:/josej/Documents/Proyectos/ExamenDeGrado/C#/php/chirper/vendor/laravel/framework/src/Illuminate/Database/Connectors/ConnectionFactory.php(259): Illuminate/Database/Connectors/SQLiteConnector->connect(Array)
#2 [internal function]: Illuminate/Database/Connectors/ConnectionFactory->{closure:Illuminate/Database/Connectors/ConnectionFactory::createPdoResolverWithoutHosts():259}()
#3 D:/josej/Documents/Proyectos/ExamenDeGrado/C#/php/chirper/vendor/laravel/framework/src/Illuminate/Database/Connection.php(1297): call_user_func(Object(Closure))
#4 D:/josej/Documents/Proyectos/ExamenDeGrado/C#/php/chirper/vendor/laravel/framework/src/Illuminate/Database/Connection.php(542): Illuminate/Database/Connection->getPdo()
#5 D:/josej/Documents/Proyectos/ExamenDeGrado/C#/php/chirper/vendor/laravel/framework/src/Illuminate/Database/Connection.php(435): Illuminate/Database/Connection->getPdoForSelect(false)
#6 D:/josej/Documents/Proyectos/ExamenDeGrado/C#/php/chirper/vendor/laravel/framework/src/Illuminate/Database/Connection.php(846): Illuminate/Database/Connection->{closure:Illuminate/Database/Connection::select():426}('select * from \"...', Array)
#7 D:/josej/Documents/Proyectos/ExamenDeGrado/C#/php/chirper/vendor/laravel/framework/src/Illuminate/Database/Connection.php(813): Illuminate/Database/Connection->runQueryCallback('select * from \"...', Array, Object(Closure))
#8 D:/josej/Documents/Proyectos/ExamenDeGrado/C#/php/chirper/vendor/laravel/framework/src/Illuminate/Database/Connection.php(426): Illuminate/Database/Connection->run('select * from \"...', Array, Object(Closure))
#9 D:/josej/Documents/Proyectos/ExamenDeGrado/C#/php/chirper/vendor/laravel/framework/src/Illuminate/Database/Query/Builder.php(3573): Illuminate/Database/Connection->select('select * from \"...', Array, false, Array)
#10 D:/josej/Documents/Proyectos/ExamenDeGrado/C#/php/chirper/vendor/laravel/framework/src/Illuminate/Database/Query/Builder.php(3557): Illuminate/Database/Query/Builder->runSelect()
#11 D:/josej/Documents/Proyectos/ExamenDeGrado/C#/php/chirper/vendor/laravel/framework/src/Illuminate/Database/Concerns/BuildsQueries.php(366): Illuminate/Database/Query/Builder->get(Array)
#12 D:/josej/Documents/Proyectos/ExamenDeGrado/C#/php/chirper/vendor/laravel/framework/src/Illuminate/Database/Query/Builder.php(3475): Illuminate/Database/Query/Builder->first(Array)
#13 D:/josej/Documents/Proyectos/ExamenDeGrado/C#/php/chirper/vendor/laravel/framework/src/Illuminate/Session/DatabaseSessionHandler.php(96): Illuminate/Database/Query/Builder->find('4pOiD5abLtyrqn9...')
#14 D:/josej/Documents/Proyectos/ExamenDeGrado/C#/php/chirper/vendor/laravel/framework/src/Illuminate/Session/Store.php(128): Illuminate/Session/DatabaseSessionHandler->read('4pOiD5abLtyrqn9...')
#15 D:/josej/Documents/Proyectos/ExamenDeGrado/C#/php/chirper/vendor/laravel/framework/src/Illuminate/Session/Store.php(116): Illuminate/Session/Store->readFromHandler()
#16 D:/josej/Documents/Proyectos/ExamenDeGrado/C#/php/chirper/vendor/laravel/framework/src/Illuminate/Session/Store.php(100): Illuminate/Session/Store->loadSession()
#17 D:/josej/Documents/Proyectos/ExamenDeGrado/C#/php/chirper/vendor/laravel/framework/src/Illuminate/Session/Middleware/StartSession.php(146): Illuminate/Session/Store->start()
#18 D:/josej/Documents/Proyectos/ExamenDeGrado/C#/php/chirper/vendor/laravel/framework/src/Illuminate/Support/helpers.php(393): Illuminate/Session/Middleware/StartSession->{closure:Illuminate/Session/Middleware/StartSession::startSession():143}(Object(Illuminate/Session/Store))
#19 D:/josej/Documents/Proyectos/ExamenDeGrado/C#/php/chirper/vendor/laravel/framework/src/Illuminate/Session/Middleware/StartSession.php(143): tap(Object(Illuminate/Session/Store), Object(Closure))
#20 D:/josej/Documents/Proyectos/ExamenDeGrado/C#/php/chirper/vendor/laravel/framework/src/Illuminate/Session/Middleware/StartSession.php(115): Illuminate/Session/Middleware/StartSession->startSession(Object(Illuminate/Http/Request), Object(Illuminate/Session/Store))
#21 D:/josej/Documents/Proyectos/ExamenDeGrado/C#/php/chirper/vendor/laravel/framework/src/Illuminate/Session/Middleware/StartSession.php(63): Illuminate/Session/Middleware/StartSession->handleStatefulRequest(Object(Illuminate/Http/Request), Object(Illuminate/Session/Store), Object(Closure))
#22 D:/josej/Documents/Proyectos/ExamenDeGrado/C#/php/chirper/vendor/laravel/framework/src/Illuminate/Pipeline/Pipeline.php(219): Illuminate/Session/Middleware/StartSession->handle(Object(Illuminate/Http/Request), Object(Closure))
#23 D:/josej/Documents/Proyectos/ExamenDeGrado/C#/php/chirper/vendor/laravel/framework/src/Illuminate/Cookie/Middleware/AddQueuedCookiesToResponse.php(36): Illuminate/Pipeline/Pipeline->{closure:{closure:Illuminate/Pipeline/Pipeline::carry():194}:195}(Object(Illuminate/Http/Request))
#24 D:/josej/Documents/Proyectos/ExamenDeGrado/C#/php/chirper/vendor/laravel/framework/src/Illuminate/Pipeline/Pipeline.php(219): Illuminate/Cookie/Middleware/AddQueuedCookiesToResponse->handle(Object(Illuminate/Http/Request), Object(Closure))
#25 D:/josej/Documents/Proyectos/ExamenDeGrado/C#/php/chirper/vendor/laravel/framework/src/Illuminate/Cookie/Middleware/EncryptCookies.php(74): Illuminate/Pipeline/Pipeline->{closure:{closure:Illuminate/Pipeline/Pipeline::carry():194}:195}(Object(Illuminate/Http/Request))
#26 D:/josej/Documents/Proyectos/ExamenDeGrado/C#/php/chirper/vendor/laravel/framework/src/Illuminate/Pipeline/Pipeline.php(219): Illuminate/Cookie/Middleware/EncryptCookies->handle(Object(Illuminate/Http/Request), Object(Closure))
#27 D:/josej/Documents/Proyectos/ExamenDeGrado/C#/php/chirper/vendor/laravel/framework/src/Illuminate/Pipeline/Pipeline.php(137): Illuminate/Pipeline/Pipeline->{closure:{closure:Illuminate/Pipeline/Pipeline::carry():194}:195}(Object(Illuminate/Http/Request))
#28 D:/josej/Documents/Proyectos/ExamenDeGrado/C#/php/chirper/vendor/laravel/framework/src/Illuminate/Routing/Router.php(821): Illuminate/Pipeline/Pipeline->then(Object(Closure))
#29 D:/josej/Documents/Proyectos/ExamenDeGrado/C#/php/chirper/vendor/laravel/framework/src/Illuminate/Routing/Router.php(800): Illuminate/Routing/Router->runRouteWithinStack(Object(Illuminate/Routing/Route), Object(Illuminate/Http/Request))
#30 D:/josej/Documents/Proyectos/ExamenDeGrado/C#/php/chirper/vendor/laravel/framework/src/Illuminate/Routing/Router.php(764): Illuminate/Routing/Router->runRoute(Object(Illuminate/Http/Request), Object(Illuminate/Routing/Route))
#31 D:/josej/Documents/Proyectos/ExamenDeGrado/C#/php/chirper/vendor/laravel/framework/src/Illuminate/Routing/Router.php(753): Illuminate/Routing/Router->dispatchToRoute(Object(Illuminate/Http/Request))
#32 D:/josej/Documents/Proyectos/ExamenDeGrado/C#/php/chirper/vendor/laravel/framework/src/Illuminate/Foundation/Http/Kernel.php(200): Illuminate/Routing/Router->dispatch(Object(Illuminate/Http/Request))
#33 D:/josej/Documents/Proyectos/ExamenDeGrado/C#/php/chirper/vendor/laravel/framework/src/Illuminate/Pipeline/Pipeline.php(180): Illuminate/Foundation/Http/Kernel->{closure:Illuminate/Foundation/Http/Kernel::dispatchToRouter():197}(Object(Illuminate/Http/Request))
#34 D:/josej/Documents/Proyectos/ExamenDeGrado/C#/php/chirper/vendor/laravel/framework/src/Illuminate/Foundation/Http/Middleware/TransformsRequest.php(21): Illuminate/Pipeline/Pipeline->{closure:Illuminate/Pipeline/Pipeline::prepareDestination():178}(Object(Illuminate/Http/Request))
#35 D:/josej/Documents/Proyectos/ExamenDeGrado/C#/php/chirper/vendor/laravel/framework/src/Illuminate/Foundation/Http/Middleware/ConvertEmptyStringsToNull.php(31): Illuminate/Foundation/Http/Middleware/TransformsRequest->handle(Object(Illuminate/Http/Request), Object(Closure))
#36 D:/josej/Documents/Proyectos/ExamenDeGrado/C#/php/chirper/vendor/laravel/framework/src/Illuminate/Pipeline/Pipeline.php(219): Illuminate/Foundation/Http/Middleware/ConvertEmptyStringsToNull->handle(Object(Illuminate/Http/Request), Object(Closure))
#37 D:/josej/Documents/Proyectos/ExamenDeGrado/C#/php/chirper/vendor/laravel/framework/src/Illuminate/Foundation/Http/Middleware/TransformsRequest.php(21): Illuminate/Pipeline/Pipeline->{closure:{closure:Illuminate/Pipeline/Pipeline::carry():194}:195}(Object(Illuminate/Http/Request))
#38 D:/josej/Documents/Proyectos/ExamenDeGrado/C#/php/chirper/vendor/laravel/framework/src/Illuminate/Foundation/Http/Middleware/TrimStrings.php(51): Illuminate/Foundation/Http/Middleware/TransformsRequest->handle(Object(Illuminate/Http/Request), Object(Closure))
#39 D:/josej/Documents/Proyectos/ExamenDeGrado/C#/php/chirper/vendor/laravel/framework/src/Illuminate/Pipeline/Pipeline.php(219): Illuminate/Foundation/Http/Middleware/TrimStrings->handle(Object(Illuminate/Http/Request), Object(Closure))
#40 D:/josej/Documents/Proyectos/ExamenDeGrado/C#/php/chirper/vendor/laravel/framework/src/Illuminate/Http/Middleware/ValidatePostSize.php(27): Illuminate/Pipeline/Pipeline->{closure:{closure:Illuminate/Pipeline/Pipeline::carry():194}:195}(Object(Illuminate/Http/Request))
#41 D:/josej/Documents/Proyectos/ExamenDeGrado/C#/php/chirper/vendor/laravel/framework/src/Illuminate/Pipeline/Pipeline.php(219): Illuminate/Http/Middleware/ValidatePostSize->handle(Object(Illuminate/Http/Request), Object(Closure))
#42 D:/josej/Documents/Proyectos/ExamenDeGrado/C#/php/chirper/vendor/laravel/framework/src/Illuminate/Foundation/Http/Middleware/PreventRequestsDuringMaintenance.php(110): Illuminate/Pipeline/Pipeline->{closure:{closure:Illuminate/Pipeline/Pipeline::carry():194}:195}(Object(Illuminate/Http/Request))
#43 D:/josej/Documents/Proyectos/ExamenDeGrado/C#/php/chirper/vendor/laravel/framework/src/Illuminate/Pipeline/Pipeline.php(219): Illuminate/Foundation/Http/Middleware/PreventRequestsDuringMaintenance->handle(Object(Illuminate/Http/Request), Object(Closure))
#44 D:/josej/Documents/Proyectos/ExamenDeGrado/C#/php/chirper/vendor/laravel/framework/src/Illuminate/Http/Middleware/HandleCors.php(61): Illuminate/Pipeline/Pipeline->{closure:{closure:Illuminate/Pipeline/Pipeline::carry():194}:195}(Object(Illuminate/Http/Request))
#45 D:/josej/Documents/Proyectos/ExamenDeGrado/C#/php/chirper/vendor/laravel/framework/src/Illuminate/Pipeline/Pipeline.php(219): Illuminate/Http/Middleware/HandleCors->handle(Object(Illuminate/Http/Request), Object(Closure))
#46 D:/josej/Documents/Proyectos/ExamenDeGrado/C#/php/chirper/vendor/laravel/framework/src/Illuminate/Http/Middleware/TrustProxies.php(58): Illuminate/Pipeline/Pipeline->{closure:{closure:Illuminate/Pipeline/Pipeline::carry():194}:195}(Object(Illuminate/Http/Request))
#47 D:/josej/Documents/Proyectos/ExamenDeGrado/C#/php/chirper/vendor/laravel/framework/src/Illuminate/Pipeline/Pipeline.php(219): Illuminate/Http/Middleware/TrustProxies->handle(Object(Illuminate/Http/Request), Object(Closure))
#48 D:/josej/Documents/Proyectos/ExamenDeGrado/C#/php/chirper/vendor/laravel/framework/src/Illuminate/Foundation/Http/Middleware/InvokeDeferredCallbacks.php(22): Illuminate/Pipeline/Pipeline->{closure:{closure:Illuminate/Pipeline/Pipeline::carry():194}:195}(Object(Illuminate/Http/Request))
#49 D:/josej/Documents/Proyectos/ExamenDeGrado/C#/php/chirper/vendor/laravel/framework/src/Illuminate/Pipeline/Pipeline.php(219): Illuminate/Foundation/Http/Middleware/InvokeDeferredCallbacks->handle(Object(Illuminate/Http/Request), Object(Closure))
#50 D:/josej/Documents/Proyectos/ExamenDeGrado/C#/php/chirper/vendor/laravel/framework/src/Illuminate/Http/Middleware/ValidatePathEncoding.php(28): Illuminate/Pipeline/Pipeline->{closure:{closure:Illuminate/Pipeline/Pipeline::carry():194}:195}(Object(Illuminate/Http/Request))
#51 D:/josej/Documents/Proyectos/ExamenDeGrado/C#/php/chirper/vendor/laravel/framework/src/Illuminate/Pipeline/Pipeline.php(219): Illuminate/Http/Middleware/ValidatePathEncoding->handle(Object(Illuminate/Http/Request), Object(Closure))
#52 D:/josej/Documents/Proyectos/ExamenDeGrado/C#/php/chirper/vendor/laravel/framework/src/Illuminate/Pipeline/Pipeline.php(137): Illuminate/Pipeline/Pipeline->{closure:{closure:Illuminate/Pipeline/Pipeline::carry():194}:195}(Object(Illuminate/Http/Request))
#53 D:/josej/Documents/Proyectos/ExamenDeGrado/C#/php/chirper/vendor/laravel/framework/src/Illuminate/Foundation/Http/Kernel.php(175): Illuminate/Pipeline/Pipeline->then(Object(Closure))
#54 D:/josej/Documents/Proyectos/ExamenDeGrado/C#/php/chirper/vendor/laravel/framework/src/Illuminate/Foundation/Http/Kernel.php(144): Illuminate/Foundation/Http/Kernel->sendRequestThroughRouter(Object(Illuminate/Http/Request))
#55 D:/josej/Documents/Proyectos/ExamenDeGrado/C#/php/chirper/vendor/laravel/framework/src/Illuminate/Foundation/Application.php(1227): Illuminate/Foundation/Http/Kernel->handle(Object(Illuminate/Http/Request))
#56 D:/josej/Documents/Proyectos/ExamenDeGrado/C#/php/chirper/public/index.php(20): Illuminate/Foundation/Application->handleRequest(Object(Illuminate/Http/Request))
#57 D:/josej/Documents/Proyectos/ExamenDeGrado/C#/php/chirper/vendor/laravel/framework/src/Illuminate/Foundation/resources/server.php(23): require_once('D://josej//Docume...')
#58 {main}
"} 
[2026-08-15 03:05:42] local.ERROR: Database file at path [D:\josej\Documents\Proyectos\ExamenDeGrado\C#\php\chirper\database\database.sqlite] does not exist. Ensure this is an absolute path to the database. (Connection: sqlite, Database: D:\josej\Documents\Proyectos\ExamenDeGrado\C#\php\chirper\database\database.sqlite, SQL: select * from "cache" where "key" in (laravel-cache-illuminate:queues:paused, laravel-cache-illuminate:queue:paused:database:default)) {"exception":"[object] (Illuminate\\Database\\QueryException(code: 0): Database file at path [D:\\josej\\Documents\\Proyectos\\ExamenDeGrado\\C#\\php\\chirper\\database\\database.sqlite] does not exist. Ensure this is an absolute path to the database. (Connection: sqlite, Database: D:\\josej\\Documents\\Proyectos\\ExamenDeGrado\\C#\\php\\chirper\\database\\database.sqlite, SQL: select * from \"cache\" where \"key\" in (laravel-cache-illuminate:queues:paused, laravel-cache-illuminate:queue:paused:database:default)) at D:/josej/Documents/Proyectos/ExamenDeGrado/C#/php/chirper/vendor/laravel/framework/src/Illuminate/Database/Connection.php:857)
[stacktrace]
#0 D:/josej/Documents/Proyectos/ExamenDeGrado/C#/php/chirper/vendor/laravel/framework/src/Illuminate/Database/Connection.php(813): Illuminate/Database/Connection->runQueryCallback('select * from \"...', Array, Object(Closure))
#1 D:/josej/Documents/Proyectos/ExamenDeGrado/C#/php/chirper/vendor/laravel/framework/src/Illuminate/Database/Connection.php(426): Illuminate/Database/Connection->run('select * from \"...', Array, Object(Closure))
#2 D:/josej/Documents/Proyectos/ExamenDeGrado/C#/php/chirper/vendor/laravel/framework/src/Illuminate/Database/Query/Builder.php(3573): Illuminate/Database/Connection->select('select * from \"...', Array, true, Array)
#3 D:/josej/Documents/Proyectos/ExamenDeGrado/C#/php/chirper/vendor/laravel/framework/src/Illuminate/Database/Query/Builder.php(3557): Illuminate/Database/Query/Builder->runSelect()
#4 D:/josej/Documents/Proyectos/ExamenDeGrado/C#/php/chirper/vendor/laravel/framework/src/Illuminate/Cache/DatabaseStore.php(142): Illuminate/Database/Query/Builder->get()
#5 D:/josej/Documents/Proyectos/ExamenDeGrado/C#/php/chirper/vendor/laravel/framework/src/Illuminate/Cache/Repository.php(167): Illuminate/Cache/DatabaseStore->many(Array)
#6 D:/josej/Documents/Proyectos/ExamenDeGrado/C#/php/chirper/vendor/laravel/framework/src/Illuminate/Queue/QueueManager.php(335): Illuminate/Cache/Repository->many(Array)
#7 D:/josej/Documents/Proyectos/ExamenDeGrado/C#/php/chirper/vendor/laravel/framework/src/Illuminate/Queue/Worker.php(489): Illuminate/Queue/QueueManager->getPausedQueues('database', Array)
#8 D:/josej/Documents/Proyectos/ExamenDeGrado/C#/php/chirper/vendor/laravel/framework/src/Illuminate/Queue/Worker.php(450): Illuminate/Queue/Worker->getPausedQueues('database', Array)
#9 D:/josej/Documents/Proyectos/ExamenDeGrado/C#/php/chirper/vendor/laravel/framework/src/Illuminate/Queue/Worker.php(410): Illuminate/Queue/Worker->getNextJob(Object(Illuminate/Queue/DatabaseQueue), 'default')
#10 D:/josej/Documents/Proyectos/ExamenDeGrado/C#/php/chirper/vendor/laravel/framework/src/Illuminate/Queue/Console/WorkCommand.php(149): Illuminate/Queue/Worker->runNextJob('database', 'default', Object(Illuminate/Queue/WorkerOptions))
#11 D:/josej/Documents/Proyectos/ExamenDeGrado/C#/php/chirper/vendor/laravel/framework/src/Illuminate/Queue/Console/WorkCommand.php(132): Illuminate/Queue/Console/WorkCommand->runWorker('database', 'default')
#12 D:/josej/Documents/Proyectos/ExamenDeGrado/C#/php/chirper/vendor/laravel/framework/src/Illuminate/Container/BoundMethod.php(36): Illuminate/Queue/Console/WorkCommand->handle()
#13 D:/josej/Documents/Proyectos/ExamenDeGrado/C#/php/chirper/vendor/laravel/framework/src/Illuminate/Container/Util.php(43): Illuminate/Container/BoundMethod::{closure:Illuminate/Container/BoundMethod::call():35}()
#14 D:/josej/Documents/Proyectos/ExamenDeGrado/C#/php/chirper/vendor/laravel/framework/src/Illuminate/Container/BoundMethod.php(96): Illuminate/Container/Util::unwrapIfClosure(Object(Closure))
#15 D:/josej/Documents/Proyectos/ExamenDeGrado/C#/php/chirper/vendor/laravel/framework/src/Illuminate/Container/BoundMethod.php(35): Illuminate/Container/BoundMethod::callBoundMethod(Object(Illuminate/Foundation/Application), Array, Object(Closure))
#16 D:/josej/Documents/Proyectos/ExamenDeGrado/C#/php/chirper/vendor/laravel/framework/src/Illuminate/Container/Container.php(801): Illuminate/Container/BoundMethod::call(Object(Illuminate/Foundation/Application), Array, Array, NULL)
#17 D:/josej/Documents/Proyectos/ExamenDeGrado/C#/php/chirper/vendor/laravel/framework/src/Illuminate/Console/Command.php(292): Illuminate/Container/Container->call(Array)
#18 D:/josej/Documents/Proyectos/ExamenDeGrado/C#/php/chirper/vendor/symfony/console/Command/Command.php(284): Illuminate/Console/Command->execute(Object(Symfony/Component/Console/Input/ArgvInput), Object(Illuminate/Console/OutputStyle))
#19 D:/josej/Documents/Proyectos/ExamenDeGrado/C#/php/chirper/vendor/laravel/framework/src/Illuminate/Console/Command.php(261): Symfony/Component/Console/Command/Command->run(Object(Symfony/Component/Console/Input/ArgvInput), Object(Illuminate/Console/OutputStyle))
#20 D:/josej/Documents/Proyectos/ExamenDeGrado/C#/php/chirper/vendor/symfony/console/Application.php(1144): Illuminate/Console/Command->run(Object(Symfony/Component/Console/Input/ArgvInput), Object(Symfony/Component/Console/Output/ConsoleOutput))
#21 D:/josej/Documents/Proyectos/ExamenDeGrado/C#/php/chirper/vendor/symfony/console/Application.php(379): Symfony/Component/Console/Application->doRunCommand(Object(Illuminate/Queue/Console/WorkCommand), Object(Symfony/Component/Console/Input/ArgvInput), Object(Symfony/Component/Console/Output/ConsoleOutput))
#22 D:/josej/Documents/Proyectos/ExamenDeGrado/C#/php/chirper/vendor/symfony/console/Application.php(218): Symfony/Component/Console/Application->doRun(Object(Symfony/Component/Console/Input/ArgvInput), Object(Symfony/Component/Console/Output/ConsoleOutput))
#23 D:/josej/Documents/Proyectos/ExamenDeGrado/C#/php/chirper/vendor/laravel/framework/src/Illuminate/Foundation/Console/Kernel.php(198): Symfony/Component/Console/Application->run(Object(Symfony/Component/Console/Input/ArgvInput), Object(Symfony/Component/Console/Output/ConsoleOutput))
#24 D:/josej/Documents/Proyectos/ExamenDeGrado/C#/php/chirper/vendor/laravel/framework/src/Illuminate/Foundation/Application.php(1242): Illuminate/Foundation/Console/Kernel->handle(Object(Symfony/Component/Console/Input/ArgvInput), Object(Symfony/Component/Console/Output/ConsoleOutput))
#25 D:/josej/Documents/Proyectos/ExamenDeGrado/C#/php/chirper/artisan(16): Illuminate/Foundation/Application->handleCommand(Object(Symfony/Component/Console/Input/ArgvInput))
#26 {main}

[previous exception] [object] (Illuminate\\Database\\SQLiteDatabaseDoesNotExistException(code: 0): Database file at path [D:\\josej\\Documents\\Proyectos\\ExamenDeGrado\\C#\\php\\chirper\\database\\database.sqlite] does not exist. Ensure this is an absolute path to the database. at D:/josej/Documents/Proyectos/ExamenDeGrado/C#/php/chirper/vendor/laravel/framework/src/Illuminate/Database/Connectors/SQLiteConnector.php:61)
[stacktrace]
#0 D:/josej/Documents/Proyectos/ExamenDeGrado/C#/php/chirper/vendor/laravel/framework/src/Illuminate/Database/Connectors/SQLiteConnector.php(19): Illuminate/Database/Connectors/SQLiteConnector->parseDatabasePath(false)
#1 D:/josej/Documents/Proyectos/ExamenDeGrado/C#/php/chirper/vendor/laravel/framework/src/Illuminate/Database/Connectors/ConnectionFactory.php(259): Illuminate/Database/Connectors/SQLiteConnector->connect(Array)
#2 [internal function]: Illuminate/Database/Connectors/ConnectionFactory->{closure:Illuminate/Database/Connectors/ConnectionFactory::createPdoResolverWithoutHosts():259}()
#3 D:/josej/Documents/Proyectos/ExamenDeGrado/C#/php/chirper/vendor/laravel/framework/src/Illuminate/Database/Connection.php(1297): call_user_func(Object(Closure))
#4 D:/josej/Documents/Proyectos/ExamenDeGrado/C#/php/chirper/vendor/laravel/framework/src/Illuminate/Database/Connection.php(1335): Illuminate/Database/Connection->getPdo()
#5 D:/josej/Documents/Proyectos/ExamenDeGrado/C#/php/chirper/vendor/laravel/framework/src/Illuminate/Database/Connection.php(542): Illuminate/Database/Connection->getReadPdo()
#6 D:/josej/Documents/Proyectos/ExamenDeGrado/C#/php/chirper/vendor/laravel/framework/src/Illuminate/Database/Connection.php(435): Illuminate/Database/Connection->getPdoForSelect(true)
#7 D:/josej/Documents/Proyectos/ExamenDeGrado/C#/php/chirper/vendor/laravel/framework/src/Illuminate/Database/Connection.php(846): Illuminate/Database/Connection->{closure:Illuminate/Database/Connection::select():426}('select * from \"...', Array)
#8 D:/josej/Documents/Proyectos/ExamenDeGrado/C#/php/chirper/vendor/laravel/framework/src/Illuminate/Database/Connection.php(813): Illuminate/Database/Connection->runQueryCallback('select * from \"...', Array, Object(Closure))
#9 D:/josej/Documents/Proyectos/ExamenDeGrado/C#/php/chirper/vendor/laravel/framework/src/Illuminate/Database/Connection.php(426): Illuminate/Database/Connection->run('select * from \"...', Array, Object(Closure))
#10 D:/josej/Documents/Proyectos/ExamenDeGrado/C#/php/chirper/vendor/laravel/framework/src/Illuminate/Database/Query/Builder.php(3573): Illuminate/Database/Connection->select('select * from \"...', Array, true, Array)
#11 D:/josej/Documents/Proyectos/ExamenDeGrado/C#/php/chirper/vendor/laravel/framework/src/Illuminate/Database/Query/Builder.php(3557): Illuminate/Database/Query/Builder->runSelect()
#12 D:/josej/Documents/Proyectos/ExamenDeGrado/C#/php/chirper/vendor/laravel/framework/src/Illuminate/Cache/DatabaseStore.php(142): Illuminate/Database/Query/Builder->get()
#13 D:/josej/Documents/Proyectos/ExamenDeGrado/C#/php/chirper/vendor/laravel/framework/src/Illuminate/Cache/Repository.php(167): Illuminate/Cache/DatabaseStore->many(Array)
#14 D:/josej/Documents/Proyectos/ExamenDeGrado/C#/php/chirper/vendor/laravel/framework/src/Illuminate/Queue/QueueManager.php(335): Illuminate/Cache/Repository->many(Array)
#15 D:/josej/Documents/Proyectos/ExamenDeGrado/C#/php/chirper/vendor/laravel/framework/src/Illuminate/Queue/Worker.php(489): Illuminate/Queue/QueueManager->getPausedQueues('database', Array)
#16 D:/josej/Documents/Proyectos/ExamenDeGrado/C#/php/chirper/vendor/laravel/framework/src/Illuminate/Queue/Worker.php(450): Illuminate/Queue/Worker->getPausedQueues('database', Array)
#17 D:/josej/Documents/Proyectos/ExamenDeGrado/C#/php/chirper/vendor/laravel/framework/src/Illuminate/Queue/Worker.php(410): Illuminate/Queue/Worker->getNextJob(Object(Illuminate/Queue/DatabaseQueue), 'default')
#18 D:/josej/Documents/Proyectos/ExamenDeGrado/C#/php/chirper/vendor/laravel/framework/src/Illuminate/Queue/Console/WorkCommand.php(149): Illuminate/Queue/Worker->runNextJob('database', 'default', Object(Illuminate/Queue/WorkerOptions))
#19 D:/josej/Documents/Proyectos/ExamenDeGrado/C#/php/chirper/vendor/laravel/framework/src/Illuminate/Queue/Console/WorkCommand.php(132): Illuminate/Queue/Console/WorkCommand->runWorker('database', 'default')
#20 D:/josej/Documents/Proyectos/ExamenDeGrado/C#/php/chirper/vendor/laravel/framework/src/Illuminate/Container/BoundMethod.php(36): Illuminate/Queue/Console/WorkCommand->handle()
#21 D:/josej/Documents/Proyectos/ExamenDeGrado/C#/php/chirper/vendor/laravel/framework/src/Illuminate/Container/Util.php(43): Illuminate/Container/BoundMethod::{closure:Illuminate/Container/BoundMethod::call():35}()
#22 D:/josej/Documents/Proyectos/ExamenDeGrado/C#/php/chirper/vendor/laravel/framework/src/Illuminate/Container/BoundMethod.php(96): Illuminate/Container/Util::unwrapIfClosure(Object(Closure))
#23 D:/josej/Documents/Proyectos/ExamenDeGrado/C#/php/chirper/vendor/laravel/framework/src/Illuminate/Container/BoundMethod.php(35): Illuminate/Container/BoundMethod::callBoundMethod(Object(Illuminate/Foundation/Application), Array, Object(Closure))
#24 D:/josej/Documents/Proyectos/ExamenDeGrado/C#/php/chirper/vendor/laravel/framework/src/Illuminate/Container/Container.php(801): Illuminate/Container/BoundMethod::call(Object(Illuminate/Foundation/Application), Array, Array, NULL)
#25 D:/josej/Documents/Proyectos/ExamenDeGrado/C#/php/chirper/vendor/laravel/framework/src/Illuminate/Console/Command.php(292): Illuminate/Container/Container->call(Array)
#26 D:/josej/Documents/Proyectos/ExamenDeGrado/C#/php/chirper/vendor/symfony/console/Command/Command.php(284): Illuminate/Console/Command->execute(Object(Symfony/Component/Console/Input/ArgvInput), Object(Illuminate/Console/OutputStyle))
#27 D:/josej/Documents/Proyectos/ExamenDeGrado/C#/php/chirper/vendor/laravel/framework/src/Illuminate/Console/Command.php(261): Symfony/Component/Console/Command/Command->run(Object(Symfony/Component/Console/Input/ArgvInput), Object(Illuminate/Console/OutputStyle))
#28 D:/josej/Documents/Proyectos/ExamenDeGrado/C#/php/chirper/vendor/symfony/console/Application.php(1144): Illuminate/Console/Command->run(Object(Symfony/Component/Console/Input/ArgvInput), Object(Symfony/Component/Console/Output/ConsoleOutput))
#29 D:/josej/Documents/Proyectos/ExamenDeGrado/C#/php/chirper/vendor/symfony/console/Application.php(379): Symfony/Component/Console/Application->doRunCommand(Object(Illuminate/Queue/Console/WorkCommand), Object(Symfony/Component/Console/Input/ArgvInput), Object(Symfony/Component/Console/Output/ConsoleOutput))
#30 D:/josej/Documents/Proyectos/ExamenDeGrado/C#/php/chirper/vendor/symfony/console/Application.php(218): Symfony/Component/Console/Application->doRun(Object(Symfony/Component/Console/Input/ArgvInput), Object(Symfony/Component/Console/Output/ConsoleOutput))
#31 D:/josej/Documents/Proyectos/ExamenDeGrado/C#/php/chirper/vendor/laravel/framework/src/Illuminate/Foundation/Console/Kernel.php(198): Symfony/Component/Console/Application->run(Object(Symfony/Component/Console/Input/ArgvInput), Object(Symfony/Component/Console/Output/ConsoleOutput))
#32 D:/josej/Documents/Proyectos/ExamenDeGrado/C#/php/chirper/vendor/laravel/framework/src/Illuminate/Foundation/Application.php(1242): Illuminate/Foundation/Console/Kernel->handle(Object(Symfony/Component/Console/Input/ArgvInput), Object(Symfony/Component/Console/Output/ConsoleOutput))
#33 D:/josej/Documents/Proyectos/ExamenDeGrado/C#/php/chirper/artisan(16): Illuminate/Foundation/Application->handleCommand(Object(Symfony/Component/Console/Input/ArgvInput))
#34 {main}
"} 
[2026-08-15 03:05:46] local.ERROR: Database file at path [D:\josej\Documents\Proyectos\ExamenDeGrado\C#\php\chirper\database\database.sqlite] does not exist. Ensure this is an absolute path to the database. (Connection: sqlite, Database: D:\josej\Documents\Proyectos\ExamenDeGrado\C#\php\chirper\database\database.sqlite, SQL: select * from "cache" where "key" in (laravel-cache-illuminate:queues:paused, laravel-cache-illuminate:queue:paused:database:default)) {"exception":"[object] (Illuminate\\Database\\QueryException(code: 0): Database file at path [D:\\josej\\Documents\\Proyectos\\ExamenDeGrado\\C#\\php\\chirper\\database\\database.sqlite] does not exist. Ensure this is an absolute path to the database. (Connection: sqlite, Database: D:\\josej\\Documents\\Proyectos\\ExamenDeGrado\\C#\\php\\chirper\\database\\database.sqlite, SQL: select * from \"cache\" where \"key\" in (laravel-cache-illuminate:queues:paused, laravel-cache-illuminate:queue:paused:database:default)) at D:/josej/Documents/Proyectos/ExamenDeGrado/C#/php/chirper/vendor/laravel/framework/src/Illuminate/Database/Connection.php:857)
[stacktrace]
#0 D:/josej/Documents/Proyectos/ExamenDeGrado/C#/php/chirper/vendor/laravel/framework/src/Illuminate/Database/Connection.php(813): Illuminate/Database/Connection->runQueryCallback('select * from \"...', Array, Object(Closure))
#1 D:/josej/Documents/Proyectos/ExamenDeGrado/C#/php/chirper/vendor/laravel/framework/src/Illuminate/Database/Connection.php(426): Illuminate/Database/Connection->run('select * from \"...', Array, Object(Closure))
#2 D:/josej/Documents/Proyectos/ExamenDeGrado/C#/php/chirper/vendor/laravel/framework/src/Illuminate/Database/Query/Builder.php(3573): Illuminate/Database/Connection->select('select * from \"...', Array, true, Array)
#3 D:/josej/Documents/Proyectos/ExamenDeGrado/C#/php/chirper/vendor/laravel/framework/src/Illuminate/Database/Query/Builder.php(3557): Illuminate/Database/Query/Builder->runSelect()
#4 D:/josej/Documents/Proyectos/ExamenDeGrado/C#/php/chirper/vendor/laravel/framework/src/Illuminate/Cache/DatabaseStore.php(142): Illuminate/Database/Query/Builder->get()
#5 D:/josej/Documents/Proyectos/ExamenDeGrado/C#/php/chirper/vendor/laravel/framework/src/Illuminate/Cache/Repository.php(167): Illuminate/Cache/DatabaseStore->many(Array)
#6 D:/josej/Documents/Proyectos/ExamenDeGrado/C#/php/chirper/vendor/laravel/framework/src/Illuminate/Queue/QueueManager.php(335): Illuminate/Cache/Repository->many(Array)
#7 D:/josej/Documents/Proyectos/ExamenDeGrado/C#/php/chirper/vendor/laravel/framework/src/Illuminate/Queue/Worker.php(489): Illuminate/Queue/QueueManager->getPausedQueues('database', Array)
#8 D:/josej/Documents/Proyectos/ExamenDeGrado/C#/php/chirper/vendor/laravel/framework/src/Illuminate/Queue/Worker.php(450): Illuminate/Queue/Worker->getPausedQueues('database', Array)
#9 D:/josej/Documents/Proyectos/ExamenDeGrado/C#/php/chirper/vendor/laravel/framework/src/Illuminate/Queue/Worker.php(410): Illuminate/Queue/Worker->getNextJob(Object(Illuminate/Queue/DatabaseQueue), 'default')
#10 D:/josej/Documents/Proyectos/ExamenDeGrado/C#/php/chirper/vendor/laravel/framework/src/Illuminate/Queue/Console/WorkCommand.php(149): Illuminate/Queue/Worker->runNextJob('database', 'default', Object(Illuminate/Queue/WorkerOptions))
#11 D:/josej/Documents/Proyectos/ExamenDeGrado/C#/php/chirper/vendor/laravel/framework/src/Illuminate/Queue/Console/WorkCommand.php(132): Illuminate/Queue/Console/WorkCommand->runWorker('database', 'default')
#12 D:/josej/Documents/Proyectos/ExamenDeGrado/C#/php/chirper/vendor/laravel/framework/src/Illuminate/Container/BoundMethod.php(36): Illuminate/Queue/Console/WorkCommand->handle()
#13 D:/josej/Documents/Proyectos/ExamenDeGrado/C#/php/chirper/vendor/laravel/framework/src/Illuminate/Container/Util.php(43): Illuminate/Container/BoundMethod::{closure:Illuminate/Container/BoundMethod::call():35}()
#14 D:/josej/Documents/Proyectos/ExamenDeGrado/C#/php/chirper/vendor/laravel/framework/src/Illuminate/Container/BoundMethod.php(96): Illuminate/Container/Util::unwrapIfClosure(Object(Closure))
#15 D:/josej/Documents/Proyectos/ExamenDeGrado/C#/php/chirper/vendor/laravel/framework/src/Illuminate/Container/BoundMethod.php(35): Illuminate/Container/BoundMethod::callBoundMethod(Object(Illuminate/Foundation/Application), Array, Object(Closure))
#16 D:/josej/Documents/Proyectos/ExamenDeGrado/C#/php/chirper/vendor/laravel/framework/src/Illuminate/Container/Container.php(801): Illuminate/Container/BoundMethod::call(Object(Illuminate/Foundation/Application), Array, Array, NULL)
#17 D:/josej/Documents/Proyectos/ExamenDeGrado/C#/php/chirper/vendor/laravel/framework/src/Illuminate/Console/Command.php(292): Illuminate/Container/Container->call(Array)
#18 D:/josej/Documents/Proyectos/ExamenDeGrado/C#/php/chirper/vendor/symfony/console/Command/Command.php(284): Illuminate/Console/Command->execute(Object(Symfony/Component/Console/Input/ArgvInput), Object(Illuminate/Console/OutputStyle))
#19 D:/josej/Documents/Proyectos/ExamenDeGrado/C#/php/chirper/vendor/laravel/framework/src/Illuminate/Console/Command.php(261): Symfony/Component/Console/Command/Command->run(Object(Symfony/Component/Console/Input/ArgvInput), Object(Illuminate/Console/OutputStyle))
#20 D:/josej/Documents/Proyectos/ExamenDeGrado/C#/php/chirper/vendor/symfony/console/Application.php(1144): Illuminate/Console/Command->run(Object(Symfony/Component/Console/Input/ArgvInput), Object(Symfony/Component/Console/Output/ConsoleOutput))
#21 D:/josej/Documents/Proyectos/ExamenDeGrado/C#/php/chirper/vendor/symfony/console/Application.php(379): Symfony/Component/Console/Application->doRunCommand(Object(Illuminate/Queue/Console/WorkCommand), Object(Symfony/Component/Console/Input/ArgvInput), Object(Symfony/Component/Console/Output/ConsoleOutput))
#22 D:/josej/Documents/Proyectos/ExamenDeGrado/C#/php/chirper/vendor/symfony/console/Application.php(218): Symfony/Component/Console/Application->doRun(Object(Symfony/Component/Console/Input/ArgvInput), Object(Symfony/Component/Console/Output/ConsoleOutput))
#23 D:/josej/Documents/Proyectos/ExamenDeGrado/C#/php/chirper/vendor/laravel/framework/src/Illuminate/Foundation/Console/Kernel.php(198): Symfony/Component/Console/Application->run(Object(Symfony/Component/Console/Input/ArgvInput), Object(Symfony/Component/Console/Output/ConsoleOutput))
#24 D:/josej/Documents/Proyectos/ExamenDeGrado/C#/php/chirper/vendor/laravel/framework/src/Illuminate/Foundation/Application.php(1242): Illuminate/Foundation/Console/Kernel->handle(Object(Symfony/Component/Console/Input/ArgvInput), Object(Symfony/Component/Console/Output/ConsoleOutput))
#25 D:/josej/Documents/Proyectos/ExamenDeGrado/C#/php/chirper/artisan(16): Illuminate/Foundation/Application->handleCommand(Object(Symfony/Component/Console/Input/ArgvInput))
#26 {main}

[previous exception] [object] (Illuminate\\Database\\SQLiteDatabaseDoesNotExistException(code: 0): Database file at path [D:\\josej\\Documents\\Proyectos\\ExamenDeGrado\\C#\\php\\chirper\\database\\database.sqlite] does not exist. Ensure this is an absolute path to the database. at D:/josej/Documents/Proyectos/ExamenDeGrado/C#/php/chirper/vendor/laravel/framework/src/Illuminate/Database/Connectors/SQLiteConnector.php:61)
[stacktrace]
#0 D:/josej/Documents/Proyectos/ExamenDeGrado/C#/php/chirper/vendor/laravel/framework/src/Illuminate/Database/Connectors/SQLiteConnector.php(19): Illuminate/Database/Connectors/SQLiteConnector->parseDatabasePath(false)
#1 D:/josej/Documents/Proyectos/ExamenDeGrado/C#/php/chirper/vendor/laravel/framework/src/Illuminate/Database/Connectors/ConnectionFactory.php(259): Illuminate/Database/Connectors/SQLiteConnector->connect(Array)
#2 [internal function]: Illuminate/Database/Connectors/ConnectionFactory->{closure:Illuminate/Database/Connectors/ConnectionFactory::createPdoResolverWithoutHosts():259}()
#3 D:/josej/Documents/Proyectos/ExamenDeGrado/C#/php/chirper/vendor/laravel/framework/src/Illuminate/Database/Connection.php(1297): call_user_func(Object(Closure))
#4 D:/josej/Documents/Proyectos/ExamenDeGrado/C#/php/chirper/vendor/laravel/framework/src/Illuminate/Database/Connection.php(1335): Illuminate/Database/Connection->getPdo()
#5 D:/josej/Documents/Proyectos/ExamenDeGrado/C#/php/chirper/vendor/laravel/framework/src/Illuminate/Database/Connection.php(542): Illuminate/Database/Connection->getReadPdo()
#6 D:/josej/Documents/Proyectos/ExamenDeGrado/C#/php/chirper/vendor/laravel/framework/src/Illuminate/Database/Connection.php(435): Illuminate/Database/Connection->getPdoForSelect(true)
#7 D:/josej/Documents/Proyectos/ExamenDeGrado/C#/php/chirper/vendor/laravel/framework/src/Illuminate/Database/Connection.php(846): Illuminate/Database/Connection->{closure:Illuminate/Database/Connection::select():426}('select * from \"...', Array)
#8 D:/josej/Documents/Proyectos/ExamenDeGrado/C#/php/chirper/vendor/laravel/framework/src/Illuminate/Database/Connection.php(813): Illuminate/Database/Connection->runQueryCallback('select * from \"...', Array, Object(Closure))
#9 D:/josej/Documents/Proyectos/ExamenDeGrado/C#/php/chirper/vendor/laravel/framework/src/Illuminate/Database/Connection.php(426): Illuminate/Database/Connection->run('select * from \"...', Array, Object(Closure))
#10 D:/josej/Documents/Proyectos/ExamenDeGrado/C#/php/chirper/vendor/laravel/framework/src/Illuminate/Database/Query/Builder.php(3573): Illuminate/Database/Connection->select('select * from \"...', Array, true, Array)
#11 D:/josej/Documents/Proyectos/ExamenDeGrado/C#/php/chirper/vendor/laravel/framework/src/Illuminate/Database/Query/Builder.php(3557): Illuminate/Database/Query/Builder->runSelect()
#12 D:/josej/Documents/Proyectos/ExamenDeGrado/C#/php/chirper/vendor/laravel/framework/src/Illuminate/Cache/DatabaseStore.php(142): Illuminate/Database/Query/Builder->get()
#13 D:/josej/Documents/Proyectos/ExamenDeGrado/C#/php/chirper/vendor/laravel/framework/src/Illuminate/Cache/Repository.php(167): Illuminate/Cache/DatabaseStore->many(Array)
#14 D:/josej/Documents/Proyectos/ExamenDeGrado/C#/php/chirper/vendor/laravel/framework/src/Illuminate/Queue/QueueManager.php(335): Illuminate/Cache/Repository->many(Array)
#15 D:/josej/Documents/Proyectos/ExamenDeGrado/C#/php/chirper/vendor/laravel/framework/src/Illuminate/Queue/Worker.php(489): Illuminate/Queue/QueueManager->getPausedQueues('database', Array)
#16 D:/josej/Documents/Proyectos/ExamenDeGrado/C#/php/chirper/vendor/laravel/framework/src/Illuminate/Queue/Worker.php(450): Illuminate/Queue/Worker->getPausedQueues('database', Array)
#17 D:/josej/Documents/Proyectos/ExamenDeGrado/C#/php/chirper/vendor/laravel/framework/src/Illuminate/Queue/Worker.php(410): Illuminate/Queue/Worker->getNextJob(Object(Illuminate/Queue/DatabaseQueue), 'default')
#18 D:/josej/Documents/Proyectos/ExamenDeGrado/C#/php/chirper/vendor/laravel/framework/src/Illuminate/Queue/Console/WorkCommand.php(149): Illuminate/Queue/Worker->runNextJob('database', 'default', Object(Illuminate/Queue/WorkerOptions))
#19 D:/josej/Documents/Proyectos/ExamenDeGrado/C#/php/chirper/vendor/laravel/framework/src/Illuminate/Queue/Console/WorkCommand.php(132): Illuminate/Queue/Console/WorkCommand->runWorker('database', 'default')
#20 D:/josej/Documents/Proyectos/ExamenDeGrado/C#/php/chirper/vendor/laravel/framework/src/Illuminate/Container/BoundMethod.php(36): Illuminate/Queue/Console/WorkCommand->handle()
#21 D:/josej/Documents/Proyectos/ExamenDeGrado/C#/php/chirper/vendor/laravel/framework/src/Illuminate/Container/Util.php(43): Illuminate/Container/BoundMethod::{closure:Illuminate/Container/BoundMethod::call():35}()
#22 D:/josej/Documents/Proyectos/ExamenDeGrado/C#/php/chirper/vendor/laravel/framework/src/Illuminate/Container/BoundMethod.php(96): Illuminate/Container/Util::unwrapIfClosure(Object(Closure))
#23 D:/josej/Documents/Proyectos/ExamenDeGrado/C#/php/chirper/vendor/laravel/framework/src/Illuminate/Container/BoundMethod.php(35): Illuminate/Container/BoundMethod::callBoundMethod(Object(Illuminate/Foundation/Application), Array, Object(Closure))
#24 D:/josej/Documents/Proyectos/ExamenDeGrado/C#/php/chirper/vendor/laravel/framework/src/Illuminate/Container/Container.php(801): Illuminate/Container/BoundMethod::call(Object(Illuminate/Foundation/Application), Array, Array, NULL)
#25 D:/josej/Documents/Proyectos/ExamenDeGrado/C#/php/chirper/vendor/laravel/framework/src/Illuminate/Console/Command.php(292): Illuminate/Container/Container->call(Array)
#26 D:/josej/Documents/Proyectos/ExamenDeGrado/C#/php/chirper/vendor/symfony/console/Command/Command.php(284): Illuminate/Console/Command->execute(Object(Symfony/Component/Console/Input/ArgvInput), Object(Illuminate/Console/OutputStyle))
#27 D:/josej/Documents/Proyectos/ExamenDeGrado/C#/php/chirper/vendor/laravel/framework/src/Illuminate/Console/Command.php(261): Symfony/Component/Console/Command/Command->run(Object(Symfony/Component/Console/Input/ArgvInput), Object(Illuminate/Console/OutputStyle))
#28 D:/josej/Documents/Proyectos/ExamenDeGrado/C#/php/chirper/vendor/symfony/console/Application.php(1144): Illuminate/Console/Command->run(Object(Symfony/Component/Console/Input/ArgvInput), Object(Symfony/Component/Console/Output/ConsoleOutput))
#29 D:/josej/Documents/Proyectos/ExamenDeGrado/C#/php/chirper/vendor/symfony/console/Application.php(379): Symfony/Component/Console/Application->doRunCommand(Object(Illuminate/Queue/Console/WorkCommand), Object(Symfony/Component/Console/Input/ArgvInput), Object(Symfony/Component/Console/Output/ConsoleOutput))
#30 D:/josej/Documents/Proyectos/ExamenDeGrado/C#/php/chirper/vendor/symfony/console/Application.php(218): Symfony/Component/Console/Application->doRun(Object(Symfony/Component/Console/Input/ArgvInput), Object(Symfony/Component/Console/Output/ConsoleOutput))
#31 D:/josej/Documents/Proyectos/ExamenDeGrado/C#/php/chirper/vendor/laravel/framework/src/Illuminate/Foundation/Console/Kernel.php(198): Symfony/Component/Console/Application->run(Object(Symfony/Component/Console/Input/ArgvInput), Object(Symfony/Component/Console/Output/ConsoleOutput))
#32 D:/josej/Documents/Proyectos/ExamenDeGrado/C#/php/chirper/vendor/laravel/framework/src/Illuminate/Foundation/Application.php(1242): Illuminate/Foundation/Console/Kernel->handle(Object(Symfony/Component/Console/Input/ArgvInput), Object(Symfony/Component/Console/Output/ConsoleOutput))
#33 D:/josej/Documents/Proyectos/ExamenDeGrado/C#/php/chirper/artisan(16): Illuminate/Foundation/Application->handleCommand(Object(Symfony/Component/Console/Input/ArgvInput))
#34 {main}
"} 
[2026-08-15 03:05:51] local.ERROR: Database file at path [D:\josej\Documents\Proyectos\ExamenDeGrado\C#\php\chirper\database\database.sqlite] does not exist. Ensure this is an absolute path to the database. (Connection: sqlite, Database: D:\josej\Documents\Proyectos\ExamenDeGrado\C#\php\chirper\database\database.sqlite, SQL: select * from "cache" where "key" in (laravel-cache-illuminate:queues:paused, laravel-cache-illuminate:queue:paused:database:default)) {"exception":"[object] (Illuminate\\Database\\QueryException(code: 0): Database file at path [D:\\josej\\Documents\\Proyectos\\ExamenDeGrado\\C#\\php\\chirper\\database\\database.sqlite] does not exist. Ensure this is an absolute path to the database. (Connection: sqlite, Database: D:\\josej\\Documents\\Proyectos\\ExamenDeGrado\\C#\\php\\chirper\\database\\database.sqlite, SQL: select * from \"cache\" where \"key\" in (laravel-cache-illuminate:queues:paused, laravel-cache-illuminate:queue:paused:database:default)) at D:/josej/Documents/Proyectos/ExamenDeGrado/C#/php/chirper/vendor/laravel/framework/src/Illuminate/Database/Connection.php:857)
[stacktrace]
#0 D:/josej/Documents/Proyectos/ExamenDeGrado/C#/php/chirper/vendor/laravel/framework/src/Illuminate/Database/Connection.php(813): Illuminate/Database/Connection->runQueryCallback('select * from \"...', Array, Object(Closure))
#1 D:/josej/Documents/Proyectos/ExamenDeGrado/C#/php/chirper/vendor/laravel/framework/src/Illuminate/Database/Connection.php(426): Illuminate/Database/Connection->run('select * from \"...', Array, Object(Closure))
#2 D:/josej/Documents/Proyectos/ExamenDeGrado/C#/php/chirper/vendor/laravel/framework/src/Illuminate/Database/Query/Builder.php(3573): Illuminate/Database/Connection->select('select * from \"...', Array, true, Array)
#3 D:/josej/Documents/Proyectos/ExamenDeGrado/C#/php/chirper/vendor/laravel/framework/src/Illuminate/Database/Query/Builder.php(3557): Illuminate/Database/Query/Builder->runSelect()
#4 D:/josej/Documents/Proyectos/ExamenDeGrado/C#/php/chirper/vendor/laravel/framework/src/Illuminate/Cache/DatabaseStore.php(142): Illuminate/Database/Query/Builder->get()
#5 D:/josej/Documents/Proyectos/ExamenDeGrado/C#/php/chirper/vendor/laravel/framework/src/Illuminate/Cache/Repository.php(167): Illuminate/Cache/DatabaseStore->many(Array)
#6 D:/josej/Documents/Proyectos/ExamenDeGrado/C#/php/chirper/vendor/laravel/framework/src/Illuminate/Queue/QueueManager.php(335): Illuminate/Cache/Repository->many(Array)
#7 D:/josej/Documents/Proyectos/ExamenDeGrado/C#/php/chirper/vendor/laravel/framework/src/Illuminate/Queue/Worker.php(489): Illuminate/Queue/QueueManager->getPausedQueues('database', Array)
#8 D:/josej/Documents/Proyectos/ExamenDeGrado/C#/php/chirper/vendor/laravel/framework/src/Illuminate/Queue/Worker.php(450): Illuminate/Queue/Worker->getPausedQueues('database', Array)
#9 D:/josej/Documents/Proyectos/ExamenDeGrado/C#/php/chirper/vendor/laravel/framework/src/Illuminate/Queue/Worker.php(410): Illuminate/Queue/Worker->getNextJob(Object(Illuminate/Queue/DatabaseQueue), 'default')
#10 D:/josej/Documents/Proyectos/ExamenDeGrado/C#/php/chirper/vendor/laravel/framework/src/Illuminate/Queue/Console/WorkCommand.php(149): Illuminate/Queue/Worker->runNextJob('database', 'default', Object(Illuminate/Queue/WorkerOptions))
#11 D:/josej/Documents/Proyectos/ExamenDeGrado/C#/php/chirper/vendor/laravel/framework/src/Illuminate/Queue/Console/WorkCommand.php(132): Illuminate/Queue/Console/WorkCommand->runWorker('database', 'default')
#12 D:/josej/Documents/Proyectos/ExamenDeGrado/C#/php/chirper/vendor/laravel/framework/src/Illuminate/Container/BoundMethod.php(36): Illuminate/Queue/Console/WorkCommand->handle()
#13 D:/josej/Documents/Proyectos/ExamenDeGrado/C#/php/chirper/vendor/laravel/framework/src/Illuminate/Container/Util.php(43): Illuminate/Container/BoundMethod::{closure:Illuminate/Container/BoundMethod::call():35}()
#14 D:/josej/Documents/Proyectos/ExamenDeGrado/C#/php/chirper/vendor/laravel/framework/src/Illuminate/Container/BoundMethod.php(96): Illuminate/Container/Util::unwrapIfClosure(Object(Closure))
#15 D:/josej/Documents/Proyectos/ExamenDeGrado/C#/php/chirper/vendor/laravel/framework/src/Illuminate/Container/BoundMethod.php(35): Illuminate/Container/BoundMethod::callBoundMethod(Object(Illuminate/Foundation/Application), Array, Object(Closure))
#16 D:/josej/Documents/Proyectos/ExamenDeGrado/C#/php/chirper/vendor/laravel/framework/src/Illuminate/Container/Container.php(801): Illuminate/Container/BoundMethod::call(Object(Illuminate/Foundation/Application), Array, Array, NULL)
#17 D:/josej/Documents/Proyectos/ExamenDeGrado/C#/php/chirper/vendor/laravel/framework/src/Illuminate/Console/Command.php(292): Illuminate/Container/Container->call(Array)
#18 D:/josej/Documents/Proyectos/ExamenDeGrado/C#/php/chirper/vendor/symfony/console/Command/Command.php(284): Illuminate/Console/Command->execute(Object(Symfony/Component/Console/Input/ArgvInput), Object(Illuminate/Console/OutputStyle))
#19 D:/josej/Documents/Proyectos/ExamenDeGrado/C#/php/chirper/vendor/laravel/framework/src/Illuminate/Console/Command.php(261): Symfony/Component/Console/Command/Command->run(Object(Symfony/Component/Console/Input/ArgvInput), Object(Illuminate/Console/OutputStyle))
#20 D:/josej/Documents/Proyectos/ExamenDeGrado/C#/php/chirper/vendor/symfony/console/Application.php(1144): Illuminate/Console/Command->run(Object(Symfony/Component/Console/Input/ArgvInput), Object(Symfony/Component/Console/Output/ConsoleOutput))
#21 D:/josej/Documents/Proyectos/ExamenDeGrado/C#/php/chirper/vendor/symfony/console/Application.php(379): Symfony/Component/Console/Application->doRunCommand(Object(Illuminate/Queue/Console/WorkCommand), Object(Symfony/Component/Console/Input/ArgvInput), Object(Symfony/Component/Console/Output/ConsoleOutput))
#22 D:/josej/Documents/Proyectos/ExamenDeGrado/C#/php/chirper/vendor/symfony/console/Application.php(218): Symfony/Component/Console/Application->doRun(Object(Symfony/Component/Console/Input/ArgvInput), Object(Symfony/Component/Console/Output/ConsoleOutput))
#23 D:/josej/Documents/Proyectos/ExamenDeGrado/C#/php/chirper/vendor/laravel/framework/src/Illuminate/Foundation/Console/Kernel.php(198): Symfony/Component/Console/Application->run(Object(Symfony/Component/Console/Input/ArgvInput), Object(Symfony/Component/Console/Output/ConsoleOutput))
#24 D:/josej/Documents/Proyectos/ExamenDeGrado/C#/php/chirper/vendor/laravel/framework/src/Illuminate/Foundation/Application.php(1242): Illuminate/Foundation/Console/Kernel->handle(Object(Symfony/Component/Console/Input/ArgvInput), Object(Symfony/Component/Console/Output/ConsoleOutput))
#25 D:/josej/Documents/Proyectos/ExamenDeGrado/C#/php/chirper/artisan(16): Illuminate/Foundation/Application->handleCommand(Object(Symfony/Component/Console/Input/ArgvInput))
#26 {main}

[previous exception] [object] (Illuminate\\Database\\SQLiteDatabaseDoesNotExistException(code: 0): Database file at path [D:\\josej\\Documents\\Proyectos\\ExamenDeGrado\\C#\\php\\chirper\\database\\database.sqlite] does not exist. Ensure this is an absolute path to the database. at D:/josej/Documents/Proyectos/ExamenDeGrado/C#/php/chirper/vendor/laravel/framework/src/Illuminate/Database/Connectors/SQLiteConnector.php:61)
[stacktrace]
#0 D:/josej/Documents/Proyectos/ExamenDeGrado/C#/php/chirper/vendor/laravel/framework/src/Illuminate/Database/Connectors/SQLiteConnector.php(19): Illuminate/Database/Connectors/SQLiteConnector->parseDatabasePath(false)
#1 D:/josej/Documents/Proyectos/ExamenDeGrado/C#/php/chirper/vendor/laravel/framework/src/Illuminate/Database/Connectors/ConnectionFactory.php(259): Illuminate/Database/Connectors/SQLiteConnector->connect(Array)
#2 [internal function]: Illuminate/Database/Connectors/ConnectionFactory->{closure:Illuminate/Database/Connectors/ConnectionFactory::createPdoResolverWithoutHosts():259}()
#3 D:/josej/Documents/Proyectos/ExamenDeGrado/C#/php/chirper/vendor/laravel/framework/src/Illuminate/Database/Connection.php(1297): call_user_func(Object(Closure))
#4 D:/josej/Documents/Proyectos/ExamenDeGrado/C#/php/chirper/vendor/laravel/framework/src/Illuminate/Database/Connection.php(1335): Illuminate/Database/Connection->getPdo()
#5 D:/josej/Documents/Proyectos/ExamenDeGrado/C#/php/chirper/vendor/laravel/framework/src/Illuminate/Database/Connection.php(542): Illuminate/Database/Connection->getReadPdo()
#6 D:/josej/Documents/Proyectos/ExamenDeGrado/C#/php/chirper/vendor/laravel/framework/src/Illuminate/Database/Connection.php(435): Illuminate/Database/Connection->getPdoForSelect(true)
#7 D:/josej/Documents/Proyectos/ExamenDeGrado/C#/php/chirper/vendor/laravel/framework/src/Illuminate/Database/Connection.php(846): Illuminate/Database/Connection->{closure:Illuminate/Database/Connection::select():426}('select * from \"...', Array)
#8 D:/josej/Documents/Proyectos/ExamenDeGrado/C#/php/chirper/vendor/laravel/framework/src/Illuminate/Database/Connection.php(813): Illuminate/Database/Connection->runQueryCallback('select * from \"...', Array, Object(Closure))
#9 D:/josej/Documents/Proyectos/ExamenDeGrado/C#/php/chirper/vendor/laravel/framework/src/Illuminate/Database/Connection.php(426): Illuminate/Database/Connection->run('select * from \"...', Array, Object(Closure))
#10 D:/josej/Documents/Proyectos/ExamenDeGrado/C#/php/chirper/vendor/laravel/framework/src/Illuminate/Database/Query/Builder.php(3573): Illuminate/Database/Connection->select('select * from \"...', Array, true, Array)
#11 D:/josej/Documents/Proyectos/ExamenDeGrado/C#/php/chirper/vendor/laravel/framework/src/Illuminate/Database/Query/Builder.php(3557): Illuminate/Database/Query/Builder->runSelect()
#12 D:/josej/Documents/Proyectos/ExamenDeGrado/C#/php/chirper/vendor/laravel/framework/src/Illuminate/Cache/DatabaseStore.php(142): Illuminate/Database/Query/Builder->get()
#13 D:/josej/Documents/Proyectos/ExamenDeGrado/C#/php/chirper/vendor/laravel/framework/src/Illuminate/Cache/Repository.php(167): Illuminate/Cache/DatabaseStore->many(Array)
#14 D:/josej/Documents/Proyectos/ExamenDeGrado/C#/php/chirper/vendor/laravel/framework/src/Illuminate/Queue/QueueManager.php(335): Illuminate/Cache/Repository->many(Array)
#15 D:/josej/Documents/Proyectos/ExamenDeGrado/C#/php/chirper/vendor/laravel/framework/src/Illuminate/Queue/Worker.php(489): Illuminate/Queue/QueueManager->getPausedQueues('database', Array)
#16 D:/josej/Documents/Proyectos/ExamenDeGrado/C#/php/chirper/vendor/laravel/framework/src/Illuminate/Queue/Worker.php(450): Illuminate/Queue/Worker->getPausedQueues('database', Array)
#17 D:/josej/Documents/Proyectos/ExamenDeGrado/C#/php/chirper/vendor/laravel/framework/src/Illuminate/Queue/Worker.php(410): Illuminate/Queue/Worker->getNextJob(Object(Illuminate/Queue/DatabaseQueue), 'default')
#18 D:/josej/Documents/Proyectos/ExamenDeGrado/C#/php/chirper/vendor/laravel/framework/src/Illuminate/Queue/Console/WorkCommand.php(149): Illuminate/Queue/Worker->runNextJob('database', 'default', Object(Illuminate/Queue/WorkerOptions))
#19 D:/josej/Documents/Proyectos/ExamenDeGrado/C#/php/chirper/vendor/laravel/framework/src/Illuminate/Queue/Console/WorkCommand.php(132): Illuminate/Queue/Console/WorkCommand->runWorker('database', 'default')
#20 D:/josej/Documents/Proyectos/ExamenDeGrado/C#/php/chirper/vendor/laravel/framework/src/Illuminate/Container/BoundMethod.php(36): Illuminate/Queue/Console/WorkCommand->handle()
#21 D:/josej/Documents/Proyectos/ExamenDeGrado/C#/php/chirper/vendor/laravel/framework/src/Illuminate/Container/Util.php(43): Illuminate/Container/BoundMethod::{closure:Illuminate/Container/BoundMethod::call():35}()
#22 D:/josej/Documents/Proyectos/ExamenDeGrado/C#/php/chirper/vendor/laravel/framework/src/Illuminate/Container/BoundMethod.php(96): Illuminate/Container/Util::unwrapIfClosure(Object(Closure))
#23 D:/josej/Documents/Proyectos/ExamenDeGrado/C#/php/chirper/vendor/laravel/framework/src/Illuminate/Container/BoundMethod.php(35): Illuminate/Container/BoundMethod::callBoundMethod(Object(Illuminate/Foundation/Application), Array, Object(Closure))
#24 D:/josej/Documents/Proyectos/ExamenDeGrado/C#/php/chirper/vendor/laravel/framework/src/Illuminate/Container/Container.php(801): Illuminate/Container/BoundMethod::call(Object(Illuminate/Foundation/Application), Array, Array, NULL)
#25 D:/josej/Documents/Proyectos/ExamenDeGrado/C#/php/chirper/vendor/laravel/framework/src/Illuminate/Console/Command.php(292): Illuminate/Container/Container->call(Array)
#26 D:/josej/Documents/Proyectos/ExamenDeGrado/C#/php/chirper/vendor/symfony/console/Command/Command.php(284): Illuminate/Console/Command->execute(Object(Symfony/Component/Console/Input/ArgvInput), Object(Illuminate/Console/OutputStyle))
#27 D:/josej/Documents/Proyectos/ExamenDeGrado/C#/php/chirper/vendor/laravel/framework/src/Illuminate/Console/Command.php(261): Symfony/Component/Console/Command/Command->run(Object(Symfony/Component/Console/Input/ArgvInput), Object(Illuminate/Console/OutputStyle))
#28 D:/josej/Documents/Proyectos/ExamenDeGrado/C#/php/chirper/vendor/symfony/console/Application.php(1144): Illuminate/Console/Command->run(Object(Symfony/Component/Console/Input/ArgvInput), Object(Symfony/Component/Console/Output/ConsoleOutput))
#29 D:/josej/Documents/Proyectos/ExamenDeGrado/C#/php/chirper/vendor/symfony/console/Application.php(379): Symfony/Component/Console/Application->doRunCommand(Object(Illuminate/Queue/Console/WorkCommand), Object(Symfony/Component/Console/Input/ArgvInput), Object(Symfony/Component/Console/Output/ConsoleOutput))
#30 D:/josej/Documents/Proyectos/ExamenDeGrado/C#/php/chirper/vendor/symfony/console/Application.php(218): Symfony/Component/Console/Application->doRun(Object(Symfony/Component/Console/Input/ArgvInput), Object(Symfony/Component/Console/Output/ConsoleOutput))
#31 D:/josej/Documents/Proyectos/ExamenDeGrado/C#/php/chirper/vendor/laravel/framework/src/Illuminate/Foundation/Console/Kernel.php(198): Symfony/Component/Console/Application->run(Object(Symfony/Component/Console/Input/ArgvInput), Object(Symfony/Component/Console/Output/ConsoleOutput))
#32 D:/josej/Documents/Proyectos/ExamenDeGrado/C#/php/chirper/vendor/laravel/framework/src/Illuminate/Foundation/Application.php(1242): Illuminate/Foundation/Console/Kernel->handle(Object(Symfony/Component/Console/Input/ArgvInput), Object(Symfony/Component/Console/Output/ConsoleOutput))
#33 D:/josej/Documents/Proyectos/ExamenDeGrado/C#/php/chirper/artisan(16): Illuminate/Foundation/Application->handleCommand(Object(Symfony/Component/Console/Input/ArgvInput))
#34 {main}
"} 
[2026-08-15 03:05:56] local.ERROR: Database file at path [D:\josej\Documents\Proyectos\ExamenDeGrado\C#\php\chirper\database\database.sqlite] does not exist. Ensure this is an absolute path to the database. (Connection: sqlite, Database: D:\josej\Documents\Proyectos\ExamenDeGrado\C#\php\chirper\database\database.sqlite, SQL: select * from "cache" where "key" in (laravel-cache-illuminate:queues:paused, laravel-cache-illuminate:queue:paused:database:default)) {"exception":"[object] (Illuminate\\Database\\QueryException(code: 0): Database file at path [D:\\josej\\Documents\\Proyectos\\ExamenDeGrado\\C#\\php\\chirper\\database\\database.sqlite] does not exist. Ensure this is an absolute path to the database. (Connection: sqlite, Database: D:\\josej\\Documents\\Proyectos\\ExamenDeGrado\\C#\\php\\chirper\\database\\database.sqlite, SQL: select * from \"cache\" where \"key\" in (laravel-cache-illuminate:queues:paused, laravel-cache-illuminate:queue:paused:database:default)) at D:/josej/Documents/Proyectos/ExamenDeGrado/C#/php/chirper/vendor/laravel/framework/src/Illuminate/Database/Connection.php:857)
[stacktrace]
#0 D:/josej/Documents/Proyectos/ExamenDeGrado/C#/php/chirper/vendor/laravel/framework/src/Illuminate/Database/Connection.php(813): Illuminate/Database/Connection->runQueryCallback('select * from \"...', Array, Object(Closure))
#1 D:/josej/Documents/Proyectos/ExamenDeGrado/C#/php/chirper/vendor/laravel/framework/src/Illuminate/Database/Connection.php(426): Illuminate/Database/Connection->run('select * from \"...', Array, Object(Closure))
#2 D:/josej/Documents/Proyectos/ExamenDeGrado/C#/php/chirper/vendor/laravel/framework/src/Illuminate/Database/Query/Builder.php(3573): Illuminate/Database/Connection->select('select * from \"...', Array, true, Array)
#3 D:/josej/Documents/Proyectos/ExamenDeGrado/C#/php/chirper/vendor/laravel/framework/src/Illuminate/Database/Query/Builder.php(3557): Illuminate/Database/Query/Builder->runSelect()
#4 D:/josej/Documents/Proyectos/ExamenDeGrado/C#/php/chirper/vendor/laravel/framework/src/Illuminate/Cache/DatabaseStore.php(142): Illuminate/Database/Query/Builder->get()
#5 D:/josej/Documents/Proyectos/ExamenDeGrado/C#/php/chirper/vendor/laravel/framework/src/Illuminate/Cache/Repository.php(167): Illuminate/Cache/DatabaseStore->many(Array)
#6 D:/josej/Documents/Proyectos/ExamenDeGrado/C#/php/chirper/vendor/laravel/framework/src/Illuminate/Queue/QueueManager.php(335): Illuminate/Cache/Repository->many(Array)
#7 D:/josej/Documents/Proyectos/ExamenDeGrado/C#/php/chirper/vendor/laravel/framework/src/Illuminate/Queue/Worker.php(489): Illuminate/Queue/QueueManager->getPausedQueues('database', Array)
#8 D:/josej/Documents/Proyectos/ExamenDeGrado/C#/php/chirper/vendor/laravel/framework/src/Illuminate/Queue/Worker.php(450): Illuminate/Queue/Worker->getPausedQueues('database', Array)
#9 D:/josej/Documents/Proyectos/ExamenDeGrado/C#/php/chirper/vendor/laravel/framework/src/Illuminate/Queue/Worker.php(410): Illuminate/Queue/Worker->getNextJob(Object(Illuminate/Queue/DatabaseQueue), 'default')
#10 D:/josej/Documents/Proyectos/ExamenDeGrado/C#/php/chirper/vendor/laravel/framework/src/Illuminate/Queue/Console/WorkCommand.php(149): Illuminate/Queue/Worker->runNextJob('database', 'default', Object(Illuminate/Queue/WorkerOptions))
#11 D:/josej/Documents/Proyectos/ExamenDeGrado/C#/php/chirper/vendor/laravel/framework/src/Illuminate/Queue/Console/WorkCommand.php(132): Illuminate/Queue/Console/WorkCommand->runWorker('database', 'default')
#12 D:/josej/Documents/Proyectos/ExamenDeGrado/C#/php/chirper/vendor/laravel/framework/src/Illuminate/Container/BoundMethod.php(36): Illuminate/Queue/Console/WorkCommand->handle()
#13 D:/josej/Documents/Proyectos/ExamenDeGrado/C#/php/chirper/vendor/laravel/framework/src/Illuminate/Container/Util.php(43): Illuminate/Container/BoundMethod::{closure:Illuminate/Container/BoundMethod::call():35}()
#14 D:/josej/Documents/Proyectos/ExamenDeGrado/C#/php/chirper/vendor/laravel/framework/src/Illuminate/Container/BoundMethod.php(96): Illuminate/Container/Util::unwrapIfClosure(Object(Closure))
#15 D:/josej/Documents/Proyectos/ExamenDeGrado/C#/php/chirper/vendor/laravel/framework/src/Illuminate/Container/BoundMethod.php(35): Illuminate/Container/BoundMethod::callBoundMethod(Object(Illuminate/Foundation/Application), Array, Object(Closure))
#16 D:/josej/Documents/Proyectos/ExamenDeGrado/C#/php/chirper/vendor/laravel/framework/src/Illuminate/Container/Container.php(801): Illuminate/Container/BoundMethod::call(Object(Illuminate/Foundation/Application), Array, Array, NULL)
#17 D:/josej/Documents/Proyectos/ExamenDeGrado/C#/php/chirper/vendor/laravel/framework/src/Illuminate/Console/Command.php(292): Illuminate/Container/Container->call(Array)
#18 D:/josej/Documents/Proyectos/ExamenDeGrado/C#/php/chirper/vendor/symfony/console/Command/Command.php(284): Illuminate/Console/Command->execute(Object(Symfony/Component/Console/Input/ArgvInput), Object(Illuminate/Console/OutputStyle))
#19 D:/josej/Documents/Proyectos/ExamenDeGrado/C#/php/chirper/vendor/laravel/framework/src/Illuminate/Console/Command.php(261): Symfony/Component/Console/Command/Command->run(Object(Symfony/Component/Console/Input/ArgvInput), Object(Illuminate/Console/OutputStyle))
#20 D:/josej/Documents/Proyectos/ExamenDeGrado/C#/php/chirper/vendor/symfony/console/Application.php(1144): Illuminate/Console/Command->run(Object(Symfony/Component/Console/Input/ArgvInput), Object(Symfony/Component/Console/Output/ConsoleOutput))
#21 D:/josej/Documents/Proyectos/ExamenDeGrado/C#/php/chirper/vendor/symfony/console/Application.php(379): Symfony/Component/Console/Application->doRunCommand(Object(Illuminate/Queue/Console/WorkCommand), Object(Symfony/Component/Console/Input/ArgvInput), Object(Symfony/Component/Console/Output/ConsoleOutput))
#22 D:/josej/Documents/Proyectos/ExamenDeGrado/C#/php/chirper/vendor/symfony/console/Application.php(218): Symfony/Component/Console/Application->doRun(Object(Symfony/Component/Console/Input/ArgvInput), Object(Symfony/Component/Console/Output/ConsoleOutput))
#23 D:/josej/Documents/Proyectos/ExamenDeGrado/C#/php/chirper/vendor/laravel/framework/src/Illuminate/Foundation/Console/Kernel.php(198): Symfony/Component/Console/Application->run(Object(Symfony/Component/Console/Input/ArgvInput), Object(Symfony/Component/Console/Output/ConsoleOutput))
#24 D:/josej/Documents/Proyectos/ExamenDeGrado/C#/php/chirper/vendor/laravel/framework/src/Illuminate/Foundation/Application.php(1242): Illuminate/Foundation/Console/Kernel->handle(Object(Symfony/Component/Console/Input/ArgvInput), Object(Symfony/Component/Console/Output/ConsoleOutput))
#25 D:/josej/Documents/Proyectos/ExamenDeGrado/C#/php/chirper/artisan(16): Illuminate/Foundation/Application->handleCommand(Object(Symfony/Component/Console/Input/ArgvInput))
#26 {main}

[previous exception] [object] (Illuminate\\Database\\SQLiteDatabaseDoesNotExistException(code: 0): Database file at path [D:\\josej\\Documents\\Proyectos\\ExamenDeGrado\\C#\\php\\chirper\\database\\database.sqlite] does not exist. Ensure this is an absolute path to the database. at D:/josej/Documents/Proyectos/ExamenDeGrado/C#/php/chirper/vendor/laravel/framework/src/Illuminate/Database/Connectors/SQLiteConnector.php:61)
[stacktrace]
#0 D:/josej/Documents/Proyectos/ExamenDeGrado/C#/php/chirper/vendor/laravel/framework/src/Illuminate/Database/Connectors/SQLiteConnector.php(19): Illuminate/Database/Connectors/SQLiteConnector->parseDatabasePath(false)
#1 D:/josej/Documents/Proyectos/ExamenDeGrado/C#/php/chirper/vendor/laravel/framework/src/Illuminate/Database/Connectors/ConnectionFactory.php(259): Illuminate/Database/Connectors/SQLiteConnector->connect(Array)
#2 [internal function]: Illuminate/Database/Connectors/ConnectionFactory->{closure:Illuminate/Database/Connectors/ConnectionFactory::createPdoResolverWithoutHosts():259}()
#3 D:/josej/Documents/Proyectos/ExamenDeGrado/C#/php/chirper/vendor/laravel/framework/src/Illuminate/Database/Connection.php(1297): call_user_func(Object(Closure))
#4 D:/josej/Documents/Proyectos/ExamenDeGrado/C#/php/chirper/vendor/laravel/framework/src/Illuminate/Database/Connection.php(1335): Illuminate/Database/Connection->getPdo()
#5 D:/josej/Documents/Proyectos/ExamenDeGrado/C#/php/chirper/vendor/laravel/framework/src/Illuminate/Database/Connection.php(542): Illuminate/Database/Connection->getReadPdo()
#6 D:/josej/Documents/Proyectos/ExamenDeGrado/C#/php/chirper/vendor/laravel/framework/src/Illuminate/Database/Connection.php(435): Illuminate/Database/Connection->getPdoForSelect(true)
#7 D:/josej/Documents/Proyectos/ExamenDeGrado/C#/php/chirper/vendor/laravel/framework/src/Illuminate/Database/Connection.php(846): Illuminate/Database/Connection->{closure:Illuminate/Database/Connection::select():426}('select * from \"...', Array)
#8 D:/josej/Documents/Proyectos/ExamenDeGrado/C#/php/chirper/vendor/laravel/framework/src/Illuminate/Database/Connection.php(813): Illuminate/Database/Connection->runQueryCallback('select * from \"...', Array, Object(Closure))
#9 D:/josej/Documents/Proyectos/ExamenDeGrado/C#/php/chirper/vendor/laravel/framework/src/Illuminate/Database/Connection.php(426): Illuminate/Database/Connection->run('select * from \"...', Array, Object(Closure))
#10 D:/josej/Documents/Proyectos/ExamenDeGrado/C#/php/chirper/vendor/laravel/framework/src/Illuminate/Database/Query/Builder.php(3573): Illuminate/Database/Connection->select('select * from \"...', Array, true, Array)
#11 D:/josej/Documents/Proyectos/ExamenDeGrado/C#/php/chirper/vendor/laravel/framework/src/Illuminate/Database/Query/Builder.php(3557): Illuminate/Database/Query/Builder->runSelect()
#12 D:/josej/Documents/Proyectos/ExamenDeGrado/C#/php/chirper/vendor/laravel/framework/src/Illuminate/Cache/DatabaseStore.php(142): Illuminate/Database/Query/Builder->get()
#13 D:/josej/Documents/Proyectos/ExamenDeGrado/C#/php/chirper/vendor/laravel/framework/src/Illuminate/Cache/Repository.php(167): Illuminate/Cache/DatabaseStore->many(Array)
#14 D:/josej/Documents/Proyectos/ExamenDeGrado/C#/php/chirper/vendor/laravel/framework/src/Illuminate/Queue/QueueManager.php(335): Illuminate/Cache/Repository->many(Array)
#15 D:/josej/Documents/Proyectos/ExamenDeGrado/C#/php/chirper/vendor/laravel/framework/src/Illuminate/Queue/Worker.php(489): Illuminate/Queue/QueueManager->getPausedQueues('database', Array)
#16 D:/josej/Documents/Proyectos/ExamenDeGrado/C#/php/chirper/vendor/laravel/framework/src/Illuminate/Queue/Worker.php(450): Illuminate/Queue/Worker->getPausedQueues('database', Array)
#17 D:/josej/Documents/Proyectos/ExamenDeGrado/C#/php/chirper/vendor/laravel/framework/src/Illuminate/Queue/Worker.php(410): Illuminate/Queue/Worker->getNextJob(Object(Illuminate/Queue/DatabaseQueue), 'default')
#18 D:/josej/Documents/Proyectos/ExamenDeGrado/C#/php/chirper/vendor/laravel/framework/src/Illuminate/Queue/Console/WorkCommand.php(149): Illuminate/Queue/Worker->runNextJob('database', 'default', Object(Illuminate/Queue/WorkerOptions))
#19 D:/josej/Documents/Proyectos/ExamenDeGrado/C#/php/chirper/vendor/laravel/framework/src/Illuminate/Queue/Console/WorkCommand.php(132): Illuminate/Queue/Console/WorkCommand->runWorker('database', 'default')
#20 D:/josej/Documents/Proyectos/ExamenDeGrado/C#/php/chirper/vendor/laravel/framework/src/Illuminate/Container/BoundMethod.php(36): Illuminate/Queue/Console/WorkCommand->handle()
#21 D:/josej/Documents/Proyectos/ExamenDeGrado/C#/php/chirper/vendor/laravel/framework/src/Illuminate/Container/Util.php(43): Illuminate/Container/BoundMethod::{closure:Illuminate/Container/BoundMethod::call():35}()
#22 D:/josej/Documents/Proyectos/ExamenDeGrado/C#/php/chirper/vendor/laravel/framework/src/Illuminate/Container/BoundMethod.php(96): Illuminate/Container/Util::unwrapIfClosure(Object(Closure))
#23 D:/josej/Documents/Proyectos/ExamenDeGrado/C#/php/chirper/vendor/laravel/framework/src/Illuminate/Container/BoundMethod.php(35): Illuminate/Container/BoundMethod::callBoundMethod(Object(Illuminate/Foundation/Application), Array, Object(Closure))
#24 D:/josej/Documents/Proyectos/ExamenDeGrado/C#/php/chirper/vendor/laravel/framework/src/Illuminate/Container/Container.php(801): Illuminate/Container/BoundMethod::call(Object(Illuminate/Foundation/Application), Array, Array, NULL)
#25 D:/josej/Documents/Proyectos/ExamenDeGrado/C#/php/chirper/vendor/laravel/framework/src/Illuminate/Console/Command.php(292): Illuminate/Container/Container->call(Array)
#26 D:/josej/Documents/Proyectos/ExamenDeGrado/C#/php/chirper/vendor/symfony/console/Command/Command.php(284): Illuminate/Console/Command->execute(Object(Symfony/Component/Console/Input/ArgvInput), Object(Illuminate/Console/OutputStyle))
#27 D:/josej/Documents/Proyectos/ExamenDeGrado/C#/php/chirper/vendor/laravel/framework/src/Illuminate/Console/Command.php(261): Symfony/Component/Console/Command/Command->run(Object(Symfony/Component/Console/Input/ArgvInput), Object(Illuminate/Console/OutputStyle))
#28 D:/josej/Documents/Proyectos/ExamenDeGrado/C#/php/chirper/vendor/symfony/console/Application.php(1144): Illuminate/Console/Command->run(Object(Symfony/Component/Console/Input/ArgvInput), Object(Symfony/Component/Console/Output/ConsoleOutput))
#29 D:/josej/Documents/Proyectos/ExamenDeGrado/C#/php/chirper/vendor/symfony/console/Application.php(379): Symfony/Component/Console/Application->doRunCommand(Object(Illuminate/Queue/Console/WorkCommand), Object(Symfony/Component/Console/Input/ArgvInput), Object(Symfony/Component/Console/Output/ConsoleOutput))
#30 D:/josej/Documents/Proyectos/ExamenDeGrado/C#/php/chirper/vendor/symfony/console/Application.php(218): Symfony/Component/Console/Application->doRun(Object(Symfony/Component/Console/Input/ArgvInput), Object(Symfony/Component/Console/Output/ConsoleOutput))
#31 D:/josej/Documents/Proyectos/ExamenDeGrado/C#/php/chirper/vendor/laravel/framework/src/Illuminate/Foundation/Console/Kernel.php(198): Symfony/Component/Console/Application->run(Object(Symfony/Component/Console/Input/ArgvInput), Object(Symfony/Component/Console/Output/ConsoleOutput))
#32 D:/josej/Documents/Proyectos/ExamenDeGrado/C#/php/chirper/vendor/laravel/framework/src/Illuminate/Foundation/Application.php(1242): Illuminate/Foundation/Console/Kernel->handle(Object(Symfony/Component/Console/Input/ArgvInput), Object(Symfony/Component/Console/Output/ConsoleOutput))
#33 D:/josej/Documents/Proyectos/ExamenDeGrado/C#/php/chirper/artisan(16): Illuminate/Foundation/Application->handleCommand(Object(Symfony/Component/Console/Input/ArgvInput))
#34 {main}
"} 
[2026-08-15 03:06:04] local.ERROR: could not find driver (Connection: sqlite, Database: D:\josej\Documents\Proyectos\ExamenDeGrado\C#\php\chirper\database\database.sqlite, SQL: select exists (select 1 from "main".sqlite_master where name = 'migrations' and type = 'table') as "exists") {"exception":"[object] (Illuminate\\Database\\QueryException(code: 0): could not find driver (Connection: sqlite, Database: D:\\josej\\Documents\\Proyectos\\ExamenDeGrado\\C#\\php\\chirper\\database\\database.sqlite, SQL: select exists (select 1 from \"main\".sqlite_master where name = 'migrations' and type = 'table') as \"exists\") at D:/josej/Documents/Proyectos/ExamenDeGrado/C#/php/chirper/vendor/laravel/framework/src/Illuminate/Database/Connection.php:857)
[stacktrace]
#0 D:/josej/Documents/Proyectos/ExamenDeGrado/C#/php/chirper/vendor/laravel/framework/src/Illuminate/Database/Connection.php(813): Illuminate/Database/Connection->runQueryCallback('select exists (...', Array, Object(Closure))
#1 D:/josej/Documents/Proyectos/ExamenDeGrado/C#/php/chirper/vendor/laravel/framework/src/Illuminate/Database/Connection.php(426): Illuminate/Database/Connection->run('select exists (...', Array, Object(Closure))
#2 D:/josej/Documents/Proyectos/ExamenDeGrado/C#/php/chirper/vendor/laravel/framework/src/Illuminate/Database/Connection.php(371): Illuminate/Database/Connection->select('select exists (...', Array, true)
#3 D:/josej/Documents/Proyectos/ExamenDeGrado/C#/php/chirper/vendor/laravel/framework/src/Illuminate/Database/Connection.php(388): Illuminate/Database/Connection->selectOne('select exists (...', Array, true)
#4 D:/josej/Documents/Proyectos/ExamenDeGrado/C#/php/chirper/vendor/laravel/framework/src/Illuminate/Database/Schema/Builder.php(176): Illuminate/Database/Connection->scalar('select exists (...')
#5 D:/josej/Documents/Proyectos/ExamenDeGrado/C#/php/chirper/vendor/laravel/framework/src/Illuminate/Database/Migrations/DatabaseMigrationRepository.php(185): Illuminate/Database/Schema/Builder->hasTable('migrations')
#6 D:/josej/Documents/Proyectos/ExamenDeGrado/C#/php/chirper/vendor/laravel/framework/src/Illuminate/Database/Migrations/Migrator.php(797): Illuminate/Database/Migrations/DatabaseMigrationRepository->repositoryExists()
#7 D:/josej/Documents/Proyectos/ExamenDeGrado/C#/php/chirper/vendor/laravel/framework/src/Illuminate/Database/Console/Migrations/MigrateCommand.php(166): Illuminate/Database/Migrations/Migrator->repositoryExists()
#8 D:/josej/Documents/Proyectos/ExamenDeGrado/C#/php/chirper/vendor/laravel/framework/src/Illuminate/Support/helpers.php(328): Illuminate/Database/Console/Migrations/MigrateCommand->{closure:Illuminate/Database/Console/Migrations/MigrateCommand::repositoryExists():166}(2)
#9 D:/josej/Documents/Proyectos/ExamenDeGrado/C#/php/chirper/vendor/laravel/framework/src/Illuminate/Database/Console/Migrations/MigrateCommand.php(166): retry(0, Object(Closure), 0, Object(Closure))
#10 D:/josej/Documents/Proyectos/ExamenDeGrado/C#/php/chirper/vendor/laravel/framework/src/Illuminate/Database/Console/Migrations/MigrateCommand.php(142): Illuminate/Database/Console/Migrations/MigrateCommand->repositoryExists()
#11 D:/josej/Documents/Proyectos/ExamenDeGrado/C#/php/chirper/vendor/laravel/framework/src/Illuminate/Database/Console/Migrations/MigrateCommand.php(112): Illuminate/Database/Console/Migrations/MigrateCommand->prepareDatabase()
#12 D:/josej/Documents/Proyectos/ExamenDeGrado/C#/php/chirper/vendor/laravel/framework/src/Illuminate/Database/Migrations/Migrator.php(672): Illuminate/Database/Console/Migrations/MigrateCommand->{closure:Illuminate/Database/Console/Migrations/MigrateCommand::runMigrations():111}()
#13 D:/josej/Documents/Proyectos/ExamenDeGrado/C#/php/chirper/vendor/laravel/framework/src/Illuminate/Database/Console/Migrations/MigrateCommand.php(111): Illuminate/Database/Migrations/Migrator->usingConnection(NULL, Object(Closure))
#14 D:/josej/Documents/Proyectos/ExamenDeGrado/C#/php/chirper/vendor/laravel/framework/src/Illuminate/Database/Console/Migrations/MigrateCommand.php(90): Illuminate/Database/Console/Migrations/MigrateCommand->runMigrations()
#15 D:/josej/Documents/Proyectos/ExamenDeGrado/C#/php/chirper/vendor/laravel/framework/src/Illuminate/Container/BoundMethod.php(36): Illuminate/Database/Console/Migrations/MigrateCommand->handle()
#16 D:/josej/Documents/Proyectos/ExamenDeGrado/C#/php/chirper/vendor/laravel/framework/src/Illuminate/Container/Util.php(43): Illuminate/Container/BoundMethod::{closure:Illuminate/Container/BoundMethod::call():35}()
#17 D:/josej/Documents/Proyectos/ExamenDeGrado/C#/php/chirper/vendor/laravel/framework/src/Illuminate/Container/BoundMethod.php(96): Illuminate/Container/Util::unwrapIfClosure(Object(Closure))
#18 D:/josej/Documents/Proyectos/ExamenDeGrado/C#/php/chirper/vendor/laravel/framework/src/Illuminate/Container/BoundMethod.php(35): Illuminate/Container/BoundMethod::callBoundMethod(Object(Illuminate/Foundation/Application), Array, Object(Closure))
#19 D:/josej/Documents/Proyectos/ExamenDeGrado/C#/php/chirper/vendor/laravel/framework/src/Illuminate/Container/Container.php(801): Illuminate/Container/BoundMethod::call(Object(Illuminate/Foundation/Application), Array, Array, NULL)
#20 D:/josej/Documents/Proyectos/ExamenDeGrado/C#/php/chirper/vendor/laravel/framework/src/Illuminate/Console/Command.php(292): Illuminate/Container/Container->call(Array)
#21 D:/josej/Documents/Proyectos/ExamenDeGrado/C#/php/chirper/vendor/symfony/console/Command/Command.php(284): Illuminate/Console/Command->execute(Object(Symfony/Component/Console/Input/ArgvInput), Object(Illuminate/Console/OutputStyle))
#22 D:/josej/Documents/Proyectos/ExamenDeGrado/C#/php/chirper/vendor/laravel/framework/src/Illuminate/Console/Command.php(261): Symfony/Component/Console/Command/Command->run(Object(Symfony/Component/Console/Input/ArgvInput), Object(Illuminate/Console/OutputStyle))
#23 D:/josej/Documents/Proyectos/ExamenDeGrado/C#/php/chirper/vendor/symfony/console/Application.php(1144): Illuminate/Console/Command->run(Object(Symfony/Component/Console/Input/ArgvInput), Object(Symfony/Component/Console/Output/ConsoleOutput))
#24 D:/josej/Documents/Proyectos/ExamenDeGrado/C#/php/chirper/vendor/symfony/console/Application.php(379): Symfony/Component/Console/Application->doRunCommand(Object(Illuminate/Database/Console/Migrations/MigrateCommand), Object(Symfony/Component/Console/Input/ArgvInput), Object(Symfony/Component/Console/Output/ConsoleOutput))
#25 D:/josej/Documents/Proyectos/ExamenDeGrado/C#/php/chirper/vendor/symfony/console/Application.php(218): Symfony/Component/Console/Application->doRun(Object(Symfony/Component/Console/Input/ArgvInput), Object(Symfony/Component/Console/Output/ConsoleOutput))
#26 D:/josej/Documents/Proyectos/ExamenDeGrado/C#/php/chirper/vendor/laravel/framework/src/Illuminate/Foundation/Console/Kernel.php(198): Symfony/Component/Console/Application->run(Object(Symfony/Component/Console/Input/ArgvInput), Object(Symfony/Component/Console/Output/ConsoleOutput))
#27 D:/josej/Documents/Proyectos/ExamenDeGrado/C#/php/chirper/vendor/laravel/framework/src/Illuminate/Foundation/Application.php(1242): Illuminate/Foundation/Console/Kernel->handle(Object(Symfony/Component/Console/Input/ArgvInput), Object(Symfony/Component/Console/Output/ConsoleOutput))
#28 D:/josej/Documents/Proyectos/ExamenDeGrado/C#/php/chirper/artisan(16): Illuminate/Foundation/Application->handleCommand(Object(Symfony/Component/Console/Input/ArgvInput))
#29 {main}

[previous exception] [object] (PDOException(code: 0): could not find driver at D:/josej/Documents/Proyectos/ExamenDeGrado/C#/php/chirper/vendor/laravel/framework/src/Illuminate/Database/Connectors/Connector.php:67)
[stacktrace]
#0 D:/josej/Documents/Proyectos/ExamenDeGrado/C#/php/chirper/vendor/laravel/framework/src/Illuminate/Database/Connectors/Connector.php(67): PDO::connect('sqlite:D://josej...', NULL, Object(SensitiveParameterValue), Array)
#1 D:/josej/Documents/Proyectos/ExamenDeGrado/C#/php/chirper/vendor/laravel/framework/src/Illuminate/Database/Connectors/Connector.php(44): Illuminate/Database/Connectors/Connector->createPdoConnection('sqlite:D://josej...', NULL, Object(SensitiveParameterValue), Array)
#2 D:/josej/Documents/Proyectos/ExamenDeGrado/C#/php/chirper/vendor/laravel/framework/src/Illuminate/Database/Connectors/SQLiteConnector.php(21): Illuminate/Database/Connectors/Connector->createConnection('sqlite:D://josej...', Array, Array)
#3 D:/josej/Documents/Proyectos/ExamenDeGrado/C#/php/chirper/vendor/laravel/framework/src/Illuminate/Database/Connectors/ConnectionFactory.php(259): Illuminate/Database/Connectors/SQLiteConnector->connect(Array)
#4 [internal function]: Illuminate/Database/Connectors/ConnectionFactory->{closure:Illuminate/Database/Connectors/ConnectionFactory::createPdoResolverWithoutHosts():259}()
#5 D:/josej/Documents/Proyectos/ExamenDeGrado/C#/php/chirper/vendor/laravel/framework/src/Illuminate/Database/Connection.php(1297): call_user_func(Object(Closure))
#6 D:/josej/Documents/Proyectos/ExamenDeGrado/C#/php/chirper/vendor/laravel/framework/src/Illuminate/Database/Connection.php(1335): Illuminate/Database/Connection->getPdo()
#7 D:/josej/Documents/Proyectos/ExamenDeGrado/C#/php/chirper/vendor/laravel/framework/src/Illuminate/Database/Connection.php(542): Illuminate/Database/Connection->getReadPdo()
#8 D:/josej/Documents/Proyectos/ExamenDeGrado/C#/php/chirper/vendor/laravel/framework/src/Illuminate/Database/Connection.php(435): Illuminate/Database/Connection->getPdoForSelect(true)
#9 D:/josej/Documents/Proyectos/ExamenDeGrado/C#/php/chirper/vendor/laravel/framework/src/Illuminate/Database/Connection.php(846): Illuminate/Database/Connection->{closure:Illuminate/Database/Connection::select():426}('select exists (...', Array)
#10 D:/josej/Documents/Proyectos/ExamenDeGrado/C#/php/chirper/vendor/laravel/framework/src/Illuminate/Database/Connection.php(813): Illuminate/Database/Connection->runQueryCallback('select exists (...', Array, Object(Closure))
#11 D:/josej/Documents/Proyectos/ExamenDeGrado/C#/php/chirper/vendor/laravel/framework/src/Illuminate/Database/Connection.php(426): Illuminate/Database/Connection->run('select exists (...', Array, Object(Closure))
#12 D:/josej/Documents/Proyectos/ExamenDeGrado/C#/php/chirper/vendor/laravel/framework/src/Illuminate/Database/Connection.php(371): Illuminate/Database/Connection->select('select exists (...', Array, true)
#13 D:/josej/Documents/Proyectos/ExamenDeGrado/C#/php/chirper/vendor/laravel/framework/src/Illuminate/Database/Connection.php(388): Illuminate/Database/Connection->selectOne('select exists (...', Array, true)
#14 D:/josej/Documents/Proyectos/ExamenDeGrado/C#/php/chirper/vendor/laravel/framework/src/Illuminate/Database/Schema/Builder.php(176): Illuminate/Database/Connection->scalar('select exists (...')
#15 D:/josej/Documents/Proyectos/ExamenDeGrado/C#/php/chirper/vendor/laravel/framework/src/Illuminate/Database/Migrations/DatabaseMigrationRepository.php(185): Illuminate/Database/Schema/Builder->hasTable('migrations')
#16 D:/josej/Documents/Proyectos/ExamenDeGrado/C#/php/chirper/vendor/laravel/framework/src/Illuminate/Database/Migrations/Migrator.php(797): Illuminate/Database/Migrations/DatabaseMigrationRepository->repositoryExists()
#17 D:/josej/Documents/Proyectos/ExamenDeGrado/C#/php/chirper/vendor/laravel/framework/src/Illuminate/Database/Console/Migrations/MigrateCommand.php(166): Illuminate/Database/Migrations/Migrator->repositoryExists()
#18 D:/josej/Documents/Proyectos/ExamenDeGrado/C#/php/chirper/vendor/laravel/framework/src/Illuminate/Support/helpers.php(328): Illuminate/Database/Console/Migrations/MigrateCommand->{closure:Illuminate/Database/Console/Migrations/MigrateCommand::repositoryExists():166}(2)
#19 D:/josej/Documents/Proyectos/ExamenDeGrado/C#/php/chirper/vendor/laravel/framework/src/Illuminate/Database/Console/Migrations/MigrateCommand.php(166): retry(0, Object(Closure), 0, Object(Closure))
#20 D:/josej/Documents/Proyectos/ExamenDeGrado/C#/php/chirper/vendor/laravel/framework/src/Illuminate/Database/Console/Migrations/MigrateCommand.php(142): Illuminate/Database/Console/Migrations/MigrateCommand->repositoryExists()
#21 D:/josej/Documents/Proyectos/ExamenDeGrado/C#/php/chirper/vendor/laravel/framework/src/Illuminate/Database/Console/Migrations/MigrateCommand.php(112): Illuminate/Database/Console/Migrations/MigrateCommand->prepareDatabase()
#22 D:/josej/Documents/Proyectos/ExamenDeGrado/C#/php/chirper/vendor/laravel/framework/src/Illuminate/Database/Migrations/Migrator.php(672): Illuminate/Database/Console/Migrations/MigrateCommand->{closure:Illuminate/Database/Console/Migrations/MigrateCommand::runMigrations():111}()
#23 D:/josej/Documents/Proyectos/ExamenDeGrado/C#/php/chirper/vendor/laravel/framework/src/Illuminate/Database/Console/Migrations/MigrateCommand.php(111): Illuminate/Database/Migrations/Migrator->usingConnection(NULL, Object(Closure))
#24 D:/josej/Documents/Proyectos/ExamenDeGrado/C#/php/chirper/vendor/laravel/framework/src/Illuminate/Database/Console/Migrations/MigrateCommand.php(90): Illuminate/Database/Console/Migrations/MigrateCommand->runMigrations()
#25 D:/josej/Documents/Proyectos/ExamenDeGrado/C#/php/chirper/vendor/laravel/framework/src/Illuminate/Container/BoundMethod.php(36): Illuminate/Database/Console/Migrations/MigrateCommand->handle()
#26 D:/josej/Documents/Proyectos/ExamenDeGrado/C#/php/chirper/vendor/laravel/framework/src/Illuminate/Container/Util.php(43): Illuminate/Container/BoundMethod::{closure:Illuminate/Container/BoundMethod::call():35}()
#27 D:/josej/Documents/Proyectos/ExamenDeGrado/C#/php/chirper/vendor/laravel/framework/src/Illuminate/Container/BoundMethod.php(96): Illuminate/Container/Util::unwrapIfClosure(Object(Closure))
#28 D:/josej/Documents/Proyectos/ExamenDeGrado/C#/php/chirper/vendor/laravel/framework/src/Illuminate/Container/BoundMethod.php(35): Illuminate/Container/BoundMethod::callBoundMethod(Object(Illuminate/Foundation/Application), Array, Object(Closure))
#29 D:/josej/Documents/Proyectos/ExamenDeGrado/C#/php/chirper/vendor/laravel/framework/src/Illuminate/Container/Container.php(801): Illuminate/Container/BoundMethod::call(Object(Illuminate/Foundation/Application), Array, Array, NULL)
#30 D:/josej/Documents/Proyectos/ExamenDeGrado/C#/php/chirper/vendor/laravel/framework/src/Illuminate/Console/Command.php(292): Illuminate/Container/Container->call(Array)
#31 D:/josej/Documents/Proyectos/ExamenDeGrado/C#/php/chirper/vendor/symfony/console/Command/Command.php(284): Illuminate/Console/Command->execute(Object(Symfony/Component/Console/Input/ArgvInput), Object(Illuminate/Console/OutputStyle))
#32 D:/josej/Documents/Proyectos/ExamenDeGrado/C#/php/chirper/vendor/laravel/framework/src/Illuminate/Console/Command.php(261): Symfony/Component/Console/Command/Command->run(Object(Symfony/Component/Console/Input/ArgvInput), Object(Illuminate/Console/OutputStyle))
#33 D:/josej/Documents/Proyectos/ExamenDeGrado/C#/php/chirper/vendor/symfony/console/Application.php(1144): Illuminate/Console/Command->run(Object(Symfony/Component/Console/Input/ArgvInput), Object(Symfony/Component/Console/Output/ConsoleOutput))
#34 D:/josej/Documents/Proyectos/ExamenDeGrado/C#/php/chirper/vendor/symfony/console/Application.php(379): Symfony/Component/Console/Application->doRunCommand(Object(Illuminate/Database/Console/Migrations/MigrateCommand), Object(Symfony/Component/Console/Input/ArgvInput), Object(Symfony/Component/Console/Output/ConsoleOutput))
#35 D:/josej/Documents/Proyectos/ExamenDeGrado/C#/php/chirper/vendor/symfony/console/Application.php(218): Symfony/Component/Console/Application->doRun(Object(Symfony/Component/Console/Input/ArgvInput), Object(Symfony/Component/Console/Output/ConsoleOutput))
#36 D:/josej/Documents/Proyectos/ExamenDeGrado/C#/php/chirper/vendor/laravel/framework/src/Illuminate/Foundation/Console/Kernel.php(198): Symfony/Component/Console/Application->run(Object(Symfony/Component/Console/Input/ArgvInput), Object(Symfony/Component/Console/Output/ConsoleOutput))
#37 D:/josej/Documents/Proyectos/ExamenDeGrado/C#/php/chirper/vendor/laravel/framework/src/Illuminate/Foundation/Application.php(1242): Illuminate/Foundation/Console/Kernel->handle(Object(Symfony/Component/Console/Input/ArgvInput), Object(Symfony/Component/Console/Output/ConsoleOutput))
#38 D:/josej/Documents/Proyectos/ExamenDeGrado/C#/php/chirper/artisan(16): Illuminate/Foundation/Application->handleCommand(Object(Symfony/Component/Console/Input/ArgvInput))
#39 {main}
"} 
[2026-08-15 04:16:45] local.ERROR: The process ""D:\Program Files\php\php.exe" artisan queue:work --once "--name=default" "--queue=default" "--backoff=0" "--memory=128" "--sleep=3" "--tries=1"" exceeded the timeout of 60 seconds. {"exception":"[object] (Symfony\\Component\\Process\\Exception\\ProcessTimedOutException(code: 0): The process \"\"D:\\Program Files\\php\\php.exe\" artisan queue:work --once \"--name=default\" \"--queue=default\" \"--backoff=0\" \"--memory=128\" \"--sleep=3\" \"--tries=1\"\" exceeded the timeout of 60 seconds. at D:/josej/Documents/Proyectos/ExamenDeGrado/C#/php/chirper/vendor/symfony/process/Process.php:1225)
[stacktrace]
#0 D:/josej/Documents/Proyectos/ExamenDeGrado/C#/php/chirper/vendor/symfony/process/Process.php(487): Symfony/Component/Process/Process->checkTimeout()
#1 D:/josej/Documents/Proyectos/ExamenDeGrado/C#/php/chirper/vendor/symfony/process/Process.php(268): Symfony/Component/Process/Process->wait()
#2 D:/josej/Documents/Proyectos/ExamenDeGrado/C#/php/chirper/vendor/laravel/framework/src/Illuminate/Queue/Listener.php(180): Symfony/Component/Process/Process->run(Object(Closure))
#3 D:/josej/Documents/Proyectos/ExamenDeGrado/C#/php/chirper/vendor/laravel/framework/src/Illuminate/Queue/Listener.php(91): Illuminate/Queue/Listener->runProcess(Object(Symfony/Component/Process/Process), '128')
#4 D:/josej/Documents/Proyectos/ExamenDeGrado/C#/php/chirper/vendor/laravel/framework/src/Illuminate/Queue/Console/ListenCommand.php(74): Illuminate/Queue/Listener->listen(NULL, 'default', Object(Illuminate/Queue/ListenerOptions))
#5 D:/josej/Documents/Proyectos/ExamenDeGrado/C#/php/chirper/vendor/laravel/framework/src/Illuminate/Container/BoundMethod.php(36): Illuminate/Queue/Console/ListenCommand->handle()
#6 D:/josej/Documents/Proyectos/ExamenDeGrado/C#/php/chirper/vendor/laravel/framework/src/Illuminate/Container/Util.php(43): Illuminate/Container/BoundMethod::{closure:Illuminate/Container/BoundMethod::call():35}()
#7 D:/josej/Documents/Proyectos/ExamenDeGrado/C#/php/chirper/vendor/laravel/framework/src/Illuminate/Container/BoundMethod.php(96): Illuminate/Container/Util::unwrapIfClosure(Object(Closure))
#8 D:/josej/Documents/Proyectos/ExamenDeGrado/C#/php/chirper/vendor/laravel/framework/src/Illuminate/Container/BoundMethod.php(35): Illuminate/Container/BoundMethod::callBoundMethod(Object(Illuminate/Foundation/Application), Array, Object(Closure))
#9 D:/josej/Documents/Proyectos/ExamenDeGrado/C#/php/chirper/vendor/laravel/framework/src/Illuminate/Container/Container.php(801): Illuminate/Container/BoundMethod::call(Object(Illuminate/Foundation/Application), Array, Array, NULL)
#10 D:/josej/Documents/Proyectos/ExamenDeGrado/C#/php/chirper/vendor/laravel/framework/src/Illuminate/Console/Command.php(292): Illuminate/Container/Container->call(Array)
#11 D:/josej/Documents/Proyectos/ExamenDeGrado/C#/php/chirper/vendor/symfony/console/Command/Command.php(284): Illuminate/Console/Command->execute(Object(Symfony/Component/Console/Input/ArgvInput), Object(Illuminate/Console/OutputStyle))
#12 D:/josej/Documents/Proyectos/ExamenDeGrado/C#/php/chirper/vendor/laravel/framework/src/Illuminate/Console/Command.php(261): Symfony/Component/Console/Command/Command->run(Object(Symfony/Component/Console/Input/ArgvInput), Object(Illuminate/Console/OutputStyle))
#13 D:/josej/Documents/Proyectos/ExamenDeGrado/C#/php/chirper/vendor/symfony/console/Application.php(1144): Illuminate/Console/Command->run(Object(Symfony/Component/Console/Input/ArgvInput), Object(Symfony/Component/Console/Output/ConsoleOutput))
#14 D:/josej/Documents/Proyectos/ExamenDeGrado/C#/php/chirper/vendor/symfony/console/Application.php(379): Symfony/Component/Console/Application->doRunCommand(Object(Illuminate/Queue/Console/ListenCommand), Object(Symfony/Component/Console/Input/ArgvInput), Object(Symfony/Component/Console/Output/ConsoleOutput))
#15 D:/josej/Documents/Proyectos/ExamenDeGrado/C#/php/chirper/vendor/symfony/console/Application.php(218): Symfony/Component/Console/Application->doRun(Object(Symfony/Component/Console/Input/ArgvInput), Object(Symfony/Component/Console/Output/ConsoleOutput))
#16 D:/josej/Documents/Proyectos/ExamenDeGrado/C#/php/chirper/vendor/laravel/framework/src/Illuminate/Foundation/Console/Kernel.php(198): Symfony/Component/Console/Application->run(Object(Symfony/Component/Console/Input/ArgvInput), Object(Symfony/Component/Console/Output/ConsoleOutput))
#17 D:/josej/Documents/Proyectos/ExamenDeGrado/C#/php/chirper/vendor/laravel/framework/src/Illuminate/Foundation/Application.php(1242): Illuminate/Foundation/Console/Kernel->handle(Object(Symfony/Component/Console/Input/ArgvInput), Object(Symfony/Component/Console/Output/ConsoleOutput))
#18 D:/josej/Documents/Proyectos/ExamenDeGrado/C#/php/chirper/artisan(16): Illuminate/Foundation/Application->handleCommand(Object(Symfony/Component/Console/Input/ArgvInput))
#19 {main}
"} 
