[2026-08-17 01:41:42] local.ERROR: could not find driver (Connection: sqlite, Database: D:\josej\Documents\Proyectos\ExamenDeGrado\C#\php\ugb\database\database.sqlite, SQL: select exists (select 1 from "main".sqlite_master where name = 'migrations' and type = 'table') as "exists") {"exception":"[object] (Illuminate\\Database\\QueryException(code: 0): could not find driver (Connection: sqlite, Database: D:\\josej\\Documents\\Proyectos\\ExamenDeGrado\\C#\\php\\ugb\\database\\database.sqlite, SQL: select exists (select 1 from \"main\".sqlite_master where name = 'migrations' and type = 'table') as \"exists\") at D:/josej/Documents/Proyectos/ExamenDeGrado/C#/php/ugb/vendor/laravel/framework/src/Illuminate/Database/Connection.php:857)
[stacktrace]
#0 D:/josej/Documents/Proyectos/ExamenDeGrado/C#/php/ugb/vendor/laravel/framework/src/Illuminate/Database/Connection.php(813): Illuminate/Database/Connection->runQueryCallback('select exists (...', Array, Object(Closure))
#1 D:/josej/Documents/Proyectos/ExamenDeGrado/C#/php/ugb/vendor/laravel/framework/src/Illuminate/Database/Connection.php(426): Illuminate/Database/Connection->run('select exists (...', Array, Object(Closure))
#2 D:/josej/Documents/Proyectos/ExamenDeGrado/C#/php/ugb/vendor/laravel/framework/src/Illuminate/Database/Connection.php(371): Illuminate/Database/Connection->select('select exists (...', Array, true)
#3 D:/josej/Documents/Proyectos/ExamenDeGrado/C#/php/ugb/vendor/laravel/framework/src/Illuminate/Database/Connection.php(388): Illuminate/Database/Connection->selectOne('select exists (...', Array, true)
#4 D:/josej/Documents/Proyectos/ExamenDeGrado/C#/php/ugb/vendor/laravel/framework/src/Illuminate/Database/Schema/Builder.php(176): Illuminate/Database/Connection->scalar('select exists (...')
#5 D:/josej/Documents/Proyectos/ExamenDeGrado/C#/php/ugb/vendor/laravel/framework/src/Illuminate/Database/Migrations/DatabaseMigrationRepository.php(185): Illuminate/Database/Schema/Builder->hasTable('migrations')
#6 D:/josej/Documents/Proyectos/ExamenDeGrado/C#/php/ugb/vendor/laravel/framework/src/Illuminate/Database/Migrations/Migrator.php(797): Illuminate/Database/Migrations/DatabaseMigrationRepository->repositoryExists()
#7 D:/josej/Documents/Proyectos/ExamenDeGrado/C#/php/ugb/vendor/laravel/framework/src/Illuminate/Database/Console/Migrations/MigrateCommand.php(166): Illuminate/Database/Migrations/Migrator->repositoryExists()
#8 D:/josej/Documents/Proyectos/ExamenDeGrado/C#/php/ugb/vendor/laravel/framework/src/Illuminate/Support/helpers.php(328): Illuminate/Database/Console/Migrations/MigrateCommand->{closure:Illuminate/Database/Console/Migrations/MigrateCommand::repositoryExists():166}(1)
#9 D:/josej/Documents/Proyectos/ExamenDeGrado/C#/php/ugb/vendor/laravel/framework/src/Illuminate/Database/Console/Migrations/MigrateCommand.php(166): retry(1, Object(Closure), 0, Object(Closure))
#10 D:/josej/Documents/Proyectos/ExamenDeGrado/C#/php/ugb/vendor/laravel/framework/src/Illuminate/Database/Console/Migrations/MigrateCommand.php(142): Illuminate/Database/Console/Migrations/MigrateCommand->repositoryExists()
#11 D:/josej/Documents/Proyectos/ExamenDeGrado/C#/php/ugb/vendor/laravel/framework/src/Illuminate/Database/Console/Migrations/MigrateCommand.php(112): Illuminate/Database/Console/Migrations/MigrateCommand->prepareDatabase()
#12 D:/josej/Documents/Proyectos/ExamenDeGrado/C#/php/ugb/vendor/laravel/framework/src/Illuminate/Database/Migrations/Migrator.php(672): Illuminate/Database/Console/Migrations/MigrateCommand->{closure:Illuminate/Database/Console/Migrations/MigrateCommand::runMigrations():111}()
#13 D:/josej/Documents/Proyectos/ExamenDeGrado/C#/php/ugb/vendor/laravel/framework/src/Illuminate/Database/Console/Migrations/MigrateCommand.php(111): Illuminate/Database/Migrations/Migrator->usingConnection(NULL, Object(Closure))
#14 D:/josej/Documents/Proyectos/ExamenDeGrado/C#/php/ugb/vendor/laravel/framework/src/Illuminate/Database/Console/Migrations/MigrateCommand.php(90): Illuminate/Database/Console/Migrations/MigrateCommand->runMigrations()
#15 D:/josej/Documents/Proyectos/ExamenDeGrado/C#/php/ugb/vendor/laravel/framework/src/Illuminate/Container/BoundMethod.php(36): Illuminate/Database/Console/Migrations/MigrateCommand->handle()
#16 D:/josej/Documents/Proyectos/ExamenDeGrado/C#/php/ugb/vendor/laravel/framework/src/Illuminate/Container/Util.php(43): Illuminate/Container/BoundMethod::{closure:Illuminate/Container/BoundMethod::call():35}()
#17 D:/josej/Documents/Proyectos/ExamenDeGrado/C#/php/ugb/vendor/laravel/framework/src/Illuminate/Container/BoundMethod.php(96): Illuminate/Container/Util::unwrapIfClosure(Object(Closure))
#18 D:/josej/Documents/Proyectos/ExamenDeGrado/C#/php/ugb/vendor/laravel/framework/src/Illuminate/Container/BoundMethod.php(35): Illuminate/Container/BoundMethod::callBoundMethod(Object(Illuminate/Foundation/Application), Array, Object(Closure))
#19 D:/josej/Documents/Proyectos/ExamenDeGrado/C#/php/ugb/vendor/laravel/framework/src/Illuminate/Container/Container.php(801): Illuminate/Container/BoundMethod::call(Object(Illuminate/Foundation/Application), Array, Array, NULL)
#20 D:/josej/Documents/Proyectos/ExamenDeGrado/C#/php/ugb/vendor/laravel/framework/src/Illuminate/Console/Command.php(292): Illuminate/Container/Container->call(Array)
#21 D:/josej/Documents/Proyectos/ExamenDeGrado/C#/php/ugb/vendor/symfony/console/Command/Command.php(284): Illuminate/Console/Command->execute(Object(Symfony/Component/Console/Input/ArgvInput), Object(Illuminate/Console/OutputStyle))
#22 D:/josej/Documents/Proyectos/ExamenDeGrado/C#/php/ugb/vendor/laravel/framework/src/Illuminate/Console/Command.php(261): Symfony/Component/Console/Command/Command->run(Object(Symfony/Component/Console/Input/ArgvInput), Object(Illuminate/Console/OutputStyle))
#23 D:/josej/Documents/Proyectos/ExamenDeGrado/C#/php/ugb/vendor/symfony/console/Application.php(1144): Illuminate/Console/Command->run(Object(Symfony/Component/Console/Input/ArgvInput), Object(Symfony/Component/Console/Output/ConsoleOutput))
#24 D:/josej/Documents/Proyectos/ExamenDeGrado/C#/php/ugb/vendor/symfony/console/Application.php(379): Symfony/Component/Console/Application->doRunCommand(Object(Illuminate/Database/Console/Migrations/MigrateCommand), Object(Symfony/Component/Console/Input/ArgvInput), Object(Symfony/Component/Console/Output/ConsoleOutput))
#25 D:/josej/Documents/Proyectos/ExamenDeGrado/C#/php/ugb/vendor/symfony/console/Application.php(218): Symfony/Component/Console/Application->doRun(Object(Symfony/Component/Console/Input/ArgvInput), Object(Symfony/Component/Console/Output/ConsoleOutput))
#26 D:/josej/Documents/Proyectos/ExamenDeGrado/C#/php/ugb/vendor/laravel/framework/src/Illuminate/Foundation/Console/Kernel.php(198): Symfony/Component/Console/Application->run(Object(Symfony/Component/Console/Input/ArgvInput), Object(Symfony/Component/Console/Output/ConsoleOutput))
#27 D:/josej/Documents/Proyectos/ExamenDeGrado/C#/php/ugb/vendor/laravel/framework/src/Illuminate/Foundation/Application.php(1242): Illuminate/Foundation/Console/Kernel->handle(Object(Symfony/Component/Console/Input/ArgvInput), Object(Symfony/Component/Console/Output/ConsoleOutput))
#28 D:/josej/Documents/Proyectos/ExamenDeGrado/C#/php/ugb/artisan(16): Illuminate/Foundation/Application->handleCommand(Object(Symfony/Component/Console/Input/ArgvInput))
#29 {main}

[previous exception] [object] (PDOException(code: 0): could not find driver at D:/josej/Documents/Proyectos/ExamenDeGrado/C#/php/ugb/vendor/laravel/framework/src/Illuminate/Database/Connectors/Connector.php:67)
[stacktrace]
#0 D:/josej/Documents/Proyectos/ExamenDeGrado/C#/php/ugb/vendor/laravel/framework/src/Illuminate/Database/Connectors/Connector.php(67): PDO::connect('sqlite:D://josej...', NULL, Object(SensitiveParameterValue), Array)
#1 D:/josej/Documents/Proyectos/ExamenDeGrado/C#/php/ugb/vendor/laravel/framework/src/Illuminate/Database/Connectors/Connector.php(44): Illuminate/Database/Connectors/Connector->createPdoConnection('sqlite:D://josej...', NULL, Object(SensitiveParameterValue), Array)
#2 D:/josej/Documents/Proyectos/ExamenDeGrado/C#/php/ugb/vendor/laravel/framework/src/Illuminate/Database/Connectors/SQLiteConnector.php(21): Illuminate/Database/Connectors/Connector->createConnection('sqlite:D://josej...', Array, Array)
#3 D:/josej/Documents/Proyectos/ExamenDeGrado/C#/php/ugb/vendor/laravel/framework/src/Illuminate/Database/Connectors/ConnectionFactory.php(259): Illuminate/Database/Connectors/SQLiteConnector->connect(Array)
#4 [internal function]: Illuminate/Database/Connectors/ConnectionFactory->{closure:Illuminate/Database/Connectors/ConnectionFactory::createPdoResolverWithoutHosts():259}()
#5 D:/josej/Documents/Proyectos/ExamenDeGrado/C#/php/ugb/vendor/laravel/framework/src/Illuminate/Database/Connection.php(1297): call_user_func(Object(Closure))
#6 D:/josej/Documents/Proyectos/ExamenDeGrado/C#/php/ugb/vendor/laravel/framework/src/Illuminate/Database/Connection.php(1335): Illuminate/Database/Connection->getPdo()
#7 D:/josej/Documents/Proyectos/ExamenDeGrado/C#/php/ugb/vendor/laravel/framework/src/Illuminate/Database/Connection.php(542): Illuminate/Database/Connection->getReadPdo()
#8 D:/josej/Documents/Proyectos/ExamenDeGrado/C#/php/ugb/vendor/laravel/framework/src/Illuminate/Database/Connection.php(435): Illuminate/Database/Connection->getPdoForSelect(true)
#9 D:/josej/Documents/Proyectos/ExamenDeGrado/C#/php/ugb/vendor/laravel/framework/src/Illuminate/Database/Connection.php(846): Illuminate/Database/Connection->{closure:Illuminate/Database/Connection::select():426}('select exists (...', Array)
#10 D:/josej/Documents/Proyectos/ExamenDeGrado/C#/php/ugb/vendor/laravel/framework/src/Illuminate/Database/Connection.php(813): Illuminate/Database/Connection->runQueryCallback('select exists (...', Array, Object(Closure))
#11 D:/josej/Documents/Proyectos/ExamenDeGrado/C#/php/ugb/vendor/laravel/framework/src/Illuminate/Database/Connection.php(426): Illuminate/Database/Connection->run('select exists (...', Array, Object(Closure))
#12 D:/josej/Documents/Proyectos/ExamenDeGrado/C#/php/ugb/vendor/laravel/framework/src/Illuminate/Database/Connection.php(371): Illuminate/Database/Connection->select('select exists (...', Array, true)
#13 D:/josej/Documents/Proyectos/ExamenDeGrado/C#/php/ugb/vendor/laravel/framework/src/Illuminate/Database/Connection.php(388): Illuminate/Database/Connection->selectOne('select exists (...', Array, true)
#14 D:/josej/Documents/Proyectos/ExamenDeGrado/C#/php/ugb/vendor/laravel/framework/src/Illuminate/Database/Schema/Builder.php(176): Illuminate/Database/Connection->scalar('select exists (...')
#15 D:/josej/Documents/Proyectos/ExamenDeGrado/C#/php/ugb/vendor/laravel/framework/src/Illuminate/Database/Migrations/DatabaseMigrationRepository.php(185): Illuminate/Database/Schema/Builder->hasTable('migrations')
#16 D:/josej/Documents/Proyectos/ExamenDeGrado/C#/php/ugb/vendor/laravel/framework/src/Illuminate/Database/Migrations/Migrator.php(797): Illuminate/Database/Migrations/DatabaseMigrationRepository->repositoryExists()
#17 D:/josej/Documents/Proyectos/ExamenDeGrado/C#/php/ugb/vendor/laravel/framework/src/Illuminate/Database/Console/Migrations/MigrateCommand.php(166): Illuminate/Database/Migrations/Migrator->repositoryExists()
#18 D:/josej/Documents/Proyectos/ExamenDeGrado/C#/php/ugb/vendor/laravel/framework/src/Illuminate/Support/helpers.php(328): Illuminate/Database/Console/Migrations/MigrateCommand->{closure:Illuminate/Database/Console/Migrations/MigrateCommand::repositoryExists():166}(1)
#19 D:/josej/Documents/Proyectos/ExamenDeGrado/C#/php/ugb/vendor/laravel/framework/src/Illuminate/Database/Console/Migrations/MigrateCommand.php(166): retry(1, Object(Closure), 0, Object(Closure))
#20 D:/josej/Documents/Proyectos/ExamenDeGrado/C#/php/ugb/vendor/laravel/framework/src/Illuminate/Database/Console/Migrations/MigrateCommand.php(142): Illuminate/Database/Console/Migrations/MigrateCommand->repositoryExists()
#21 D:/josej/Documents/Proyectos/ExamenDeGrado/C#/php/ugb/vendor/laravel/framework/src/Illuminate/Database/Console/Migrations/MigrateCommand.php(112): Illuminate/Database/Console/Migrations/MigrateCommand->prepareDatabase()
#22 D:/josej/Documents/Proyectos/ExamenDeGrado/C#/php/ugb/vendor/laravel/framework/src/Illuminate/Database/Migrations/Migrator.php(672): Illuminate/Database/Console/Migrations/MigrateCommand->{closure:Illuminate/Database/Console/Migrations/MigrateCommand::runMigrations():111}()
#23 D:/josej/Documents/Proyectos/ExamenDeGrado/C#/php/ugb/vendor/laravel/framework/src/Illuminate/Database/Console/Migrations/MigrateCommand.php(111): Illuminate/Database/Migrations/Migrator->usingConnection(NULL, Object(Closure))
#24 D:/josej/Documents/Proyectos/ExamenDeGrado/C#/php/ugb/vendor/laravel/framework/src/Illuminate/Database/Console/Migrations/MigrateCommand.php(90): Illuminate/Database/Console/Migrations/MigrateCommand->runMigrations()
#25 D:/josej/Documents/Proyectos/ExamenDeGrado/C#/php/ugb/vendor/laravel/framework/src/Illuminate/Container/BoundMethod.php(36): Illuminate/Database/Console/Migrations/MigrateCommand->handle()
#26 D:/josej/Documents/Proyectos/ExamenDeGrado/C#/php/ugb/vendor/laravel/framework/src/Illuminate/Container/Util.php(43): Illuminate/Container/BoundMethod::{closure:Illuminate/Container/BoundMethod::call():35}()
#27 D:/josej/Documents/Proyectos/ExamenDeGrado/C#/php/ugb/vendor/laravel/framework/src/Illuminate/Container/BoundMethod.php(96): Illuminate/Container/Util::unwrapIfClosure(Object(Closure))
#28 D:/josej/Documents/Proyectos/ExamenDeGrado/C#/php/ugb/vendor/laravel/framework/src/Illuminate/Container/BoundMethod.php(35): Illuminate/Container/BoundMethod::callBoundMethod(Object(Illuminate/Foundation/Application), Array, Object(Closure))
#29 D:/josej/Documents/Proyectos/ExamenDeGrado/C#/php/ugb/vendor/laravel/framework/src/Illuminate/Container/Container.php(801): Illuminate/Container/BoundMethod::call(Object(Illuminate/Foundation/Application), Array, Array, NULL)
#30 D:/josej/Documents/Proyectos/ExamenDeGrado/C#/php/ugb/vendor/laravel/framework/src/Illuminate/Console/Command.php(292): Illuminate/Container/Container->call(Array)
#31 D:/josej/Documents/Proyectos/ExamenDeGrado/C#/php/ugb/vendor/symfony/console/Command/Command.php(284): Illuminate/Console/Command->execute(Object(Symfony/Component/Console/Input/ArgvInput), Object(Illuminate/Console/OutputStyle))
#32 D:/josej/Documents/Proyectos/ExamenDeGrado/C#/php/ugb/vendor/laravel/framework/src/Illuminate/Console/Command.php(261): Symfony/Component/Console/Command/Command->run(Object(Symfony/Component/Console/Input/ArgvInput), Object(Illuminate/Console/OutputStyle))
#33 D:/josej/Documents/Proyectos/ExamenDeGrado/C#/php/ugb/vendor/symfony/console/Application.php(1144): Illuminate/Console/Command->run(Object(Symfony/Component/Console/Input/ArgvInput), Object(Symfony/Component/Console/Output/ConsoleOutput))
#34 D:/josej/Documents/Proyectos/ExamenDeGrado/C#/php/ugb/vendor/symfony/console/Application.php(379): Symfony/Component/Console/Application->doRunCommand(Object(Illuminate/Database/Console/Migrations/MigrateCommand), Object(Symfony/Component/Console/Input/ArgvInput), Object(Symfony/Component/Console/Output/ConsoleOutput))
#35 D:/josej/Documents/Proyectos/ExamenDeGrado/C#/php/ugb/vendor/symfony/console/Application.php(218): Symfony/Component/Console/Application->doRun(Object(Symfony/Component/Console/Input/ArgvInput), Object(Symfony/Component/Console/Output/ConsoleOutput))
#36 D:/josej/Documents/Proyectos/ExamenDeGrado/C#/php/ugb/vendor/laravel/framework/src/Illuminate/Foundation/Console/Kernel.php(198): Symfony/Component/Console/Application->run(Object(Symfony/Component/Console/Input/ArgvInput), Object(Symfony/Component/Console/Output/ConsoleOutput))
#37 D:/josej/Documents/Proyectos/ExamenDeGrado/C#/php/ugb/vendor/laravel/framework/src/Illuminate/Foundation/Application.php(1242): Illuminate/Foundation/Console/Kernel->handle(Object(Symfony/Component/Console/Input/ArgvInput), Object(Symfony/Component/Console/Output/ConsoleOutput))
#38 D:/josej/Documents/Proyectos/ExamenDeGrado/C#/php/ugb/artisan(16): Illuminate/Foundation/Application->handleCommand(Object(Symfony/Component/Console/Input/ArgvInput))
#39 {main}
"} 
[2026-08-17 01:42:05] local.ERROR: SQLSTATE[HY000]: General error: 1 no such table: cache (Connection: sqlite, Database: D:\josej\Documents\Proyectos\ExamenDeGrado\C#\php\ugb\database\database.sqlite, SQL: select * from "cache" where "key" in (laravel-cache-illuminate:queues:paused, laravel-cache-illuminate:queue:paused:database:default)) {"exception":"[object] (Illuminate\\Database\\QueryException(code: HY000): SQLSTATE[HY000]: General error: 1 no such table: cache (Connection: sqlite, Database: D:\\josej\\Documents\\Proyectos\\ExamenDeGrado\\C#\\php\\ugb\\database\\database.sqlite, SQL: select * from \"cache\" where \"key\" in (laravel-cache-illuminate:queues:paused, laravel-cache-illuminate:queue:paused:database:default)) at D:/josej/Documents/Proyectos/ExamenDeGrado/C#/php/ugb/vendor/laravel/framework/src/Illuminate/Database/Connection.php:857)
[stacktrace]
#0 D:/josej/Documents/Proyectos/ExamenDeGrado/C#/php/ugb/vendor/laravel/framework/src/Illuminate/Database/Connection.php(813): Illuminate/Database/Connection->runQueryCallback('select * from \"...', Array, Object(Closure))
#1 D:/josej/Documents/Proyectos/ExamenDeGrado/C#/php/ugb/vendor/laravel/framework/src/Illuminate/Database/Connection.php(426): Illuminate/Database/Connection->run('select * from \"...', Array, Object(Closure))
#2 D:/josej/Documents/Proyectos/ExamenDeGrado/C#/php/ugb/vendor/laravel/framework/src/Illuminate/Database/Query/Builder.php(3573): Illuminate/Database/Connection->select('select * from \"...', Array, true, Array)
#3 D:/josej/Documents/Proyectos/ExamenDeGrado/C#/php/ugb/vendor/laravel/framework/src/Illuminate/Database/Query/Builder.php(3557): Illuminate/Database/Query/Builder->runSelect()
#4 D:/josej/Documents/Proyectos/ExamenDeGrado/C#/php/ugb/vendor/laravel/framework/src/Illuminate/Cache/DatabaseStore.php(142): Illuminate/Database/Query/Builder->get()
#5 D:/josej/Documents/Proyectos/ExamenDeGrado/C#/php/ugb/vendor/laravel/framework/src/Illuminate/Cache/Repository.php(167): Illuminate/Cache/DatabaseStore->many(Array)
#6 D:/josej/Documents/Proyectos/ExamenDeGrado/C#/php/ugb/vendor/laravel/framework/src/Illuminate/Queue/QueueManager.php(335): Illuminate/Cache/Repository->many(Array)
#7 D:/josej/Documents/Proyectos/ExamenDeGrado/C#/php/ugb/vendor/laravel/framework/src/Illuminate/Queue/Worker.php(489): Illuminate/Queue/QueueManager->getPausedQueues('database', Array)
#8 D:/josej/Documents/Proyectos/ExamenDeGrado/C#/php/ugb/vendor/laravel/framework/src/Illuminate/Queue/Worker.php(450): Illuminate/Queue/Worker->getPausedQueues('database', Array)
#9 D:/josej/Documents/Proyectos/ExamenDeGrado/C#/php/ugb/vendor/laravel/framework/src/Illuminate/Queue/Worker.php(410): Illuminate/Queue/Worker->getNextJob(Object(Illuminate/Queue/DatabaseQueue), 'default')
#10 D:/josej/Documents/Proyectos/ExamenDeGrado/C#/php/ugb/vendor/laravel/framework/src/Illuminate/Queue/Console/WorkCommand.php(149): Illuminate/Queue/Worker->runNextJob('database', 'default', Object(Illuminate/Queue/WorkerOptions))
#11 D:/josej/Documents/Proyectos/ExamenDeGrado/C#/php/ugb/vendor/laravel/framework/src/Illuminate/Queue/Console/WorkCommand.php(132): Illuminate/Queue/Console/WorkCommand->runWorker('database', 'default')
#12 D:/josej/Documents/Proyectos/ExamenDeGrado/C#/php/ugb/vendor/laravel/framework/src/Illuminate/Container/BoundMethod.php(36): Illuminate/Queue/Console/WorkCommand->handle()
#13 D:/josej/Documents/Proyectos/ExamenDeGrado/C#/php/ugb/vendor/laravel/framework/src/Illuminate/Container/Util.php(43): Illuminate/Container/BoundMethod::{closure:Illuminate/Container/BoundMethod::call():35}()
#14 D:/josej/Documents/Proyectos/ExamenDeGrado/C#/php/ugb/vendor/laravel/framework/src/Illuminate/Container/BoundMethod.php(96): Illuminate/Container/Util::unwrapIfClosure(Object(Closure))
#15 D:/josej/Documents/Proyectos/ExamenDeGrado/C#/php/ugb/vendor/laravel/framework/src/Illuminate/Container/BoundMethod.php(35): Illuminate/Container/BoundMethod::callBoundMethod(Object(Illuminate/Foundation/Application), Array, Object(Closure))
#16 D:/josej/Documents/Proyectos/ExamenDeGrado/C#/php/ugb/vendor/laravel/framework/src/Illuminate/Container/Container.php(801): Illuminate/Container/BoundMethod::call(Object(Illuminate/Foundation/Application), Array, Array, NULL)
#17 D:/josej/Documents/Proyectos/ExamenDeGrado/C#/php/ugb/vendor/laravel/framework/src/Illuminate/Console/Command.php(292): Illuminate/Container/Container->call(Array)
#18 D:/josej/Documents/Proyectos/ExamenDeGrado/C#/php/ugb/vendor/symfony/console/Command/Command.php(284): Illuminate/Console/Command->execute(Object(Symfony/Component/Console/Input/ArgvInput), Object(Illuminate/Console/OutputStyle))
#19 D:/josej/Documents/Proyectos/ExamenDeGrado/C#/php/ugb/vendor/laravel/framework/src/Illuminate/Console/Command.php(261): Symfony/Component/Console/Command/Command->run(Object(Symfony/Component/Console/Input/ArgvInput), Object(Illuminate/Console/OutputStyle))
#20 D:/josej/Documents/Proyectos/ExamenDeGrado/C#/php/ugb/vendor/symfony/console/Application.php(1144): Illuminate/Console/Command->run(Object(Symfony/Component/Console/Input/ArgvInput), Object(Symfony/Component/Console/Output/ConsoleOutput))
#21 D:/josej/Documents/Proyectos/ExamenDeGrado/C#/php/ugb/vendor/symfony/console/Application.php(379): Symfony/Component/Console/Application->doRunCommand(Object(Illuminate/Queue/Console/WorkCommand), Object(Symfony/Component/Console/Input/ArgvInput), Object(Symfony/Component/Console/Output/ConsoleOutput))
#22 D:/josej/Documents/Proyectos/ExamenDeGrado/C#/php/ugb/vendor/symfony/console/Application.php(218): Symfony/Component/Console/Application->doRun(Object(Symfony/Component/Console/Input/ArgvInput), Object(Symfony/Component/Console/Output/ConsoleOutput))
#23 D:/josej/Documents/Proyectos/ExamenDeGrado/C#/php/ugb/vendor/laravel/framework/src/Illuminate/Foundation/Console/Kernel.php(198): Symfony/Component/Console/Application->run(Object(Symfony/Component/Console/Input/ArgvInput), Object(Symfony/Component/Console/Output/ConsoleOutput))
#24 D:/josej/Documents/Proyectos/ExamenDeGrado/C#/php/ugb/vendor/laravel/framework/src/Illuminate/Foundation/Application.php(1242): Illuminate/Foundation/Console/Kernel->handle(Object(Symfony/Component/Console/Input/ArgvInput), Object(Symfony/Component/Console/Output/ConsoleOutput))
#25 D:/josej/Documents/Proyectos/ExamenDeGrado/C#/php/ugb/artisan(16): Illuminate/Foundation/Application->handleCommand(Object(Symfony/Component/Console/Input/ArgvInput))
#26 {main}

[previous exception] [object] (PDOException(code: HY000): SQLSTATE[HY000]: General error: 1 no such table: cache at D:/josej/Documents/Proyectos/ExamenDeGrado/C#/php/ugb/vendor/laravel/framework/src/Illuminate/Database/Connection.php:435)
[stacktrace]
#0 D:/josej/Documents/Proyectos/ExamenDeGrado/C#/php/ugb/vendor/laravel/framework/src/Illuminate/Database/Connection.php(435): PDO->prepare('select * from \"...')
#1 D:/josej/Documents/Proyectos/ExamenDeGrado/C#/php/ugb/vendor/laravel/framework/src/Illuminate/Database/Connection.php(846): Illuminate/Database/Connection->{closure:Illuminate/Database/Connection::select():426}('select * from \"...', Array)
#2 D:/josej/Documents/Proyectos/ExamenDeGrado/C#/php/ugb/vendor/laravel/framework/src/Illuminate/Database/Connection.php(813): Illuminate/Database/Connection->runQueryCallback('select * from \"...', Array, Object(Closure))
#3 D:/josej/Documents/Proyectos/ExamenDeGrado/C#/php/ugb/vendor/laravel/framework/src/Illuminate/Database/Connection.php(426): Illuminate/Database/Connection->run('select * from \"...', Array, Object(Closure))
#4 D:/josej/Documents/Proyectos/ExamenDeGrado/C#/php/ugb/vendor/laravel/framework/src/Illuminate/Database/Query/Builder.php(3573): Illuminate/Database/Connection->select('select * from \"...', Array, true, Array)
#5 D:/josej/Documents/Proyectos/ExamenDeGrado/C#/php/ugb/vendor/laravel/framework/src/Illuminate/Database/Query/Builder.php(3557): Illuminate/Database/Query/Builder->runSelect()
#6 D:/josej/Documents/Proyectos/ExamenDeGrado/C#/php/ugb/vendor/laravel/framework/src/Illuminate/Cache/DatabaseStore.php(142): Illuminate/Database/Query/Builder->get()
#7 D:/josej/Documents/Proyectos/ExamenDeGrado/C#/php/ugb/vendor/laravel/framework/src/Illuminate/Cache/Repository.php(167): Illuminate/Cache/DatabaseStore->many(Array)
#8 D:/josej/Documents/Proyectos/ExamenDeGrado/C#/php/ugb/vendor/laravel/framework/src/Illuminate/Queue/QueueManager.php(335): Illuminate/Cache/Repository->many(Array)
#9 D:/josej/Documents/Proyectos/ExamenDeGrado/C#/php/ugb/vendor/laravel/framework/src/Illuminate/Queue/Worker.php(489): Illuminate/Queue/QueueManager->getPausedQueues('database', Array)
#10 D:/josej/Documents/Proyectos/ExamenDeGrado/C#/php/ugb/vendor/laravel/framework/src/Illuminate/Queue/Worker.php(450): Illuminate/Queue/Worker->getPausedQueues('database', Array)
#11 D:/josej/Documents/Proyectos/ExamenDeGrado/C#/php/ugb/vendor/laravel/framework/src/Illuminate/Queue/Worker.php(410): Illuminate/Queue/Worker->getNextJob(Object(Illuminate/Queue/DatabaseQueue), 'default')
#12 D:/josej/Documents/Proyectos/ExamenDeGrado/C#/php/ugb/vendor/laravel/framework/src/Illuminate/Queue/Console/WorkCommand.php(149): Illuminate/Queue/Worker->runNextJob('database', 'default', Object(Illuminate/Queue/WorkerOptions))
#13 D:/josej/Documents/Proyectos/ExamenDeGrado/C#/php/ugb/vendor/laravel/framework/src/Illuminate/Queue/Console/WorkCommand.php(132): Illuminate/Queue/Console/WorkCommand->runWorker('database', 'default')
#14 D:/josej/Documents/Proyectos/ExamenDeGrado/C#/php/ugb/vendor/laravel/framework/src/Illuminate/Container/BoundMethod.php(36): Illuminate/Queue/Console/WorkCommand->handle()
#15 D:/josej/Documents/Proyectos/ExamenDeGrado/C#/php/ugb/vendor/laravel/framework/src/Illuminate/Container/Util.php(43): Illuminate/Container/BoundMethod::{closure:Illuminate/Container/BoundMethod::call():35}()
#16 D:/josej/Documents/Proyectos/ExamenDeGrado/C#/php/ugb/vendor/laravel/framework/src/Illuminate/Container/BoundMethod.php(96): Illuminate/Container/Util::unwrapIfClosure(Object(Closure))
#17 D:/josej/Documents/Proyectos/ExamenDeGrado/C#/php/ugb/vendor/laravel/framework/src/Illuminate/Container/BoundMethod.php(35): Illuminate/Container/BoundMethod::callBoundMethod(Object(Illuminate/Foundation/Application), Array, Object(Closure))
#18 D:/josej/Documents/Proyectos/ExamenDeGrado/C#/php/ugb/vendor/laravel/framework/src/Illuminate/Container/Container.php(801): Illuminate/Container/BoundMethod::call(Object(Illuminate/Foundation/Application), Array, Array, NULL)
#19 D:/josej/Documents/Proyectos/ExamenDeGrado/C#/php/ugb/vendor/laravel/framework/src/Illuminate/Console/Command.php(292): Illuminate/Container/Container->call(Array)
#20 D:/josej/Documents/Proyectos/ExamenDeGrado/C#/php/ugb/vendor/symfony/console/Command/Command.php(284): Illuminate/Console/Command->execute(Object(Symfony/Component/Console/Input/ArgvInput), Object(Illuminate/Console/OutputStyle))
#21 D:/josej/Documents/Proyectos/ExamenDeGrado/C#/php/ugb/vendor/laravel/framework/src/Illuminate/Console/Command.php(261): Symfony/Component/Console/Command/Command->run(Object(Symfony/Component/Console/Input/ArgvInput), Object(Illuminate/Console/OutputStyle))
#22 D:/josej/Documents/Proyectos/ExamenDeGrado/C#/php/ugb/vendor/symfony/console/Application.php(1144): Illuminate/Console/Command->run(Object(Symfony/Component/Console/Input/ArgvInput), Object(Symfony/Component/Console/Output/ConsoleOutput))
#23 D:/josej/Documents/Proyectos/ExamenDeGrado/C#/php/ugb/vendor/symfony/console/Application.php(379): Symfony/Component/Console/Application->doRunCommand(Object(Illuminate/Queue/Console/WorkCommand), Object(Symfony/Component/Console/Input/ArgvInput), Object(Symfony/Component/Console/Output/ConsoleOutput))
#24 D:/josej/Documents/Proyectos/ExamenDeGrado/C#/php/ugb/vendor/symfony/console/Application.php(218): Symfony/Component/Console/Application->doRun(Object(Symfony/Component/Console/Input/ArgvInput), Object(Symfony/Component/Console/Output/ConsoleOutput))
#25 D:/josej/Documents/Proyectos/ExamenDeGrado/C#/php/ugb/vendor/laravel/framework/src/Illuminate/Foundation/Console/Kernel.php(198): Symfony/Component/Console/Application->run(Object(Symfony/Component/Console/Input/ArgvInput), Object(Symfony/Component/Console/Output/ConsoleOutput))
#26 D:/josej/Documents/Proyectos/ExamenDeGrado/C#/php/ugb/vendor/laravel/framework/src/Illuminate/Foundation/Application.php(1242): Illuminate/Foundation/Console/Kernel->handle(Object(Symfony/Component/Console/Input/ArgvInput), Object(Symfony/Component/Console/Output/ConsoleOutput))
#27 D:/josej/Documents/Proyectos/ExamenDeGrado/C#/php/ugb/artisan(16): Illuminate/Foundation/Application->handleCommand(Object(Symfony/Component/Console/Input/ArgvInput))
#28 {main}
"} 
[2026-08-17 01:42:09] local.ERROR: SQLSTATE[HY000]: General error: 1 no such table: cache (Connection: sqlite, Database: D:\josej\Documents\Proyectos\ExamenDeGrado\C#\php\ugb\database\database.sqlite, SQL: select * from "cache" where "key" in (laravel-cache-illuminate:queues:paused, laravel-cache-illuminate:queue:paused:database:default)) {"exception":"[object] (Illuminate\\Database\\QueryException(code: HY000): SQLSTATE[HY000]: General error: 1 no such table: cache (Connection: sqlite, Database: D:\\josej\\Documents\\Proyectos\\ExamenDeGrado\\C#\\php\\ugb\\database\\database.sqlite, SQL: select * from \"cache\" where \"key\" in (laravel-cache-illuminate:queues:paused, laravel-cache-illuminate:queue:paused:database:default)) at D:/josej/Documents/Proyectos/ExamenDeGrado/C#/php/ugb/vendor/laravel/framework/src/Illuminate/Database/Connection.php:857)
[stacktrace]
#0 D:/josej/Documents/Proyectos/ExamenDeGrado/C#/php/ugb/vendor/laravel/framework/src/Illuminate/Database/Connection.php(813): Illuminate/Database/Connection->runQueryCallback('select * from \"...', Array, Object(Closure))
#1 D:/josej/Documents/Proyectos/ExamenDeGrado/C#/php/ugb/vendor/laravel/framework/src/Illuminate/Database/Connection.php(426): Illuminate/Database/Connection->run('select * from \"...', Array, Object(Closure))
#2 D:/josej/Documents/Proyectos/ExamenDeGrado/C#/php/ugb/vendor/laravel/framework/src/Illuminate/Database/Query/Builder.php(3573): Illuminate/Database/Connection->select('select * from \"...', Array, true, Array)
#3 D:/josej/Documents/Proyectos/ExamenDeGrado/C#/php/ugb/vendor/laravel/framework/src/Illuminate/Database/Query/Builder.php(3557): Illuminate/Database/Query/Builder->runSelect()
#4 D:/josej/Documents/Proyectos/ExamenDeGrado/C#/php/ugb/vendor/laravel/framework/src/Illuminate/Cache/DatabaseStore.php(142): Illuminate/Database/Query/Builder->get()
#5 D:/josej/Documents/Proyectos/ExamenDeGrado/C#/php/ugb/vendor/laravel/framework/src/Illuminate/Cache/Repository.php(167): Illuminate/Cache/DatabaseStore->many(Array)
#6 D:/josej/Documents/Proyectos/ExamenDeGrado/C#/php/ugb/vendor/laravel/framework/src/Illuminate/Queue/QueueManager.php(335): Illuminate/Cache/Repository->many(Array)
#7 D:/josej/Documents/Proyectos/ExamenDeGrado/C#/php/ugb/vendor/laravel/framework/src/Illuminate/Queue/Worker.php(489): Illuminate/Queue/QueueManager->getPausedQueues('database', Array)
#8 D:/josej/Documents/Proyectos/ExamenDeGrado/C#/php/ugb/vendor/laravel/framework/src/Illuminate/Queue/Worker.php(450): Illuminate/Queue/Worker->getPausedQueues('database', Array)
#9 D:/josej/Documents/Proyectos/ExamenDeGrado/C#/php/ugb/vendor/laravel/framework/src/Illuminate/Queue/Worker.php(410): Illuminate/Queue/Worker->getNextJob(Object(Illuminate/Queue/DatabaseQueue), 'default')
#10 D:/josej/Documents/Proyectos/ExamenDeGrado/C#/php/ugb/vendor/laravel/framework/src/Illuminate/Queue/Console/WorkCommand.php(149): Illuminate/Queue/Worker->runNextJob('database', 'default', Object(Illuminate/Queue/WorkerOptions))
#11 D:/josej/Documents/Proyectos/ExamenDeGrado/C#/php/ugb/vendor/laravel/framework/src/Illuminate/Queue/Console/WorkCommand.php(132): Illuminate/Queue/Console/WorkCommand->runWorker('database', 'default')
#12 D:/josej/Documents/Proyectos/ExamenDeGrado/C#/php/ugb/vendor/laravel/framework/src/Illuminate/Container/BoundMethod.php(36): Illuminate/Queue/Console/WorkCommand->handle()
#13 D:/josej/Documents/Proyectos/ExamenDeGrado/C#/php/ugb/vendor/laravel/framework/src/Illuminate/Container/Util.php(43): Illuminate/Container/BoundMethod::{closure:Illuminate/Container/BoundMethod::call():35}()
#14 D:/josej/Documents/Proyectos/ExamenDeGrado/C#/php/ugb/vendor/laravel/framework/src/Illuminate/Container/BoundMethod.php(96): Illuminate/Container/Util::unwrapIfClosure(Object(Closure))
#15 D:/josej/Documents/Proyectos/ExamenDeGrado/C#/php/ugb/vendor/laravel/framework/src/Illuminate/Container/BoundMethod.php(35): Illuminate/Container/BoundMethod::callBoundMethod(Object(Illuminate/Foundation/Application), Array, Object(Closure))
#16 D:/josej/Documents/Proyectos/ExamenDeGrado/C#/php/ugb/vendor/laravel/framework/src/Illuminate/Container/Container.php(801): Illuminate/Container/BoundMethod::call(Object(Illuminate/Foundation/Application), Array, Array, NULL)
#17 D:/josej/Documents/Proyectos/ExamenDeGrado/C#/php/ugb/vendor/laravel/framework/src/Illuminate/Console/Command.php(292): Illuminate/Container/Container->call(Array)
#18 D:/josej/Documents/Proyectos/ExamenDeGrado/C#/php/ugb/vendor/symfony/console/Command/Command.php(284): Illuminate/Console/Command->execute(Object(Symfony/Component/Console/Input/ArgvInput), Object(Illuminate/Console/OutputStyle))
#19 D:/josej/Documents/Proyectos/ExamenDeGrado/C#/php/ugb/vendor/laravel/framework/src/Illuminate/Console/Command.php(261): Symfony/Component/Console/Command/Command->run(Object(Symfony/Component/Console/Input/ArgvInput), Object(Illuminate/Console/OutputStyle))
#20 D:/josej/Documents/Proyectos/ExamenDeGrado/C#/php/ugb/vendor/symfony/console/Application.php(1144): Illuminate/Console/Command->run(Object(Symfony/Component/Console/Input/ArgvInput), Object(Symfony/Component/Console/Output/ConsoleOutput))
#21 D:/josej/Documents/Proyectos/ExamenDeGrado/C#/php/ugb/vendor/symfony/console/Application.php(379): Symfony/Component/Console/Application->doRunCommand(Object(Illuminate/Queue/Console/WorkCommand), Object(Symfony/Component/Console/Input/ArgvInput), Object(Symfony/Component/Console/Output/ConsoleOutput))
#22 D:/josej/Documents/Proyectos/ExamenDeGrado/C#/php/ugb/vendor/symfony/console/Application.php(218): Symfony/Component/Console/Application->doRun(Object(Symfony/Component/Console/Input/ArgvInput), Object(Symfony/Component/Console/Output/ConsoleOutput))
#23 D:/josej/Documents/Proyectos/ExamenDeGrado/C#/php/ugb/vendor/laravel/framework/src/Illuminate/Foundation/Console/Kernel.php(198): Symfony/Component/Console/Application->run(Object(Symfony/Component/Console/Input/ArgvInput), Object(Symfony/Component/Console/Output/ConsoleOutput))
#24 D:/josej/Documents/Proyectos/ExamenDeGrado/C#/php/ugb/vendor/laravel/framework/src/Illuminate/Foundation/Application.php(1242): Illuminate/Foundation/Console/Kernel->handle(Object(Symfony/Component/Console/Input/ArgvInput), Object(Symfony/Component/Console/Output/ConsoleOutput))
#25 D:/josej/Documents/Proyectos/ExamenDeGrado/C#/php/ugb/artisan(16): Illuminate/Foundation/Application->handleCommand(Object(Symfony/Component/Console/Input/ArgvInput))
#26 {main}

[previous exception] [object] (PDOException(code: HY000): SQLSTATE[HY000]: General error: 1 no such table: cache at D:/josej/Documents/Proyectos/ExamenDeGrado/C#/php/ugb/vendor/laravel/framework/src/Illuminate/Database/Connection.php:435)
[stacktrace]
#0 D:/josej/Documents/Proyectos/ExamenDeGrado/C#/php/ugb/vendor/laravel/framework/src/Illuminate/Database/Connection.php(435): PDO->prepare('select * from \"...')
#1 D:/josej/Documents/Proyectos/ExamenDeGrado/C#/php/ugb/vendor/laravel/framework/src/Illuminate/Database/Connection.php(846): Illuminate/Database/Connection->{closure:Illuminate/Database/Connection::select():426}('select * from \"...', Array)
#2 D:/josej/Documents/Proyectos/ExamenDeGrado/C#/php/ugb/vendor/laravel/framework/src/Illuminate/Database/Connection.php(813): Illuminate/Database/Connection->runQueryCallback('select * from \"...', Array, Object(Closure))
#3 D:/josej/Documents/Proyectos/ExamenDeGrado/C#/php/ugb/vendor/laravel/framework/src/Illuminate/Database/Connection.php(426): Illuminate/Database/Connection->run('select * from \"...', Array, Object(Closure))
#4 D:/josej/Documents/Proyectos/ExamenDeGrado/C#/php/ugb/vendor/laravel/framework/src/Illuminate/Database/Query/Builder.php(3573): Illuminate/Database/Connection->select('select * from \"...', Array, true, Array)
#5 D:/josej/Documents/Proyectos/ExamenDeGrado/C#/php/ugb/vendor/laravel/framework/src/Illuminate/Database/Query/Builder.php(3557): Illuminate/Database/Query/Builder->runSelect()
#6 D:/josej/Documents/Proyectos/ExamenDeGrado/C#/php/ugb/vendor/laravel/framework/src/Illuminate/Cache/DatabaseStore.php(142): Illuminate/Database/Query/Builder->get()
#7 D:/josej/Documents/Proyectos/ExamenDeGrado/C#/php/ugb/vendor/laravel/framework/src/Illuminate/Cache/Repository.php(167): Illuminate/Cache/DatabaseStore->many(Array)
#8 D:/josej/Documents/Proyectos/ExamenDeGrado/C#/php/ugb/vendor/laravel/framework/src/Illuminate/Queue/QueueManager.php(335): Illuminate/Cache/Repository->many(Array)
#9 D:/josej/Documents/Proyectos/ExamenDeGrado/C#/php/ugb/vendor/laravel/framework/src/Illuminate/Queue/Worker.php(489): Illuminate/Queue/QueueManager->getPausedQueues('database', Array)
#10 D:/josej/Documents/Proyectos/ExamenDeGrado/C#/php/ugb/vendor/laravel/framework/src/Illuminate/Queue/Worker.php(450): Illuminate/Queue/Worker->getPausedQueues('database', Array)
#11 D:/josej/Documents/Proyectos/ExamenDeGrado/C#/php/ugb/vendor/laravel/framework/src/Illuminate/Queue/Worker.php(410): Illuminate/Queue/Worker->getNextJob(Object(Illuminate/Queue/DatabaseQueue), 'default')
#12 D:/josej/Documents/Proyectos/ExamenDeGrado/C#/php/ugb/vendor/laravel/framework/src/Illuminate/Queue/Console/WorkCommand.php(149): Illuminate/Queue/Worker->runNextJob('database', 'default', Object(Illuminate/Queue/WorkerOptions))
#13 D:/josej/Documents/Proyectos/ExamenDeGrado/C#/php/ugb/vendor/laravel/framework/src/Illuminate/Queue/Console/WorkCommand.php(132): Illuminate/Queue/Console/WorkCommand->runWorker('database', 'default')
#14 D:/josej/Documents/Proyectos/ExamenDeGrado/C#/php/ugb/vendor/laravel/framework/src/Illuminate/Container/BoundMethod.php(36): Illuminate/Queue/Console/WorkCommand->handle()
#15 D:/josej/Documents/Proyectos/ExamenDeGrado/C#/php/ugb/vendor/laravel/framework/src/Illuminate/Container/Util.php(43): Illuminate/Container/BoundMethod::{closure:Illuminate/Container/BoundMethod::call():35}()
#16 D:/josej/Documents/Proyectos/ExamenDeGrado/C#/php/ugb/vendor/laravel/framework/src/Illuminate/Container/BoundMethod.php(96): Illuminate/Container/Util::unwrapIfClosure(Object(Closure))
#17 D:/josej/Documents/Proyectos/ExamenDeGrado/C#/php/ugb/vendor/laravel/framework/src/Illuminate/Container/BoundMethod.php(35): Illuminate/Container/BoundMethod::callBoundMethod(Object(Illuminate/Foundation/Application), Array, Object(Closure))
#18 D:/josej/Documents/Proyectos/ExamenDeGrado/C#/php/ugb/vendor/laravel/framework/src/Illuminate/Container/Container.php(801): Illuminate/Container/BoundMethod::call(Object(Illuminate/Foundation/Application), Array, Array, NULL)
#19 D:/josej/Documents/Proyectos/ExamenDeGrado/C#/php/ugb/vendor/laravel/framework/src/Illuminate/Console/Command.php(292): Illuminate/Container/Container->call(Array)
#20 D:/josej/Documents/Proyectos/ExamenDeGrado/C#/php/ugb/vendor/symfony/console/Command/Command.php(284): Illuminate/Console/Command->execute(Object(Symfony/Component/Console/Input/ArgvInput), Object(Illuminate/Console/OutputStyle))
#21 D:/josej/Documents/Proyectos/ExamenDeGrado/C#/php/ugb/vendor/laravel/framework/src/Illuminate/Console/Command.php(261): Symfony/Component/Console/Command/Command->run(Object(Symfony/Component/Console/Input/ArgvInput), Object(Illuminate/Console/OutputStyle))
#22 D:/josej/Documents/Proyectos/ExamenDeGrado/C#/php/ugb/vendor/symfony/console/Application.php(1144): Illuminate/Console/Command->run(Object(Symfony/Component/Console/Input/ArgvInput), Object(Symfony/Component/Console/Output/ConsoleOutput))
#23 D:/josej/Documents/Proyectos/ExamenDeGrado/C#/php/ugb/vendor/symfony/console/Application.php(379): Symfony/Component/Console/Application->doRunCommand(Object(Illuminate/Queue/Console/WorkCommand), Object(Symfony/Component/Console/Input/ArgvInput), Object(Symfony/Component/Console/Output/ConsoleOutput))
#24 D:/josej/Documents/Proyectos/ExamenDeGrado/C#/php/ugb/vendor/symfony/console/Application.php(218): Symfony/Component/Console/Application->doRun(Object(Symfony/Component/Console/Input/ArgvInput), Object(Symfony/Component/Console/Output/ConsoleOutput))
#25 D:/josej/Documents/Proyectos/ExamenDeGrado/C#/php/ugb/vendor/laravel/framework/src/Illuminate/Foundation/Console/Kernel.php(198): Symfony/Component/Console/Application->run(Object(Symfony/Component/Console/Input/ArgvInput), Object(Symfony/Component/Console/Output/ConsoleOutput))
#26 D:/josej/Documents/Proyectos/ExamenDeGrado/C#/php/ugb/vendor/laravel/framework/src/Illuminate/Foundation/Application.php(1242): Illuminate/Foundation/Console/Kernel->handle(Object(Symfony/Component/Console/Input/ArgvInput), Object(Symfony/Component/Console/Output/ConsoleOutput))
#27 D:/josej/Documents/Proyectos/ExamenDeGrado/C#/php/ugb/artisan(16): Illuminate/Foundation/Application->handleCommand(Object(Symfony/Component/Console/Input/ArgvInput))
#28 {main}
"} 
[2026-08-17 01:42:13] local.ERROR: SQLSTATE[HY000]: General error: 1 no such table: cache (Connection: sqlite, Database: D:\josej\Documents\Proyectos\ExamenDeGrado\C#\php\ugb\database\database.sqlite, SQL: select * from "cache" where "key" in (laravel-cache-illuminate:queues:paused, laravel-cache-illuminate:queue:paused:database:default)) {"exception":"[object] (Illuminate\\Database\\QueryException(code: HY000): SQLSTATE[HY000]: General error: 1 no such table: cache (Connection: sqlite, Database: D:\\josej\\Documents\\Proyectos\\ExamenDeGrado\\C#\\php\\ugb\\database\\database.sqlite, SQL: select * from \"cache\" where \"key\" in (laravel-cache-illuminate:queues:paused, laravel-cache-illuminate:queue:paused:database:default)) at D:/josej/Documents/Proyectos/ExamenDeGrado/C#/php/ugb/vendor/laravel/framework/src/Illuminate/Database/Connection.php:857)
[stacktrace]
#0 D:/josej/Documents/Proyectos/ExamenDeGrado/C#/php/ugb/vendor/laravel/framework/src/Illuminate/Database/Connection.php(813): Illuminate/Database/Connection->runQueryCallback('select * from \"...', Array, Object(Closure))
#1 D:/josej/Documents/Proyectos/ExamenDeGrado/C#/php/ugb/vendor/laravel/framework/src/Illuminate/Database/Connection.php(426): Illuminate/Database/Connection->run('select * from \"...', Array, Object(Closure))
#2 D:/josej/Documents/Proyectos/ExamenDeGrado/C#/php/ugb/vendor/laravel/framework/src/Illuminate/Database/Query/Builder.php(3573): Illuminate/Database/Connection->select('select * from \"...', Array, true, Array)
#3 D:/josej/Documents/Proyectos/ExamenDeGrado/C#/php/ugb/vendor/laravel/framework/src/Illuminate/Database/Query/Builder.php(3557): Illuminate/Database/Query/Builder->runSelect()
#4 D:/josej/Documents/Proyectos/ExamenDeGrado/C#/php/ugb/vendor/laravel/framework/src/Illuminate/Cache/DatabaseStore.php(142): Illuminate/Database/Query/Builder->get()
#5 D:/josej/Documents/Proyectos/ExamenDeGrado/C#/php/ugb/vendor/laravel/framework/src/Illuminate/Cache/Repository.php(167): Illuminate/Cache/DatabaseStore->many(Array)
#6 D:/josej/Documents/Proyectos/ExamenDeGrado/C#/php/ugb/vendor/laravel/framework/src/Illuminate/Queue/QueueManager.php(335): Illuminate/Cache/Repository->many(Array)
#7 D:/josej/Documents/Proyectos/ExamenDeGrado/C#/php/ugb/vendor/laravel/framework/src/Illuminate/Queue/Worker.php(489): Illuminate/Queue/QueueManager->getPausedQueues('database', Array)
#8 D:/josej/Documents/Proyectos/ExamenDeGrado/C#/php/ugb/vendor/laravel/framework/src/Illuminate/Queue/Worker.php(450): Illuminate/Queue/Worker->getPausedQueues('database', Array)
#9 D:/josej/Documents/Proyectos/ExamenDeGrado/C#/php/ugb/vendor/laravel/framework/src/Illuminate/Queue/Worker.php(410): Illuminate/Queue/Worker->getNextJob(Object(Illuminate/Queue/DatabaseQueue), 'default')
#10 D:/josej/Documents/Proyectos/ExamenDeGrado/C#/php/ugb/vendor/laravel/framework/src/Illuminate/Queue/Console/WorkCommand.php(149): Illuminate/Queue/Worker->runNextJob('database', 'default', Object(Illuminate/Queue/WorkerOptions))
#11 D:/josej/Documents/Proyectos/ExamenDeGrado/C#/php/ugb/vendor/laravel/framework/src/Illuminate/Queue/Console/WorkCommand.php(132): Illuminate/Queue/Console/WorkCommand->runWorker('database', 'default')
#12 D:/josej/Documents/Proyectos/ExamenDeGrado/C#/php/ugb/vendor/laravel/framework/src/Illuminate/Container/BoundMethod.php(36): Illuminate/Queue/Console/WorkCommand->handle()
#13 D:/josej/Documents/Proyectos/ExamenDeGrado/C#/php/ugb/vendor/laravel/framework/src/Illuminate/Container/Util.php(43): Illuminate/Container/BoundMethod::{closure:Illuminate/Container/BoundMethod::call():35}()
#14 D:/josej/Documents/Proyectos/ExamenDeGrado/C#/php/ugb/vendor/laravel/framework/src/Illuminate/Container/BoundMethod.php(96): Illuminate/Container/Util::unwrapIfClosure(Object(Closure))
#15 D:/josej/Documents/Proyectos/ExamenDeGrado/C#/php/ugb/vendor/laravel/framework/src/Illuminate/Container/BoundMethod.php(35): Illuminate/Container/BoundMethod::callBoundMethod(Object(Illuminate/Foundation/Application), Array, Object(Closure))
#16 D:/josej/Documents/Proyectos/ExamenDeGrado/C#/php/ugb/vendor/laravel/framework/src/Illuminate/Container/Container.php(801): Illuminate/Container/BoundMethod::call(Object(Illuminate/Foundation/Application), Array, Array, NULL)
#17 D:/josej/Documents/Proyectos/ExamenDeGrado/C#/php/ugb/vendor/laravel/framework/src/Illuminate/Console/Command.php(292): Illuminate/Container/Container->call(Array)
#18 D:/josej/Documents/Proyectos/ExamenDeGrado/C#/php/ugb/vendor/symfony/console/Command/Command.php(284): Illuminate/Console/Command->execute(Object(Symfony/Component/Console/Input/ArgvInput), Object(Illuminate/Console/OutputStyle))
#19 D:/josej/Documents/Proyectos/ExamenDeGrado/C#/php/ugb/vendor/laravel/framework/src/Illuminate/Console/Command.php(261): Symfony/Component/Console/Command/Command->run(Object(Symfony/Component/Console/Input/ArgvInput), Object(Illuminate/Console/OutputStyle))
#20 D:/josej/Documents/Proyectos/ExamenDeGrado/C#/php/ugb/vendor/symfony/console/Application.php(1144): Illuminate/Console/Command->run(Object(Symfony/Component/Console/Input/ArgvInput), Object(Symfony/Component/Console/Output/ConsoleOutput))
#21 D:/josej/Documents/Proyectos/ExamenDeGrado/C#/php/ugb/vendor/symfony/console/Application.php(379): Symfony/Component/Console/Application->doRunCommand(Object(Illuminate/Queue/Console/WorkCommand), Object(Symfony/Component/Console/Input/ArgvInput), Object(Symfony/Component/Console/Output/ConsoleOutput))
#22 D:/josej/Documents/Proyectos/ExamenDeGrado/C#/php/ugb/vendor/symfony/console/Application.php(218): Symfony/Component/Console/Application->doRun(Object(Symfony/Component/Console/Input/ArgvInput), Object(Symfony/Component/Console/Output/ConsoleOutput))
#23 D:/josej/Documents/Proyectos/ExamenDeGrado/C#/php/ugb/vendor/laravel/framework/src/Illuminate/Foundation/Console/Kernel.php(198): Symfony/Component/Console/Application->run(Object(Symfony/Component/Console/Input/ArgvInput), Object(Symfony/Component/Console/Output/ConsoleOutput))
#24 D:/josej/Documents/Proyectos/ExamenDeGrado/C#/php/ugb/vendor/laravel/framework/src/Illuminate/Foundation/Application.php(1242): Illuminate/Foundation/Console/Kernel->handle(Object(Symfony/Component/Console/Input/ArgvInput), Object(Symfony/Component/Console/Output/ConsoleOutput))
#25 D:/josej/Documents/Proyectos/ExamenDeGrado/C#/php/ugb/artisan(16): Illuminate/Foundation/Application->handleCommand(Object(Symfony/Component/Console/Input/ArgvInput))
#26 {main}

[previous exception] [object] (PDOException(code: HY000): SQLSTATE[HY000]: General error: 1 no such table: cache at D:/josej/Documents/Proyectos/ExamenDeGrado/C#/php/ugb/vendor/laravel/framework/src/Illuminate/Database/Connection.php:435)
[stacktrace]
#0 D:/josej/Documents/Proyectos/ExamenDeGrado/C#/php/ugb/vendor/laravel/framework/src/Illuminate/Database/Connection.php(435): PDO->prepare('select * from \"...')
#1 D:/josej/Documents/Proyectos/ExamenDeGrado/C#/php/ugb/vendor/laravel/framework/src/Illuminate/Database/Connection.php(846): Illuminate/Database/Connection->{closure:Illuminate/Database/Connection::select():426}('select * from \"...', Array)
#2 D:/josej/Documents/Proyectos/ExamenDeGrado/C#/php/ugb/vendor/laravel/framework/src/Illuminate/Database/Connection.php(813): Illuminate/Database/Connection->runQueryCallback('select * from \"...', Array, Object(Closure))
#3 D:/josej/Documents/Proyectos/ExamenDeGrado/C#/php/ugb/vendor/laravel/framework/src/Illuminate/Database/Connection.php(426): Illuminate/Database/Connection->run('select * from \"...', Array, Object(Closure))
#4 D:/josej/Documents/Proyectos/ExamenDeGrado/C#/php/ugb/vendor/laravel/framework/src/Illuminate/Database/Query/Builder.php(3573): Illuminate/Database/Connection->select('select * from \"...', Array, true, Array)
#5 D:/josej/Documents/Proyectos/ExamenDeGrado/C#/php/ugb/vendor/laravel/framework/src/Illuminate/Database/Query/Builder.php(3557): Illuminate/Database/Query/Builder->runSelect()
#6 D:/josej/Documents/Proyectos/ExamenDeGrado/C#/php/ugb/vendor/laravel/framework/src/Illuminate/Cache/DatabaseStore.php(142): Illuminate/Database/Query/Builder->get()
#7 D:/josej/Documents/Proyectos/ExamenDeGrado/C#/php/ugb/vendor/laravel/framework/src/Illuminate/Cache/Repository.php(167): Illuminate/Cache/DatabaseStore->many(Array)
#8 D:/josej/Documents/Proyectos/ExamenDeGrado/C#/php/ugb/vendor/laravel/framework/src/Illuminate/Queue/QueueManager.php(335): Illuminate/Cache/Repository->many(Array)
#9 D:/josej/Documents/Proyectos/ExamenDeGrado/C#/php/ugb/vendor/laravel/framework/src/Illuminate/Queue/Worker.php(489): Illuminate/Queue/QueueManager->getPausedQueues('database', Array)
#10 D:/josej/Documents/Proyectos/ExamenDeGrado/C#/php/ugb/vendor/laravel/framework/src/Illuminate/Queue/Worker.php(450): Illuminate/Queue/Worker->getPausedQueues('database', Array)
#11 D:/josej/Documents/Proyectos/ExamenDeGrado/C#/php/ugb/vendor/laravel/framework/src/Illuminate/Queue/Worker.php(410): Illuminate/Queue/Worker->getNextJob(Object(Illuminate/Queue/DatabaseQueue), 'default')
#12 D:/josej/Documents/Proyectos/ExamenDeGrado/C#/php/ugb/vendor/laravel/framework/src/Illuminate/Queue/Console/WorkCommand.php(149): Illuminate/Queue/Worker->runNextJob('database', 'default', Object(Illuminate/Queue/WorkerOptions))
#13 D:/josej/Documents/Proyectos/ExamenDeGrado/C#/php/ugb/vendor/laravel/framework/src/Illuminate/Queue/Console/WorkCommand.php(132): Illuminate/Queue/Console/WorkCommand->runWorker('database', 'default')
#14 D:/josej/Documents/Proyectos/ExamenDeGrado/C#/php/ugb/vendor/laravel/framework/src/Illuminate/Container/BoundMethod.php(36): Illuminate/Queue/Console/WorkCommand->handle()
#15 D:/josej/Documents/Proyectos/ExamenDeGrado/C#/php/ugb/vendor/laravel/framework/src/Illuminate/Container/Util.php(43): Illuminate/Container/BoundMethod::{closure:Illuminate/Container/BoundMethod::call():35}()
#16 D:/josej/Documents/Proyectos/ExamenDeGrado/C#/php/ugb/vendor/laravel/framework/src/Illuminate/Container/BoundMethod.php(96): Illuminate/Container/Util::unwrapIfClosure(Object(Closure))
#17 D:/josej/Documents/Proyectos/ExamenDeGrado/C#/php/ugb/vendor/laravel/framework/src/Illuminate/Container/BoundMethod.php(35): Illuminate/Container/BoundMethod::callBoundMethod(Object(Illuminate/Foundation/Application), Array, Object(Closure))
#18 D:/josej/Documents/Proyectos/ExamenDeGrado/C#/php/ugb/vendor/laravel/framework/src/Illuminate/Container/Container.php(801): Illuminate/Container/BoundMethod::call(Object(Illuminate/Foundation/Application), Array, Array, NULL)
#19 D:/josej/Documents/Proyectos/ExamenDeGrado/C#/php/ugb/vendor/laravel/framework/src/Illuminate/Console/Command.php(292): Illuminate/Container/Container->call(Array)
#20 D:/josej/Documents/Proyectos/ExamenDeGrado/C#/php/ugb/vendor/symfony/console/Command/Command.php(284): Illuminate/Console/Command->execute(Object(Symfony/Component/Console/Input/ArgvInput), Object(Illuminate/Console/OutputStyle))
#21 D:/josej/Documents/Proyectos/ExamenDeGrado/C#/php/ugb/vendor/laravel/framework/src/Illuminate/Console/Command.php(261): Symfony/Component/Console/Command/Command->run(Object(Symfony/Component/Console/Input/ArgvInput), Object(Illuminate/Console/OutputStyle))
#22 D:/josej/Documents/Proyectos/ExamenDeGrado/C#/php/ugb/vendor/symfony/console/Application.php(1144): Illuminate/Console/Command->run(Object(Symfony/Component/Console/Input/ArgvInput), Object(Symfony/Component/Console/Output/ConsoleOutput))
#23 D:/josej/Documents/Proyectos/ExamenDeGrado/C#/php/ugb/vendor/symfony/console/Application.php(379): Symfony/Component/Console/Application->doRunCommand(Object(Illuminate/Queue/Console/WorkCommand), Object(Symfony/Component/Console/Input/ArgvInput), Object(Symfony/Component/Console/Output/ConsoleOutput))
#24 D:/josej/Documents/Proyectos/ExamenDeGrado/C#/php/ugb/vendor/symfony/console/Application.php(218): Symfony/Component/Console/Application->doRun(Object(Symfony/Component/Console/Input/ArgvInput), Object(Symfony/Component/Console/Output/ConsoleOutput))
#25 D:/josej/Documents/Proyectos/ExamenDeGrado/C#/php/ugb/vendor/laravel/framework/src/Illuminate/Foundation/Console/Kernel.php(198): Symfony/Component/Console/Application->run(Object(Symfony/Component/Console/Input/ArgvInput), Object(Symfony/Component/Console/Output/ConsoleOutput))
#26 D:/josej/Documents/Proyectos/ExamenDeGrado/C#/php/ugb/vendor/laravel/framework/src/Illuminate/Foundation/Application.php(1242): Illuminate/Foundation/Console/Kernel->handle(Object(Symfony/Component/Console/Input/ArgvInput), Object(Symfony/Component/Console/Output/ConsoleOutput))
#27 D:/josej/Documents/Proyectos/ExamenDeGrado/C#/php/ugb/artisan(16): Illuminate/Foundation/Application->handleCommand(Object(Symfony/Component/Console/Input/ArgvInput))
#28 {main}
"} 
[2026-08-17 01:42:17] local.ERROR: SQLSTATE[HY000]: General error: 1 no such table: cache (Connection: sqlite, Database: D:\josej\Documents\Proyectos\ExamenDeGrado\C#\php\ugb\database\database.sqlite, SQL: select * from "cache" where "key" in (laravel-cache-illuminate:queues:paused, laravel-cache-illuminate:queue:paused:database:default)) {"exception":"[object] (Illuminate\\Database\\QueryException(code: HY000): SQLSTATE[HY000]: General error: 1 no such table: cache (Connection: sqlite, Database: D:\\josej\\Documents\\Proyectos\\ExamenDeGrado\\C#\\php\\ugb\\database\\database.sqlite, SQL: select * from \"cache\" where \"key\" in (laravel-cache-illuminate:queues:paused, laravel-cache-illuminate:queue:paused:database:default)) at D:/josej/Documents/Proyectos/ExamenDeGrado/C#/php/ugb/vendor/laravel/framework/src/Illuminate/Database/Connection.php:857)
[stacktrace]
#0 D:/josej/Documents/Proyectos/ExamenDeGrado/C#/php/ugb/vendor/laravel/framework/src/Illuminate/Database/Connection.php(813): Illuminate/Database/Connection->runQueryCallback('select * from \"...', Array, Object(Closure))
#1 D:/josej/Documents/Proyectos/ExamenDeGrado/C#/php/ugb/vendor/laravel/framework/src/Illuminate/Database/Connection.php(426): Illuminate/Database/Connection->run('select * from \"...', Array, Object(Closure))
#2 D:/josej/Documents/Proyectos/ExamenDeGrado/C#/php/ugb/vendor/laravel/framework/src/Illuminate/Database/Query/Builder.php(3573): Illuminate/Database/Connection->select('select * from \"...', Array, true, Array)
#3 D:/josej/Documents/Proyectos/ExamenDeGrado/C#/php/ugb/vendor/laravel/framework/src/Illuminate/Database/Query/Builder.php(3557): Illuminate/Database/Query/Builder->runSelect()
#4 D:/josej/Documents/Proyectos/ExamenDeGrado/C#/php/ugb/vendor/laravel/framework/src/Illuminate/Cache/DatabaseStore.php(142): Illuminate/Database/Query/Builder->get()
#5 D:/josej/Documents/Proyectos/ExamenDeGrado/C#/php/ugb/vendor/laravel/framework/src/Illuminate/Cache/Repository.php(167): Illuminate/Cache/DatabaseStore->many(Array)
#6 D:/josej/Documents/Proyectos/ExamenDeGrado/C#/php/ugb/vendor/laravel/framework/src/Illuminate/Queue/QueueManager.php(335): Illuminate/Cache/Repository->many(Array)
#7 D:/josej/Documents/Proyectos/ExamenDeGrado/C#/php/ugb/vendor/laravel/framework/src/Illuminate/Queue/Worker.php(489): Illuminate/Queue/QueueManager->getPausedQueues('database', Array)
#8 D:/josej/Documents/Proyectos/ExamenDeGrado/C#/php/ugb/vendor/laravel/framework/src/Illuminate/Queue/Worker.php(450): Illuminate/Queue/Worker->getPausedQueues('database', Array)
#9 D:/josej/Documents/Proyectos/ExamenDeGrado/C#/php/ugb/vendor/laravel/framework/src/Illuminate/Queue/Worker.php(410): Illuminate/Queue/Worker->getNextJob(Object(Illuminate/Queue/DatabaseQueue), 'default')
#10 D:/josej/Documents/Proyectos/ExamenDeGrado/C#/php/ugb/vendor/laravel/framework/src/Illuminate/Queue/Console/WorkCommand.php(149): Illuminate/Queue/Worker->runNextJob('database', 'default', Object(Illuminate/Queue/WorkerOptions))
#11 D:/josej/Documents/Proyectos/ExamenDeGrado/C#/php/ugb/vendor/laravel/framework/src/Illuminate/Queue/Console/WorkCommand.php(132): Illuminate/Queue/Console/WorkCommand->runWorker('database', 'default')
#12 D:/josej/Documents/Proyectos/ExamenDeGrado/C#/php/ugb/vendor/laravel/framework/src/Illuminate/Container/BoundMethod.php(36): Illuminate/Queue/Console/WorkCommand->handle()
#13 D:/josej/Documents/Proyectos/ExamenDeGrado/C#/php/ugb/vendor/laravel/framework/src/Illuminate/Container/Util.php(43): Illuminate/Container/BoundMethod::{closure:Illuminate/Container/BoundMethod::call():35}()
#14 D:/josej/Documents/Proyectos/ExamenDeGrado/C#/php/ugb/vendor/laravel/framework/src/Illuminate/Container/BoundMethod.php(96): Illuminate/Container/Util::unwrapIfClosure(Object(Closure))
#15 D:/josej/Documents/Proyectos/ExamenDeGrado/C#/php/ugb/vendor/laravel/framework/src/Illuminate/Container/BoundMethod.php(35): Illuminate/Container/BoundMethod::callBoundMethod(Object(Illuminate/Foundation/Application), Array, Object(Closure))
#16 D:/josej/Documents/Proyectos/ExamenDeGrado/C#/php/ugb/vendor/laravel/framework/src/Illuminate/Container/Container.php(801): Illuminate/Container/BoundMethod::call(Object(Illuminate/Foundation/Application), Array, Array, NULL)
#17 D:/josej/Documents/Proyectos/ExamenDeGrado/C#/php/ugb/vendor/laravel/framework/src/Illuminate/Console/Command.php(292): Illuminate/Container/Container->call(Array)
#18 D:/josej/Documents/Proyectos/ExamenDeGrado/C#/php/ugb/vendor/symfony/console/Command/Command.php(284): Illuminate/Console/Command->execute(Object(Symfony/Component/Console/Input/ArgvInput), Object(Illuminate/Console/OutputStyle))
#19 D:/josej/Documents/Proyectos/ExamenDeGrado/C#/php/ugb/vendor/laravel/framework/src/Illuminate/Console/Command.php(261): Symfony/Component/Console/Command/Command->run(Object(Symfony/Component/Console/Input/ArgvInput), Object(Illuminate/Console/OutputStyle))
#20 D:/josej/Documents/Proyectos/ExamenDeGrado/C#/php/ugb/vendor/symfony/console/Application.php(1144): Illuminate/Console/Command->run(Object(Symfony/Component/Console/Input/ArgvInput), Object(Symfony/Component/Console/Output/ConsoleOutput))
#21 D:/josej/Documents/Proyectos/ExamenDeGrado/C#/php/ugb/vendor/symfony/console/Application.php(379): Symfony/Component/Console/Application->doRunCommand(Object(Illuminate/Queue/Console/WorkCommand), Object(Symfony/Component/Console/Input/ArgvInput), Object(Symfony/Component/Console/Output/ConsoleOutput))
#22 D:/josej/Documents/Proyectos/ExamenDeGrado/C#/php/ugb/vendor/symfony/console/Application.php(218): Symfony/Component/Console/Application->doRun(Object(Symfony/Component/Console/Input/ArgvInput), Object(Symfony/Component/Console/Output/ConsoleOutput))
#23 D:/josej/Documents/Proyectos/ExamenDeGrado/C#/php/ugb/vendor/laravel/framework/src/Illuminate/Foundation/Console/Kernel.php(198): Symfony/Component/Console/Application->run(Object(Symfony/Component/Console/Input/ArgvInput), Object(Symfony/Component/Console/Output/ConsoleOutput))
#24 D:/josej/Documents/Proyectos/ExamenDeGrado/C#/php/ugb/vendor/laravel/framework/src/Illuminate/Foundation/Application.php(1242): Illuminate/Foundation/Console/Kernel->handle(Object(Symfony/Component/Console/Input/ArgvInput), Object(Symfony/Component/Console/Output/ConsoleOutput))
#25 D:/josej/Documents/Proyectos/ExamenDeGrado/C#/php/ugb/artisan(16): Illuminate/Foundation/Application->handleCommand(Object(Symfony/Component/Console/Input/ArgvInput))
#26 {main}

[previous exception] [object] (PDOException(code: HY000): SQLSTATE[HY000]: General error: 1 no such table: cache at D:/josej/Documents/Proyectos/ExamenDeGrado/C#/php/ugb/vendor/laravel/framework/src/Illuminate/Database/Connection.php:435)
[stacktrace]
#0 D:/josej/Documents/Proyectos/ExamenDeGrado/C#/php/ugb/vendor/laravel/framework/src/Illuminate/Database/Connection.php(435): PDO->prepare('select * from \"...')
#1 D:/josej/Documents/Proyectos/ExamenDeGrado/C#/php/ugb/vendor/laravel/framework/src/Illuminate/Database/Connection.php(846): Illuminate/Database/Connection->{closure:Illuminate/Database/Connection::select():426}('select * from \"...', Array)
#2 D:/josej/Documents/Proyectos/ExamenDeGrado/C#/php/ugb/vendor/laravel/framework/src/Illuminate/Database/Connection.php(813): Illuminate/Database/Connection->runQueryCallback('select * from \"...', Array, Object(Closure))
#3 D:/josej/Documents/Proyectos/ExamenDeGrado/C#/php/ugb/vendor/laravel/framework/src/Illuminate/Database/Connection.php(426): Illuminate/Database/Connection->run('select * from \"...', Array, Object(Closure))
#4 D:/josej/Documents/Proyectos/ExamenDeGrado/C#/php/ugb/vendor/laravel/framework/src/Illuminate/Database/Query/Builder.php(3573): Illuminate/Database/Connection->select('select * from \"...', Array, true, Array)
#5 D:/josej/Documents/Proyectos/ExamenDeGrado/C#/php/ugb/vendor/laravel/framework/src/Illuminate/Database/Query/Builder.php(3557): Illuminate/Database/Query/Builder->runSelect()
#6 D:/josej/Documents/Proyectos/ExamenDeGrado/C#/php/ugb/vendor/laravel/framework/src/Illuminate/Cache/DatabaseStore.php(142): Illuminate/Database/Query/Builder->get()
#7 D:/josej/Documents/Proyectos/ExamenDeGrado/C#/php/ugb/vendor/laravel/framework/src/Illuminate/Cache/Repository.php(167): Illuminate/Cache/DatabaseStore->many(Array)
#8 D:/josej/Documents/Proyectos/ExamenDeGrado/C#/php/ugb/vendor/laravel/framework/src/Illuminate/Queue/QueueManager.php(335): Illuminate/Cache/Repository->many(Array)
#9 D:/josej/Documents/Proyectos/ExamenDeGrado/C#/php/ugb/vendor/laravel/framework/src/Illuminate/Queue/Worker.php(489): Illuminate/Queue/QueueManager->getPausedQueues('database', Array)
#10 D:/josej/Documents/Proyectos/ExamenDeGrado/C#/php/ugb/vendor/laravel/framework/src/Illuminate/Queue/Worker.php(450): Illuminate/Queue/Worker->getPausedQueues('database', Array)
#11 D:/josej/Documents/Proyectos/ExamenDeGrado/C#/php/ugb/vendor/laravel/framework/src/Illuminate/Queue/Worker.php(410): Illuminate/Queue/Worker->getNextJob(Object(Illuminate/Queue/DatabaseQueue), 'default')
#12 D:/josej/Documents/Proyectos/ExamenDeGrado/C#/php/ugb/vendor/laravel/framework/src/Illuminate/Queue/Console/WorkCommand.php(149): Illuminate/Queue/Worker->runNextJob('database', 'default', Object(Illuminate/Queue/WorkerOptions))
#13 D:/josej/Documents/Proyectos/ExamenDeGrado/C#/php/ugb/vendor/laravel/framework/src/Illuminate/Queue/Console/WorkCommand.php(132): Illuminate/Queue/Console/WorkCommand->runWorker('database', 'default')
#14 D:/josej/Documents/Proyectos/ExamenDeGrado/C#/php/ugb/vendor/laravel/framework/src/Illuminate/Container/BoundMethod.php(36): Illuminate/Queue/Console/WorkCommand->handle()
#15 D:/josej/Documents/Proyectos/ExamenDeGrado/C#/php/ugb/vendor/laravel/framework/src/Illuminate/Container/Util.php(43): Illuminate/Container/BoundMethod::{closure:Illuminate/Container/BoundMethod::call():35}()
#16 D:/josej/Documents/Proyectos/ExamenDeGrado/C#/php/ugb/vendor/laravel/framework/src/Illuminate/Container/BoundMethod.php(96): Illuminate/Container/Util::unwrapIfClosure(Object(Closure))
#17 D:/josej/Documents/Proyectos/ExamenDeGrado/C#/php/ugb/vendor/laravel/framework/src/Illuminate/Container/BoundMethod.php(35): Illuminate/Container/BoundMethod::callBoundMethod(Object(Illuminate/Foundation/Application), Array, Object(Closure))
#18 D:/josej/Documents/Proyectos/ExamenDeGrado/C#/php/ugb/vendor/laravel/framework/src/Illuminate/Container/Container.php(801): Illuminate/Container/BoundMethod::call(Object(Illuminate/Foundation/Application), Array, Array, NULL)
#19 D:/josej/Documents/Proyectos/ExamenDeGrado/C#/php/ugb/vendor/laravel/framework/src/Illuminate/Console/Command.php(292): Illuminate/Container/Container->call(Array)
#20 D:/josej/Documents/Proyectos/ExamenDeGrado/C#/php/ugb/vendor/symfony/console/Command/Command.php(284): Illuminate/Console/Command->execute(Object(Symfony/Component/Console/Input/ArgvInput), Object(Illuminate/Console/OutputStyle))
#21 D:/josej/Documents/Proyectos/ExamenDeGrado/C#/php/ugb/vendor/laravel/framework/src/Illuminate/Console/Command.php(261): Symfony/Component/Console/Command/Command->run(Object(Symfony/Component/Console/Input/ArgvInput), Object(Illuminate/Console/OutputStyle))
#22 D:/josej/Documents/Proyectos/ExamenDeGrado/C#/php/ugb/vendor/symfony/console/Application.php(1144): Illuminate/Console/Command->run(Object(Symfony/Component/Console/Input/ArgvInput), Object(Symfony/Component/Console/Output/ConsoleOutput))
#23 D:/josej/Documents/Proyectos/ExamenDeGrado/C#/php/ugb/vendor/symfony/console/Application.php(379): Symfony/Component/Console/Application->doRunCommand(Object(Illuminate/Queue/Console/WorkCommand), Object(Symfony/Component/Console/Input/ArgvInput), Object(Symfony/Component/Console/Output/ConsoleOutput))
#24 D:/josej/Documents/Proyectos/ExamenDeGrado/C#/php/ugb/vendor/symfony/console/Application.php(218): Symfony/Component/Console/Application->doRun(Object(Symfony/Component/Console/Input/ArgvInput), Object(Symfony/Component/Console/Output/ConsoleOutput))
#25 D:/josej/Documents/Proyectos/ExamenDeGrado/C#/php/ugb/vendor/laravel/framework/src/Illuminate/Foundation/Console/Kernel.php(198): Symfony/Component/Console/Application->run(Object(Symfony/Component/Console/Input/ArgvInput), Object(Symfony/Component/Console/Output/ConsoleOutput))
#26 D:/josej/Documents/Proyectos/ExamenDeGrado/C#/php/ugb/vendor/laravel/framework/src/Illuminate/Foundation/Application.php(1242): Illuminate/Foundation/Console/Kernel->handle(Object(Symfony/Component/Console/Input/ArgvInput), Object(Symfony/Component/Console/Output/ConsoleOutput))
#27 D:/josej/Documents/Proyectos/ExamenDeGrado/C#/php/ugb/artisan(16): Illuminate/Foundation/Application->handleCommand(Object(Symfony/Component/Console/Input/ArgvInput))
#28 {main}
"} 
[2026-08-17 01:42:22] local.ERROR: SQLSTATE[HY000]: General error: 1 no such table: cache (Connection: sqlite, Database: D:\josej\Documents\Proyectos\ExamenDeGrado\C#\php\ugb\database\database.sqlite, SQL: select * from "cache" where "key" in (laravel-cache-illuminate:queues:paused, laravel-cache-illuminate:queue:paused:database:default)) {"exception":"[object] (Illuminate\\Database\\QueryException(code: HY000): SQLSTATE[HY000]: General error: 1 no such table: cache (Connection: sqlite, Database: D:\\josej\\Documents\\Proyectos\\ExamenDeGrado\\C#\\php\\ugb\\database\\database.sqlite, SQL: select * from \"cache\" where \"key\" in (laravel-cache-illuminate:queues:paused, laravel-cache-illuminate:queue:paused:database:default)) at D:/josej/Documents/Proyectos/ExamenDeGrado/C#/php/ugb/vendor/laravel/framework/src/Illuminate/Database/Connection.php:857)
[stacktrace]
#0 D:/josej/Documents/Proyectos/ExamenDeGrado/C#/php/ugb/vendor/laravel/framework/src/Illuminate/Database/Connection.php(813): Illuminate/Database/Connection->runQueryCallback('select * from \"...', Array, Object(Closure))
#1 D:/josej/Documents/Proyectos/ExamenDeGrado/C#/php/ugb/vendor/laravel/framework/src/Illuminate/Database/Connection.php(426): Illuminate/Database/Connection->run('select * from \"...', Array, Object(Closure))
#2 D:/josej/Documents/Proyectos/ExamenDeGrado/C#/php/ugb/vendor/laravel/framework/src/Illuminate/Database/Query/Builder.php(3573): Illuminate/Database/Connection->select('select * from \"...', Array, true, Array)
#3 D:/josej/Documents/Proyectos/ExamenDeGrado/C#/php/ugb/vendor/laravel/framework/src/Illuminate/Database/Query/Builder.php(3557): Illuminate/Database/Query/Builder->runSelect()
#4 D:/josej/Documents/Proyectos/ExamenDeGrado/C#/php/ugb/vendor/laravel/framework/src/Illuminate/Cache/DatabaseStore.php(142): Illuminate/Database/Query/Builder->get()
#5 D:/josej/Documents/Proyectos/ExamenDeGrado/C#/php/ugb/vendor/laravel/framework/src/Illuminate/Cache/Repository.php(167): Illuminate/Cache/DatabaseStore->many(Array)
#6 D:/josej/Documents/Proyectos/ExamenDeGrado/C#/php/ugb/vendor/laravel/framework/src/Illuminate/Queue/QueueManager.php(335): Illuminate/Cache/Repository->many(Array)
#7 D:/josej/Documents/Proyectos/ExamenDeGrado/C#/php/ugb/vendor/laravel/framework/src/Illuminate/Queue/Worker.php(489): Illuminate/Queue/QueueManager->getPausedQueues('database', Array)
#8 D:/josej/Documents/Proyectos/ExamenDeGrado/C#/php/ugb/vendor/laravel/framework/src/Illuminate/Queue/Worker.php(450): Illuminate/Queue/Worker->getPausedQueues('database', Array)
#9 D:/josej/Documents/Proyectos/ExamenDeGrado/C#/php/ugb/vendor/laravel/framework/src/Illuminate/Queue/Worker.php(410): Illuminate/Queue/Worker->getNextJob(Object(Illuminate/Queue/DatabaseQueue), 'default')
#10 D:/josej/Documents/Proyectos/ExamenDeGrado/C#/php/ugb/vendor/laravel/framework/src/Illuminate/Queue/Console/WorkCommand.php(149): Illuminate/Queue/Worker->runNextJob('database', 'default', Object(Illuminate/Queue/WorkerOptions))
#11 D:/josej/Documents/Proyectos/ExamenDeGrado/C#/php/ugb/vendor/laravel/framework/src/Illuminate/Queue/Console/WorkCommand.php(132): Illuminate/Queue/Console/WorkCommand->runWorker('database', 'default')
#12 D:/josej/Documents/Proyectos/ExamenDeGrado/C#/php/ugb/vendor/laravel/framework/src/Illuminate/Container/BoundMethod.php(36): Illuminate/Queue/Console/WorkCommand->handle()
#13 D:/josej/Documents/Proyectos/ExamenDeGrado/C#/php/ugb/vendor/laravel/framework/src/Illuminate/Container/Util.php(43): Illuminate/Container/BoundMethod::{closure:Illuminate/Container/BoundMethod::call():35}()
#14 D:/josej/Documents/Proyectos/ExamenDeGrado/C#/php/ugb/vendor/laravel/framework/src/Illuminate/Container/BoundMethod.php(96): Illuminate/Container/Util::unwrapIfClosure(Object(Closure))
#15 D:/josej/Documents/Proyectos/ExamenDeGrado/C#/php/ugb/vendor/laravel/framework/src/Illuminate/Container/BoundMethod.php(35): Illuminate/Container/BoundMethod::callBoundMethod(Object(Illuminate/Foundation/Application), Array, Object(Closure))
#16 D:/josej/Documents/Proyectos/ExamenDeGrado/C#/php/ugb/vendor/laravel/framework/src/Illuminate/Container/Container.php(801): Illuminate/Container/BoundMethod::call(Object(Illuminate/Foundation/Application), Array, Array, NULL)
#17 D:/josej/Documents/Proyectos/ExamenDeGrado/C#/php/ugb/vendor/laravel/framework/src/Illuminate/Console/Command.php(292): Illuminate/Container/Container->call(Array)
#18 D:/josej/Documents/Proyectos/ExamenDeGrado/C#/php/ugb/vendor/symfony/console/Command/Command.php(284): Illuminate/Console/Command->execute(Object(Symfony/Component/Console/Input/ArgvInput), Object(Illuminate/Console/OutputStyle))
#19 D:/josej/Documents/Proyectos/ExamenDeGrado/C#/php/ugb/vendor/laravel/framework/src/Illuminate/Console/Command.php(261): Symfony/Component/Console/Command/Command->run(Object(Symfony/Component/Console/Input/ArgvInput), Object(Illuminate/Console/OutputStyle))
#20 D:/josej/Documents/Proyectos/ExamenDeGrado/C#/php/ugb/vendor/symfony/console/Application.php(1144): Illuminate/Console/Command->run(Object(Symfony/Component/Console/Input/ArgvInput), Object(Symfony/Component/Console/Output/ConsoleOutput))
#21 D:/josej/Documents/Proyectos/ExamenDeGrado/C#/php/ugb/vendor/symfony/console/Application.php(379): Symfony/Component/Console/Application->doRunCommand(Object(Illuminate/Queue/Console/WorkCommand), Object(Symfony/Component/Console/Input/ArgvInput), Object(Symfony/Component/Console/Output/ConsoleOutput))
#22 D:/josej/Documents/Proyectos/ExamenDeGrado/C#/php/ugb/vendor/symfony/console/Application.php(218): Symfony/Component/Console/Application->doRun(Object(Symfony/Component/Console/Input/ArgvInput), Object(Symfony/Component/Console/Output/ConsoleOutput))
#23 D:/josej/Documents/Proyectos/ExamenDeGrado/C#/php/ugb/vendor/laravel/framework/src/Illuminate/Foundation/Console/Kernel.php(198): Symfony/Component/Console/Application->run(Object(Symfony/Component/Console/Input/ArgvInput), Object(Symfony/Component/Console/Output/ConsoleOutput))
#24 D:/josej/Documents/Proyectos/ExamenDeGrado/C#/php/ugb/vendor/laravel/framework/src/Illuminate/Foundation/Application.php(1242): Illuminate/Foundation/Console/Kernel->handle(Object(Symfony/Component/Console/Input/ArgvInput), Object(Symfony/Component/Console/Output/ConsoleOutput))
#25 D:/josej/Documents/Proyectos/ExamenDeGrado/C#/php/ugb/artisan(16): Illuminate/Foundation/Application->handleCommand(Object(Symfony/Component/Console/Input/ArgvInput))
#26 {main}

[previous exception] [object] (PDOException(code: HY000): SQLSTATE[HY000]: General error: 1 no such table: cache at D:/josej/Documents/Proyectos/ExamenDeGrado/C#/php/ugb/vendor/laravel/framework/src/Illuminate/Database/Connection.php:435)
[stacktrace]
#0 D:/josej/Documents/Proyectos/ExamenDeGrado/C#/php/ugb/vendor/laravel/framework/src/Illuminate/Database/Connection.php(435): PDO->prepare('select * from \"...')
#1 D:/josej/Documents/Proyectos/ExamenDeGrado/C#/php/ugb/vendor/laravel/framework/src/Illuminate/Database/Connection.php(846): Illuminate/Database/Connection->{closure:Illuminate/Database/Connection::select():426}('select * from \"...', Array)
#2 D:/josej/Documents/Proyectos/ExamenDeGrado/C#/php/ugb/vendor/laravel/framework/src/Illuminate/Database/Connection.php(813): Illuminate/Database/Connection->runQueryCallback('select * from \"...', Array, Object(Closure))
#3 D:/josej/Documents/Proyectos/ExamenDeGrado/C#/php/ugb/vendor/laravel/framework/src/Illuminate/Database/Connection.php(426): Illuminate/Database/Connection->run('select * from \"...', Array, Object(Closure))
#4 D:/josej/Documents/Proyectos/ExamenDeGrado/C#/php/ugb/vendor/laravel/framework/src/Illuminate/Database/Query/Builder.php(3573): Illuminate/Database/Connection->select('select * from \"...', Array, true, Array)
#5 D:/josej/Documents/Proyectos/ExamenDeGrado/C#/php/ugb/vendor/laravel/framework/src/Illuminate/Database/Query/Builder.php(3557): Illuminate/Database/Query/Builder->runSelect()
#6 D:/josej/Documents/Proyectos/ExamenDeGrado/C#/php/ugb/vendor/laravel/framework/src/Illuminate/Cache/DatabaseStore.php(142): Illuminate/Database/Query/Builder->get()
#7 D:/josej/Documents/Proyectos/ExamenDeGrado/C#/php/ugb/vendor/laravel/framework/src/Illuminate/Cache/Repository.php(167): Illuminate/Cache/DatabaseStore->many(Array)
#8 D:/josej/Documents/Proyectos/ExamenDeGrado/C#/php/ugb/vendor/laravel/framework/src/Illuminate/Queue/QueueManager.php(335): Illuminate/Cache/Repository->many(Array)
#9 D:/josej/Documents/Proyectos/ExamenDeGrado/C#/php/ugb/vendor/laravel/framework/src/Illuminate/Queue/Worker.php(489): Illuminate/Queue/QueueManager->getPausedQueues('database', Array)
#10 D:/josej/Documents/Proyectos/ExamenDeGrado/C#/php/ugb/vendor/laravel/framework/src/Illuminate/Queue/Worker.php(450): Illuminate/Queue/Worker->getPausedQueues('database', Array)
#11 D:/josej/Documents/Proyectos/ExamenDeGrado/C#/php/ugb/vendor/laravel/framework/src/Illuminate/Queue/Worker.php(410): Illuminate/Queue/Worker->getNextJob(Object(Illuminate/Queue/DatabaseQueue), 'default')
#12 D:/josej/Documents/Proyectos/ExamenDeGrado/C#/php/ugb/vendor/laravel/framework/src/Illuminate/Queue/Console/WorkCommand.php(149): Illuminate/Queue/Worker->runNextJob('database', 'default', Object(Illuminate/Queue/WorkerOptions))
#13 D:/josej/Documents/Proyectos/ExamenDeGrado/C#/php/ugb/vendor/laravel/framework/src/Illuminate/Queue/Console/WorkCommand.php(132): Illuminate/Queue/Console/WorkCommand->runWorker('database', 'default')
#14 D:/josej/Documents/Proyectos/ExamenDeGrado/C#/php/ugb/vendor/laravel/framework/src/Illuminate/Container/BoundMethod.php(36): Illuminate/Queue/Console/WorkCommand->handle()
#15 D:/josej/Documents/Proyectos/ExamenDeGrado/C#/php/ugb/vendor/laravel/framework/src/Illuminate/Container/Util.php(43): Illuminate/Container/BoundMethod::{closure:Illuminate/Container/BoundMethod::call():35}()
#16 D:/josej/Documents/Proyectos/ExamenDeGrado/C#/php/ugb/vendor/laravel/framework/src/Illuminate/Container/BoundMethod.php(96): Illuminate/Container/Util::unwrapIfClosure(Object(Closure))
#17 D:/josej/Documents/Proyectos/ExamenDeGrado/C#/php/ugb/vendor/laravel/framework/src/Illuminate/Container/BoundMethod.php(35): Illuminate/Container/BoundMethod::callBoundMethod(Object(Illuminate/Foundation/Application), Array, Object(Closure))
#18 D:/josej/Documents/Proyectos/ExamenDeGrado/C#/php/ugb/vendor/laravel/framework/src/Illuminate/Container/Container.php(801): Illuminate/Container/BoundMethod::call(Object(Illuminate/Foundation/Application), Array, Array, NULL)
#19 D:/josej/Documents/Proyectos/ExamenDeGrado/C#/php/ugb/vendor/laravel/framework/src/Illuminate/Console/Command.php(292): Illuminate/Container/Container->call(Array)
#20 D:/josej/Documents/Proyectos/ExamenDeGrado/C#/php/ugb/vendor/symfony/console/Command/Command.php(284): Illuminate/Console/Command->execute(Object(Symfony/Component/Console/Input/ArgvInput), Object(Illuminate/Console/OutputStyle))
#21 D:/josej/Documents/Proyectos/ExamenDeGrado/C#/php/ugb/vendor/laravel/framework/src/Illuminate/Console/Command.php(261): Symfony/Component/Console/Command/Command->run(Object(Symfony/Component/Console/Input/ArgvInput), Object(Illuminate/Console/OutputStyle))
#22 D:/josej/Documents/Proyectos/ExamenDeGrado/C#/php/ugb/vendor/symfony/console/Application.php(1144): Illuminate/Console/Command->run(Object(Symfony/Component/Console/Input/ArgvInput), Object(Symfony/Component/Console/Output/ConsoleOutput))
#23 D:/josej/Documents/Proyectos/ExamenDeGrado/C#/php/ugb/vendor/symfony/console/Application.php(379): Symfony/Component/Console/Application->doRunCommand(Object(Illuminate/Queue/Console/WorkCommand), Object(Symfony/Component/Console/Input/ArgvInput), Object(Symfony/Component/Console/Output/ConsoleOutput))
#24 D:/josej/Documents/Proyectos/ExamenDeGrado/C#/php/ugb/vendor/symfony/console/Application.php(218): Symfony/Component/Console/Application->doRun(Object(Symfony/Component/Console/Input/ArgvInput), Object(Symfony/Component/Console/Output/ConsoleOutput))
#25 D:/josej/Documents/Proyectos/ExamenDeGrado/C#/php/ugb/vendor/laravel/framework/src/Illuminate/Foundation/Console/Kernel.php(198): Symfony/Component/Console/Application->run(Object(Symfony/Component/Console/Input/ArgvInput), Object(Symfony/Component/Console/Output/ConsoleOutput))
#26 D:/josej/Documents/Proyectos/ExamenDeGrado/C#/php/ugb/vendor/laravel/framework/src/Illuminate/Foundation/Application.php(1242): Illuminate/Foundation/Console/Kernel->handle(Object(Symfony/Component/Console/Input/ArgvInput), Object(Symfony/Component/Console/Output/ConsoleOutput))
#27 D:/josej/Documents/Proyectos/ExamenDeGrado/C#/php/ugb/artisan(16): Illuminate/Foundation/Application->handleCommand(Object(Symfony/Component/Console/Input/ArgvInput))
#28 {main}
"} 
[2026-08-17 01:42:26] local.ERROR: SQLSTATE[HY000]: General error: 1 no such table: cache (Connection: sqlite, Database: D:\josej\Documents\Proyectos\ExamenDeGrado\C#\php\ugb\database\database.sqlite, SQL: select * from "cache" where "key" in (laravel-cache-illuminate:queues:paused, laravel-cache-illuminate:queue:paused:database:default)) {"exception":"[object] (Illuminate\\Database\\QueryException(code: HY000): SQLSTATE[HY000]: General error: 1 no such table: cache (Connection: sqlite, Database: D:\\josej\\Documents\\Proyectos\\ExamenDeGrado\\C#\\php\\ugb\\database\\database.sqlite, SQL: select * from \"cache\" where \"key\" in (laravel-cache-illuminate:queues:paused, laravel-cache-illuminate:queue:paused:database:default)) at D:/josej/Documents/Proyectos/ExamenDeGrado/C#/php/ugb/vendor/laravel/framework/src/Illuminate/Database/Connection.php:857)
[stacktrace]
#0 D:/josej/Documents/Proyectos/ExamenDeGrado/C#/php/ugb/vendor/laravel/framework/src/Illuminate/Database/Connection.php(813): Illuminate/Database/Connection->runQueryCallback('select * from \"...', Array, Object(Closure))
#1 D:/josej/Documents/Proyectos/ExamenDeGrado/C#/php/ugb/vendor/laravel/framework/src/Illuminate/Database/Connection.php(426): Illuminate/Database/Connection->run('select * from \"...', Array, Object(Closure))
#2 D:/josej/Documents/Proyectos/ExamenDeGrado/C#/php/ugb/vendor/laravel/framework/src/Illuminate/Database/Query/Builder.php(3573): Illuminate/Database/Connection->select('select * from \"...', Array, true, Array)
#3 D:/josej/Documents/Proyectos/ExamenDeGrado/C#/php/ugb/vendor/laravel/framework/src/Illuminate/Database/Query/Builder.php(3557): Illuminate/Database/Query/Builder->runSelect()
#4 D:/josej/Documents/Proyectos/ExamenDeGrado/C#/php/ugb/vendor/laravel/framework/src/Illuminate/Cache/DatabaseStore.php(142): Illuminate/Database/Query/Builder->get()
#5 D:/josej/Documents/Proyectos/ExamenDeGrado/C#/php/ugb/vendor/laravel/framework/src/Illuminate/Cache/Repository.php(167): Illuminate/Cache/DatabaseStore->many(Array)
#6 D:/josej/Documents/Proyectos/ExamenDeGrado/C#/php/ugb/vendor/laravel/framework/src/Illuminate/Queue/QueueManager.php(335): Illuminate/Cache/Repository->many(Array)
#7 D:/josej/Documents/Proyectos/ExamenDeGrado/C#/php/ugb/vendor/laravel/framework/src/Illuminate/Queue/Worker.php(489): Illuminate/Queue/QueueManager->getPausedQueues('database', Array)
#8 D:/josej/Documents/Proyectos/ExamenDeGrado/C#/php/ugb/vendor/laravel/framework/src/Illuminate/Queue/Worker.php(450): Illuminate/Queue/Worker->getPausedQueues('database', Array)
#9 D:/josej/Documents/Proyectos/ExamenDeGrado/C#/php/ugb/vendor/laravel/framework/src/Illuminate/Queue/Worker.php(410): Illuminate/Queue/Worker->getNextJob(Object(Illuminate/Queue/DatabaseQueue), 'default')
#10 D:/josej/Documents/Proyectos/ExamenDeGrado/C#/php/ugb/vendor/laravel/framework/src/Illuminate/Queue/Console/WorkCommand.php(149): Illuminate/Queue/Worker->runNextJob('database', 'default', Object(Illuminate/Queue/WorkerOptions))
#11 D:/josej/Documents/Proyectos/ExamenDeGrado/C#/php/ugb/vendor/laravel/framework/src/Illuminate/Queue/Console/WorkCommand.php(132): Illuminate/Queue/Console/WorkCommand->runWorker('database', 'default')
#12 D:/josej/Documents/Proyectos/ExamenDeGrado/C#/php/ugb/vendor/laravel/framework/src/Illuminate/Container/BoundMethod.php(36): Illuminate/Queue/Console/WorkCommand->handle()
#13 D:/josej/Documents/Proyectos/ExamenDeGrado/C#/php/ugb/vendor/laravel/framework/src/Illuminate/Container/Util.php(43): Illuminate/Container/BoundMethod::{closure:Illuminate/Container/BoundMethod::call():35}()
#14 D:/josej/Documents/Proyectos/ExamenDeGrado/C#/php/ugb/vendor/laravel/framework/src/Illuminate/Container/BoundMethod.php(96): Illuminate/Container/Util::unwrapIfClosure(Object(Closure))
#15 D:/josej/Documents/Proyectos/ExamenDeGrado/C#/php/ugb/vendor/laravel/framework/src/Illuminate/Container/BoundMethod.php(35): Illuminate/Container/BoundMethod::callBoundMethod(Object(Illuminate/Foundation/Application), Array, Object(Closure))
#16 D:/josej/Documents/Proyectos/ExamenDeGrado/C#/php/ugb/vendor/laravel/framework/src/Illuminate/Container/Container.php(801): Illuminate/Container/BoundMethod::call(Object(Illuminate/Foundation/Application), Array, Array, NULL)
#17 D:/josej/Documents/Proyectos/ExamenDeGrado/C#/php/ugb/vendor/laravel/framework/src/Illuminate/Console/Command.php(292): Illuminate/Container/Container->call(Array)
#18 D:/josej/Documents/Proyectos/ExamenDeGrado/C#/php/ugb/vendor/symfony/console/Command/Command.php(284): Illuminate/Console/Command->execute(Object(Symfony/Component/Console/Input/ArgvInput), Object(Illuminate/Console/OutputStyle))
#19 D:/josej/Documents/Proyectos/ExamenDeGrado/C#/php/ugb/vendor/laravel/framework/src/Illuminate/Console/Command.php(261): Symfony/Component/Console/Command/Command->run(Object(Symfony/Component/Console/Input/ArgvInput), Object(Illuminate/Console/OutputStyle))
#20 D:/josej/Documents/Proyectos/ExamenDeGrado/C#/php/ugb/vendor/symfony/console/Application.php(1144): Illuminate/Console/Command->run(Object(Symfony/Component/Console/Input/ArgvInput), Object(Symfony/Component/Console/Output/ConsoleOutput))
#21 D:/josej/Documents/Proyectos/ExamenDeGrado/C#/php/ugb/vendor/symfony/console/Application.php(379): Symfony/Component/Console/Application->doRunCommand(Object(Illuminate/Queue/Console/WorkCommand), Object(Symfony/Component/Console/Input/ArgvInput), Object(Symfony/Component/Console/Output/ConsoleOutput))
#22 D:/josej/Documents/Proyectos/ExamenDeGrado/C#/php/ugb/vendor/symfony/console/Application.php(218): Symfony/Component/Console/Application->doRun(Object(Symfony/Component/Console/Input/ArgvInput), Object(Symfony/Component/Console/Output/ConsoleOutput))
#23 D:/josej/Documents/Proyectos/ExamenDeGrado/C#/php/ugb/vendor/laravel/framework/src/Illuminate/Foundation/Console/Kernel.php(198): Symfony/Component/Console/Application->run(Object(Symfony/Component/Console/Input/ArgvInput), Object(Symfony/Component/Console/Output/ConsoleOutput))
#24 D:/josej/Documents/Proyectos/ExamenDeGrado/C#/php/ugb/vendor/laravel/framework/src/Illuminate/Foundation/Application.php(1242): Illuminate/Foundation/Console/Kernel->handle(Object(Symfony/Component/Console/Input/ArgvInput), Object(Symfony/Component/Console/Output/ConsoleOutput))
#25 D:/josej/Documents/Proyectos/ExamenDeGrado/C#/php/ugb/artisan(16): Illuminate/Foundation/Application->handleCommand(Object(Symfony/Component/Console/Input/ArgvInput))
#26 {main}

[previous exception] [object] (PDOException(code: HY000): SQLSTATE[HY000]: General error: 1 no such table: cache at D:/josej/Documents/Proyectos/ExamenDeGrado/C#/php/ugb/vendor/laravel/framework/src/Illuminate/Database/Connection.php:435)
[stacktrace]
#0 D:/josej/Documents/Proyectos/ExamenDeGrado/C#/php/ugb/vendor/laravel/framework/src/Illuminate/Database/Connection.php(435): PDO->prepare('select * from \"...')
#1 D:/josej/Documents/Proyectos/ExamenDeGrado/C#/php/ugb/vendor/laravel/framework/src/Illuminate/Database/Connection.php(846): Illuminate/Database/Connection->{closure:Illuminate/Database/Connection::select():426}('select * from \"...', Array)
#2 D:/josej/Documents/Proyectos/ExamenDeGrado/C#/php/ugb/vendor/laravel/framework/src/Illuminate/Database/Connection.php(813): Illuminate/Database/Connection->runQueryCallback('select * from \"...', Array, Object(Closure))
#3 D:/josej/Documents/Proyectos/ExamenDeGrado/C#/php/ugb/vendor/laravel/framework/src/Illuminate/Database/Connection.php(426): Illuminate/Database/Connection->run('select * from \"...', Array, Object(Closure))
#4 D:/josej/Documents/Proyectos/ExamenDeGrado/C#/php/ugb/vendor/laravel/framework/src/Illuminate/Database/Query/Builder.php(3573): Illuminate/Database/Connection->select('select * from \"...', Array, true, Array)
#5 D:/josej/Documents/Proyectos/ExamenDeGrado/C#/php/ugb/vendor/laravel/framework/src/Illuminate/Database/Query/Builder.php(3557): Illuminate/Database/Query/Builder->runSelect()
#6 D:/josej/Documents/Proyectos/ExamenDeGrado/C#/php/ugb/vendor/laravel/framework/src/Illuminate/Cache/DatabaseStore.php(142): Illuminate/Database/Query/Builder->get()
#7 D:/josej/Documents/Proyectos/ExamenDeGrado/C#/php/ugb/vendor/laravel/framework/src/Illuminate/Cache/Repository.php(167): Illuminate/Cache/DatabaseStore->many(Array)
#8 D:/josej/Documents/Proyectos/ExamenDeGrado/C#/php/ugb/vendor/laravel/framework/src/Illuminate/Queue/QueueManager.php(335): Illuminate/Cache/Repository->many(Array)
#9 D:/josej/Documents/Proyectos/ExamenDeGrado/C#/php/ugb/vendor/laravel/framework/src/Illuminate/Queue/Worker.php(489): Illuminate/Queue/QueueManager->getPausedQueues('database', Array)
#10 D:/josej/Documents/Proyectos/ExamenDeGrado/C#/php/ugb/vendor/laravel/framework/src/Illuminate/Queue/Worker.php(450): Illuminate/Queue/Worker->getPausedQueues('database', Array)
#11 D:/josej/Documents/Proyectos/ExamenDeGrado/C#/php/ugb/vendor/laravel/framework/src/Illuminate/Queue/Worker.php(410): Illuminate/Queue/Worker->getNextJob(Object(Illuminate/Queue/DatabaseQueue), 'default')
#12 D:/josej/Documents/Proyectos/ExamenDeGrado/C#/php/ugb/vendor/laravel/framework/src/Illuminate/Queue/Console/WorkCommand.php(149): Illuminate/Queue/Worker->runNextJob('database', 'default', Object(Illuminate/Queue/WorkerOptions))
#13 D:/josej/Documents/Proyectos/ExamenDeGrado/C#/php/ugb/vendor/laravel/framework/src/Illuminate/Queue/Console/WorkCommand.php(132): Illuminate/Queue/Console/WorkCommand->runWorker('database', 'default')
#14 D:/josej/Documents/Proyectos/ExamenDeGrado/C#/php/ugb/vendor/laravel/framework/src/Illuminate/Container/BoundMethod.php(36): Illuminate/Queue/Console/WorkCommand->handle()
#15 D:/josej/Documents/Proyectos/ExamenDeGrado/C#/php/ugb/vendor/laravel/framework/src/Illuminate/Container/Util.php(43): Illuminate/Container/BoundMethod::{closure:Illuminate/Container/BoundMethod::call():35}()
#16 D:/josej/Documents/Proyectos/ExamenDeGrado/C#/php/ugb/vendor/laravel/framework/src/Illuminate/Container/BoundMethod.php(96): Illuminate/Container/Util::unwrapIfClosure(Object(Closure))
#17 D:/josej/Documents/Proyectos/ExamenDeGrado/C#/php/ugb/vendor/laravel/framework/src/Illuminate/Container/BoundMethod.php(35): Illuminate/Container/BoundMethod::callBoundMethod(Object(Illuminate/Foundation/Application), Array, Object(Closure))
#18 D:/josej/Documents/Proyectos/ExamenDeGrado/C#/php/ugb/vendor/laravel/framework/src/Illuminate/Container/Container.php(801): Illuminate/Container/BoundMethod::call(Object(Illuminate/Foundation/Application), Array, Array, NULL)
#19 D:/josej/Documents/Proyectos/ExamenDeGrado/C#/php/ugb/vendor/laravel/framework/src/Illuminate/Console/Command.php(292): Illuminate/Container/Container->call(Array)
#20 D:/josej/Documents/Proyectos/ExamenDeGrado/C#/php/ugb/vendor/symfony/console/Command/Command.php(284): Illuminate/Console/Command->execute(Object(Symfony/Component/Console/Input/ArgvInput), Object(Illuminate/Console/OutputStyle))
#21 D:/josej/Documents/Proyectos/ExamenDeGrado/C#/php/ugb/vendor/laravel/framework/src/Illuminate/Console/Command.php(261): Symfony/Component/Console/Command/Command->run(Object(Symfony/Component/Console/Input/ArgvInput), Object(Illuminate/Console/OutputStyle))
#22 D:/josej/Documents/Proyectos/ExamenDeGrado/C#/php/ugb/vendor/symfony/console/Application.php(1144): Illuminate/Console/Command->run(Object(Symfony/Component/Console/Input/ArgvInput), Object(Symfony/Component/Console/Output/ConsoleOutput))
#23 D:/josej/Documents/Proyectos/ExamenDeGrado/C#/php/ugb/vendor/symfony/console/Application.php(379): Symfony/Component/Console/Application->doRunCommand(Object(Illuminate/Queue/Console/WorkCommand), Object(Symfony/Component/Console/Input/ArgvInput), Object(Symfony/Component/Console/Output/ConsoleOutput))
#24 D:/josej/Documents/Proyectos/ExamenDeGrado/C#/php/ugb/vendor/symfony/console/Application.php(218): Symfony/Component/Console/Application->doRun(Object(Symfony/Component/Console/Input/ArgvInput), Object(Symfony/Component/Console/Output/ConsoleOutput))
#25 D:/josej/Documents/Proyectos/ExamenDeGrado/C#/php/ugb/vendor/laravel/framework/src/Illuminate/Foundation/Console/Kernel.php(198): Symfony/Component/Console/Application->run(Object(Symfony/Component/Console/Input/ArgvInput), Object(Symfony/Component/Console/Output/ConsoleOutput))
#26 D:/josej/Documents/Proyectos/ExamenDeGrado/C#/php/ugb/vendor/laravel/framework/src/Illuminate/Foundation/Application.php(1242): Illuminate/Foundation/Console/Kernel->handle(Object(Symfony/Component/Console/Input/ArgvInput), Object(Symfony/Component/Console/Output/ConsoleOutput))
#27 D:/josej/Documents/Proyectos/ExamenDeGrado/C#/php/ugb/artisan(16): Illuminate/Foundation/Application->handleCommand(Object(Symfony/Component/Console/Input/ArgvInput))
#28 {main}
"} 
[2026-08-17 01:42:27] local.ERROR: SQLSTATE[HY000]: General error: 1 no such table: sessions (Connection: sqlite, Database: D:\josej\Documents\Proyectos\ExamenDeGrado\C#\php\ugb\database\database.sqlite, SQL: select * from "sessions" where "id" = UiSs7kx2jnaDaiCo7qj2Ijh2Pq4BRm3DPdMzrdvQ limit 1) {"exception":"[object] (Illuminate\\Database\\QueryException(code: HY000): SQLSTATE[HY000]: General error: 1 no such table: sessions (Connection: sqlite, Database: D:\\josej\\Documents\\Proyectos\\ExamenDeGrado\\C#\\php\\ugb\\database\\database.sqlite, SQL: select * from \"sessions\" where \"id\" = UiSs7kx2jnaDaiCo7qj2Ijh2Pq4BRm3DPdMzrdvQ limit 1) at D:/josej/Documents/Proyectos/ExamenDeGrado/C#/php/ugb/vendor/laravel/framework/src/Illuminate/Database/Connection.php:857)
[stacktrace]
#0 D:/josej/Documents/Proyectos/ExamenDeGrado/C#/php/ugb/vendor/laravel/framework/src/Illuminate/Database/Connection.php(813): Illuminate/Database/Connection->runQueryCallback('select * from \"...', Array, Object(Closure))
#1 D:/josej/Documents/Proyectos/ExamenDeGrado/C#/php/ugb/vendor/laravel/framework/src/Illuminate/Database/Connection.php(426): Illuminate/Database/Connection->run('select * from \"...', Array, Object(Closure))
#2 D:/josej/Documents/Proyectos/ExamenDeGrado/C#/php/ugb/vendor/laravel/framework/src/Illuminate/Database/Query/Builder.php(3573): Illuminate/Database/Connection->select('select * from \"...', Array, false, Array)
#3 D:/josej/Documents/Proyectos/ExamenDeGrado/C#/php/ugb/vendor/laravel/framework/src/Illuminate/Database/Query/Builder.php(3557): Illuminate/Database/Query/Builder->runSelect()
#4 D:/josej/Documents/Proyectos/ExamenDeGrado/C#/php/ugb/vendor/laravel/framework/src/Illuminate/Database/Concerns/BuildsQueries.php(366): Illuminate/Database/Query/Builder->get(Array)
#5 D:/josej/Documents/Proyectos/ExamenDeGrado/C#/php/ugb/vendor/laravel/framework/src/Illuminate/Database/Query/Builder.php(3475): Illuminate/Database/Query/Builder->first(Array)
#6 D:/josej/Documents/Proyectos/ExamenDeGrado/C#/php/ugb/vendor/laravel/framework/src/Illuminate/Session/DatabaseSessionHandler.php(96): Illuminate/Database/Query/Builder->find('UiSs7kx2jnaDaiC...')
#7 D:/josej/Documents/Proyectos/ExamenDeGrado/C#/php/ugb/vendor/laravel/framework/src/Illuminate/Session/Store.php(128): Illuminate/Session/DatabaseSessionHandler->read('UiSs7kx2jnaDaiC...')
#8 D:/josej/Documents/Proyectos/ExamenDeGrado/C#/php/ugb/vendor/laravel/framework/src/Illuminate/Session/Store.php(116): Illuminate/Session/Store->readFromHandler()
#9 D:/josej/Documents/Proyectos/ExamenDeGrado/C#/php/ugb/vendor/laravel/framework/src/Illuminate/Session/Store.php(100): Illuminate/Session/Store->loadSession()
#10 D:/josej/Documents/Proyectos/ExamenDeGrado/C#/php/ugb/vendor/laravel/framework/src/Illuminate/Session/Middleware/StartSession.php(146): Illuminate/Session/Store->start()
#11 D:/josej/Documents/Proyectos/ExamenDeGrado/C#/php/ugb/vendor/laravel/framework/src/Illuminate/Support/helpers.php(393): Illuminate/Session/Middleware/StartSession->{closure:Illuminate/Session/Middleware/StartSession::startSession():143}(Object(Illuminate/Session/Store))
#12 D:/josej/Documents/Proyectos/ExamenDeGrado/C#/php/ugb/vendor/laravel/framework/src/Illuminate/Session/Middleware/StartSession.php(143): tap(Object(Illuminate/Session/Store), Object(Closure))
#13 D:/josej/Documents/Proyectos/ExamenDeGrado/C#/php/ugb/vendor/laravel/framework/src/Illuminate/Session/Middleware/StartSession.php(115): Illuminate/Session/Middleware/StartSession->startSession(Object(Illuminate/Http/Request), Object(Illuminate/Session/Store))
#14 D:/josej/Documents/Proyectos/ExamenDeGrado/C#/php/ugb/vendor/laravel/framework/src/Illuminate/Session/Middleware/StartSession.php(63): Illuminate/Session/Middleware/StartSession->handleStatefulRequest(Object(Illuminate/Http/Request), Object(Illuminate/Session/Store), Object(Closure))
#15 D:/josej/Documents/Proyectos/ExamenDeGrado/C#/php/ugb/vendor/laravel/framework/src/Illuminate/Pipeline/Pipeline.php(219): Illuminate/Session/Middleware/StartSession->handle(Object(Illuminate/Http/Request), Object(Closure))
#16 D:/josej/Documents/Proyectos/ExamenDeGrado/C#/php/ugb/vendor/laravel/framework/src/Illuminate/Cookie/Middleware/AddQueuedCookiesToResponse.php(36): Illuminate/Pipeline/Pipeline->{closure:{closure:Illuminate/Pipeline/Pipeline::carry():194}:195}(Object(Illuminate/Http/Request))
#17 D:/josej/Documents/Proyectos/ExamenDeGrado/C#/php/ugb/vendor/laravel/framework/src/Illuminate/Pipeline/Pipeline.php(219): Illuminate/Cookie/Middleware/AddQueuedCookiesToResponse->handle(Object(Illuminate/Http/Request), Object(Closure))
#18 D:/josej/Documents/Proyectos/ExamenDeGrado/C#/php/ugb/vendor/laravel/framework/src/Illuminate/Cookie/Middleware/EncryptCookies.php(74): Illuminate/Pipeline/Pipeline->{closure:{closure:Illuminate/Pipeline/Pipeline::carry():194}:195}(Object(Illuminate/Http/Request))
#19 D:/josej/Documents/Proyectos/ExamenDeGrado/C#/php/ugb/vendor/laravel/framework/src/Illuminate/Pipeline/Pipeline.php(219): Illuminate/Cookie/Middleware/EncryptCookies->handle(Object(Illuminate/Http/Request), Object(Closure))
#20 D:/josej/Documents/Proyectos/ExamenDeGrado/C#/php/ugb/vendor/laravel/framework/src/Illuminate/Pipeline/Pipeline.php(137): Illuminate/Pipeline/Pipeline->{closure:{closure:Illuminate/Pipeline/Pipeline::carry():194}:195}(Object(Illuminate/Http/Request))
#21 D:/josej/Documents/Proyectos/ExamenDeGrado/C#/php/ugb/vendor/laravel/framework/src/Illuminate/Routing/Router.php(821): Illuminate/Pipeline/Pipeline->then(Object(Closure))
#22 D:/josej/Documents/Proyectos/ExamenDeGrado/C#/php/ugb/vendor/laravel/framework/src/Illuminate/Routing/Router.php(800): Illuminate/Routing/Router->runRouteWithinStack(Object(Illuminate/Routing/Route), Object(Illuminate/Http/Request))
#23 D:/josej/Documents/Proyectos/ExamenDeGrado/C#/php/ugb/vendor/laravel/framework/src/Illuminate/Routing/Router.php(764): Illuminate/Routing/Router->runRoute(Object(Illuminate/Http/Request), Object(Illuminate/Routing/Route))
#24 D:/josej/Documents/Proyectos/ExamenDeGrado/C#/php/ugb/vendor/laravel/framework/src/Illuminate/Routing/Router.php(753): Illuminate/Routing/Router->dispatchToRoute(Object(Illuminate/Http/Request))
#25 D:/josej/Documents/Proyectos/ExamenDeGrado/C#/php/ugb/vendor/laravel/framework/src/Illuminate/Foundation/Http/Kernel.php(200): Illuminate/Routing/Router->dispatch(Object(Illuminate/Http/Request))
#26 D:/josej/Documents/Proyectos/ExamenDeGrado/C#/php/ugb/vendor/laravel/framework/src/Illuminate/Pipeline/Pipeline.php(180): Illuminate/Foundation/Http/Kernel->{closure:Illuminate/Foundation/Http/Kernel::dispatchToRouter():197}(Object(Illuminate/Http/Request))
#27 D:/josej/Documents/Proyectos/ExamenDeGrado/C#/php/ugb/vendor/laravel/framework/src/Illuminate/Foundation/Http/Middleware/TransformsRequest.php(21): Illuminate/Pipeline/Pipeline->{closure:Illuminate/Pipeline/Pipeline::prepareDestination():178}(Object(Illuminate/Http/Request))
#28 D:/josej/Documents/Proyectos/ExamenDeGrado/C#/php/ugb/vendor/laravel/framework/src/Illuminate/Foundation/Http/Middleware/ConvertEmptyStringsToNull.php(31): Illuminate/Foundation/Http/Middleware/TransformsRequest->handle(Object(Illuminate/Http/Request), Object(Closure))
#29 D:/josej/Documents/Proyectos/ExamenDeGrado/C#/php/ugb/vendor/laravel/framework/src/Illuminate/Pipeline/Pipeline.php(219): Illuminate/Foundation/Http/Middleware/ConvertEmptyStringsToNull->handle(Object(Illuminate/Http/Request), Object(Closure))
#30 D:/josej/Documents/Proyectos/ExamenDeGrado/C#/php/ugb/vendor/laravel/framework/src/Illuminate/Foundation/Http/Middleware/TransformsRequest.php(21): Illuminate/Pipeline/Pipeline->{closure:{closure:Illuminate/Pipeline/Pipeline::carry():194}:195}(Object(Illuminate/Http/Request))
#31 D:/josej/Documents/Proyectos/ExamenDeGrado/C#/php/ugb/vendor/laravel/framework/src/Illuminate/Foundation/Http/Middleware/TrimStrings.php(51): Illuminate/Foundation/Http/Middleware/TransformsRequest->handle(Object(Illuminate/Http/Request), Object(Closure))
#32 D:/josej/Documents/Proyectos/ExamenDeGrado/C#/php/ugb/vendor/laravel/framework/src/Illuminate/Pipeline/Pipeline.php(219): Illuminate/Foundation/Http/Middleware/TrimStrings->handle(Object(Illuminate/Http/Request), Object(Closure))
#33 D:/josej/Documents/Proyectos/ExamenDeGrado/C#/php/ugb/vendor/laravel/framework/src/Illuminate/Http/Middleware/ValidatePostSize.php(27): Illuminate/Pipeline/Pipeline->{closure:{closure:Illuminate/Pipeline/Pipeline::carry():194}:195}(Object(Illuminate/Http/Request))
#34 D:/josej/Documents/Proyectos/ExamenDeGrado/C#/php/ugb/vendor/laravel/framework/src/Illuminate/Pipeline/Pipeline.php(219): Illuminate/Http/Middleware/ValidatePostSize->handle(Object(Illuminate/Http/Request), Object(Closure))
#35 D:/josej/Documents/Proyectos/ExamenDeGrado/C#/php/ugb/vendor/laravel/framework/src/Illuminate/Foundation/Http/Middleware/PreventRequestsDuringMaintenance.php(110): Illuminate/Pipeline/Pipeline->{closure:{closure:Illuminate/Pipeline/Pipeline::carry():194}:195}(Object(Illuminate/Http/Request))
#36 D:/josej/Documents/Proyectos/ExamenDeGrado/C#/php/ugb/vendor/laravel/framework/src/Illuminate/Pipeline/Pipeline.php(219): Illuminate/Foundation/Http/Middleware/PreventRequestsDuringMaintenance->handle(Object(Illuminate/Http/Request), Object(Closure))
#37 D:/josej/Documents/Proyectos/ExamenDeGrado/C#/php/ugb/vendor/laravel/framework/src/Illuminate/Http/Middleware/HandleCors.php(61): Illuminate/Pipeline/Pipeline->{closure:{closure:Illuminate/Pipeline/Pipeline::carry():194}:195}(Object(Illuminate/Http/Request))
#38 D:/josej/Documents/Proyectos/ExamenDeGrado/C#/php/ugb/vendor/laravel/framework/src/Illuminate/Pipeline/Pipeline.php(219): Illuminate/Http/Middleware/HandleCors->handle(Object(Illuminate/Http/Request), Object(Closure))
#39 D:/josej/Documents/Proyectos/ExamenDeGrado/C#/php/ugb/vendor/laravel/framework/src/Illuminate/Http/Middleware/TrustProxies.php(58): Illuminate/Pipeline/Pipeline->{closure:{closure:Illuminate/Pipeline/Pipeline::carry():194}:195}(Object(Illuminate/Http/Request))
#40 D:/josej/Documents/Proyectos/ExamenDeGrado/C#/php/ugb/vendor/laravel/framework/src/Illuminate/Pipeline/Pipeline.php(219): Illuminate/Http/Middleware/TrustProxies->handle(Object(Illuminate/Http/Request), Object(Closure))
#41 D:/josej/Documents/Proyectos/ExamenDeGrado/C#/php/ugb/vendor/laravel/framework/src/Illuminate/Foundation/Http/Middleware/InvokeDeferredCallbacks.php(22): Illuminate/Pipeline/Pipeline->{closure:{closure:Illuminate/Pipeline/Pipeline::carry():194}:195}(Object(Illuminate/Http/Request))
#42 D:/josej/Documents/Proyectos/ExamenDeGrado/C#/php/ugb/vendor/laravel/framework/src/Illuminate/Pipeline/Pipeline.php(219): Illuminate/Foundation/Http/Middleware/InvokeDeferredCallbacks->handle(Object(Illuminate/Http/Request), Object(Closure))
#43 D:/josej/Documents/Proyectos/ExamenDeGrado/C#/php/ugb/vendor/laravel/framework/src/Illuminate/Http/Middleware/ValidatePathEncoding.php(28): Illuminate/Pipeline/Pipeline->{closure:{closure:Illuminate/Pipeline/Pipeline::carry():194}:195}(Object(Illuminate/Http/Request))
#44 D:/josej/Documents/Proyectos/ExamenDeGrado/C#/php/ugb/vendor/laravel/framework/src/Illuminate/Pipeline/Pipeline.php(219): Illuminate/Http/Middleware/ValidatePathEncoding->handle(Object(Illuminate/Http/Request), Object(Closure))
#45 D:/josej/Documents/Proyectos/ExamenDeGrado/C#/php/ugb/vendor/laravel/framework/src/Illuminate/Pipeline/Pipeline.php(137): Illuminate/Pipeline/Pipeline->{closure:{closure:Illuminate/Pipeline/Pipeline::carry():194}:195}(Object(Illuminate/Http/Request))
#46 D:/josej/Documents/Proyectos/ExamenDeGrado/C#/php/ugb/vendor/laravel/framework/src/Illuminate/Foundation/Http/Kernel.php(175): Illuminate/Pipeline/Pipeline->then(Object(Closure))
#47 D:/josej/Documents/Proyectos/ExamenDeGrado/C#/php/ugb/vendor/laravel/framework/src/Illuminate/Foundation/Http/Kernel.php(144): Illuminate/Foundation/Http/Kernel->sendRequestThroughRouter(Object(Illuminate/Http/Request))
#48 D:/josej/Documents/Proyectos/ExamenDeGrado/C#/php/ugb/vendor/laravel/framework/src/Illuminate/Foundation/Application.php(1227): Illuminate/Foundation/Http/Kernel->handle(Object(Illuminate/Http/Request))
#49 D:/josej/Documents/Proyectos/ExamenDeGrado/C#/php/ugb/public/index.php(20): Illuminate/Foundation/Application->handleRequest(Object(Illuminate/Http/Request))
#50 D:/josej/Documents/Proyectos/ExamenDeGrado/C#/php/ugb/vendor/laravel/framework/src/Illuminate/Foundation/resources/server.php(23): require_once('D://josej//Docume...')
#51 {main}

[previous exception] [object] (PDOException(code: HY000): SQLSTATE[HY000]: General error: 1 no such table: sessions at D:/josej/Documents/Proyectos/ExamenDeGrado/C#/php/ugb/vendor/laravel/framework/src/Illuminate/Database/Connection.php:435)
[stacktrace]
#0 D:/josej/Documents/Proyectos/ExamenDeGrado/C#/php/ugb/vendor/laravel/framework/src/Illuminate/Database/Connection.php(435): PDO->prepare('select * from \"...')
#1 D:/josej/Documents/Proyectos/ExamenDeGrado/C#/php/ugb/vendor/laravel/framework/src/Illuminate/Database/Connection.php(846): Illuminate/Database/Connection->{closure:Illuminate/Database/Connection::select():426}('select * from \"...', Array)
#2 D:/josej/Documents/Proyectos/ExamenDeGrado/C#/php/ugb/vendor/laravel/framework/src/Illuminate/Database/Connection.php(813): Illuminate/Database/Connection->runQueryCallback('select * from \"...', Array, Object(Closure))
#3 D:/josej/Documents/Proyectos/ExamenDeGrado/C#/php/ugb/vendor/laravel/framework/src/Illuminate/Database/Connection.php(426): Illuminate/Database/Connection->run('select * from \"...', Array, Object(Closure))
#4 D:/josej/Documents/Proyectos/ExamenDeGrado/C#/php/ugb/vendor/laravel/framework/src/Illuminate/Database/Query/Builder.php(3573): Illuminate/Database/Connection->select('select * from \"...', Array, false, Array)
#5 D:/josej/Documents/Proyectos/ExamenDeGrado/C#/php/ugb/vendor/laravel/framework/src/Illuminate/Database/Query/Builder.php(3557): Illuminate/Database/Query/Builder->runSelect()
#6 D:/josej/Documents/Proyectos/ExamenDeGrado/C#/php/ugb/vendor/laravel/framework/src/Illuminate/Database/Concerns/BuildsQueries.php(366): Illuminate/Database/Query/Builder->get(Array)
#7 D:/josej/Documents/Proyectos/ExamenDeGrado/C#/php/ugb/vendor/laravel/framework/src/Illuminate/Database/Query/Builder.php(3475): Illuminate/Database/Query/Builder->first(Array)
#8 D:/josej/Documents/Proyectos/ExamenDeGrado/C#/php/ugb/vendor/laravel/framework/src/Illuminate/Session/DatabaseSessionHandler.php(96): Illuminate/Database/Query/Builder->find('UiSs7kx2jnaDaiC...')
#9 D:/josej/Documents/Proyectos/ExamenDeGrado/C#/php/ugb/vendor/laravel/framework/src/Illuminate/Session/Store.php(128): Illuminate/Session/DatabaseSessionHandler->read('UiSs7kx2jnaDaiC...')
#10 D:/josej/Documents/Proyectos/ExamenDeGrado/C#/php/ugb/vendor/laravel/framework/src/Illuminate/Session/Store.php(116): Illuminate/Session/Store->readFromHandler()
#11 D:/josej/Documents/Proyectos/ExamenDeGrado/C#/php/ugb/vendor/laravel/framework/src/Illuminate/Session/Store.php(100): Illuminate/Session/Store->loadSession()
#12 D:/josej/Documents/Proyectos/ExamenDeGrado/C#/php/ugb/vendor/laravel/framework/src/Illuminate/Session/Middleware/StartSession.php(146): Illuminate/Session/Store->start()
#13 D:/josej/Documents/Proyectos/ExamenDeGrado/C#/php/ugb/vendor/laravel/framework/src/Illuminate/Support/helpers.php(393): Illuminate/Session/Middleware/StartSession->{closure:Illuminate/Session/Middleware/StartSession::startSession():143}(Object(Illuminate/Session/Store))
#14 D:/josej/Documents/Proyectos/ExamenDeGrado/C#/php/ugb/vendor/laravel/framework/src/Illuminate/Session/Middleware/StartSession.php(143): tap(Object(Illuminate/Session/Store), Object(Closure))
#15 D:/josej/Documents/Proyectos/ExamenDeGrado/C#/php/ugb/vendor/laravel/framework/src/Illuminate/Session/Middleware/StartSession.php(115): Illuminate/Session/Middleware/StartSession->startSession(Object(Illuminate/Http/Request), Object(Illuminate/Session/Store))
#16 D:/josej/Documents/Proyectos/ExamenDeGrado/C#/php/ugb/vendor/laravel/framework/src/Illuminate/Session/Middleware/StartSession.php(63): Illuminate/Session/Middleware/StartSession->handleStatefulRequest(Object(Illuminate/Http/Request), Object(Illuminate/Session/Store), Object(Closure))
#17 D:/josej/Documents/Proyectos/ExamenDeGrado/C#/php/ugb/vendor/laravel/framework/src/Illuminate/Pipeline/Pipeline.php(219): Illuminate/Session/Middleware/StartSession->handle(Object(Illuminate/Http/Request), Object(Closure))
#18 D:/josej/Documents/Proyectos/ExamenDeGrado/C#/php/ugb/vendor/laravel/framework/src/Illuminate/Cookie/Middleware/AddQueuedCookiesToResponse.php(36): Illuminate/Pipeline/Pipeline->{closure:{closure:Illuminate/Pipeline/Pipeline::carry():194}:195}(Object(Illuminate/Http/Request))
#19 D:/josej/Documents/Proyectos/ExamenDeGrado/C#/php/ugb/vendor/laravel/framework/src/Illuminate/Pipeline/Pipeline.php(219): Illuminate/Cookie/Middleware/AddQueuedCookiesToResponse->handle(Object(Illuminate/Http/Request), Object(Closure))
#20 D:/josej/Documents/Proyectos/ExamenDeGrado/C#/php/ugb/vendor/laravel/framework/src/Illuminate/Cookie/Middleware/EncryptCookies.php(74): Illuminate/Pipeline/Pipeline->{closure:{closure:Illuminate/Pipeline/Pipeline::carry():194}:195}(Object(Illuminate/Http/Request))
#21 D:/josej/Documents/Proyectos/ExamenDeGrado/C#/php/ugb/vendor/laravel/framework/src/Illuminate/Pipeline/Pipeline.php(219): Illuminate/Cookie/Middleware/EncryptCookies->handle(Object(Illuminate/Http/Request), Object(Closure))
#22 D:/josej/Documents/Proyectos/ExamenDeGrado/C#/php/ugb/vendor/laravel/framework/src/Illuminate/Pipeline/Pipeline.php(137): Illuminate/Pipeline/Pipeline->{closure:{closure:Illuminate/Pipeline/Pipeline::carry():194}:195}(Object(Illuminate/Http/Request))
#23 D:/josej/Documents/Proyectos/ExamenDeGrado/C#/php/ugb/vendor/laravel/framework/src/Illuminate/Routing/Router.php(821): Illuminate/Pipeline/Pipeline->then(Object(Closure))
#24 D:/josej/Documents/Proyectos/ExamenDeGrado/C#/php/ugb/vendor/laravel/framework/src/Illuminate/Routing/Router.php(800): Illuminate/Routing/Router->runRouteWithinStack(Object(Illuminate/Routing/Route), Object(Illuminate/Http/Request))
#25 D:/josej/Documents/Proyectos/ExamenDeGrado/C#/php/ugb/vendor/laravel/framework/src/Illuminate/Routing/Router.php(764): Illuminate/Routing/Router->runRoute(Object(Illuminate/Http/Request), Object(Illuminate/Routing/Route))
#26 D:/josej/Documents/Proyectos/ExamenDeGrado/C#/php/ugb/vendor/laravel/framework/src/Illuminate/Routing/Router.php(753): Illuminate/Routing/Router->dispatchToRoute(Object(Illuminate/Http/Request))
#27 D:/josej/Documents/Proyectos/ExamenDeGrado/C#/php/ugb/vendor/laravel/framework/src/Illuminate/Foundation/Http/Kernel.php(200): Illuminate/Routing/Router->dispatch(Object(Illuminate/Http/Request))
#28 D:/josej/Documents/Proyectos/ExamenDeGrado/C#/php/ugb/vendor/laravel/framework/src/Illuminate/Pipeline/Pipeline.php(180): Illuminate/Foundation/Http/Kernel->{closure:Illuminate/Foundation/Http/Kernel::dispatchToRouter():197}(Object(Illuminate/Http/Request))
#29 D:/josej/Documents/Proyectos/ExamenDeGrado/C#/php/ugb/vendor/laravel/framework/src/Illuminate/Foundation/Http/Middleware/TransformsRequest.php(21): Illuminate/Pipeline/Pipeline->{closure:Illuminate/Pipeline/Pipeline::prepareDestination():178}(Object(Illuminate/Http/Request))
#30 D:/josej/Documents/Proyectos/ExamenDeGrado/C#/php/ugb/vendor/laravel/framework/src/Illuminate/Foundation/Http/Middleware/ConvertEmptyStringsToNull.php(31): Illuminate/Foundation/Http/Middleware/TransformsRequest->handle(Object(Illuminate/Http/Request), Object(Closure))
#31 D:/josej/Documents/Proyectos/ExamenDeGrado/C#/php/ugb/vendor/laravel/framework/src/Illuminate/Pipeline/Pipeline.php(219): Illuminate/Foundation/Http/Middleware/ConvertEmptyStringsToNull->handle(Object(Illuminate/Http/Request), Object(Closure))
#32 D:/josej/Documents/Proyectos/ExamenDeGrado/C#/php/ugb/vendor/laravel/framework/src/Illuminate/Foundation/Http/Middleware/TransformsRequest.php(21): Illuminate/Pipeline/Pipeline->{closure:{closure:Illuminate/Pipeline/Pipeline::carry():194}:195}(Object(Illuminate/Http/Request))
#33 D:/josej/Documents/Proyectos/ExamenDeGrado/C#/php/ugb/vendor/laravel/framework/src/Illuminate/Foundation/Http/Middleware/TrimStrings.php(51): Illuminate/Foundation/Http/Middleware/TransformsRequest->handle(Object(Illuminate/Http/Request), Object(Closure))
#34 D:/josej/Documents/Proyectos/ExamenDeGrado/C#/php/ugb/vendor/laravel/framework/src/Illuminate/Pipeline/Pipeline.php(219): Illuminate/Foundation/Http/Middleware/TrimStrings->handle(Object(Illuminate/Http/Request), Object(Closure))
#35 D:/josej/Documents/Proyectos/ExamenDeGrado/C#/php/ugb/vendor/laravel/framework/src/Illuminate/Http/Middleware/ValidatePostSize.php(27): Illuminate/Pipeline/Pipeline->{closure:{closure:Illuminate/Pipeline/Pipeline::carry():194}:195}(Object(Illuminate/Http/Request))
#36 D:/josej/Documents/Proyectos/ExamenDeGrado/C#/php/ugb/vendor/laravel/framework/src/Illuminate/Pipeline/Pipeline.php(219): Illuminate/Http/Middleware/ValidatePostSize->handle(Object(Illuminate/Http/Request), Object(Closure))
#37 D:/josej/Documents/Proyectos/ExamenDeGrado/C#/php/ugb/vendor/laravel/framework/src/Illuminate/Foundation/Http/Middleware/PreventRequestsDuringMaintenance.php(110): Illuminate/Pipeline/Pipeline->{closure:{closure:Illuminate/Pipeline/Pipeline::carry():194}:195}(Object(Illuminate/Http/Request))
#38 D:/josej/Documents/Proyectos/ExamenDeGrado/C#/php/ugb/vendor/laravel/framework/src/Illuminate/Pipeline/Pipeline.php(219): Illuminate/Foundation/Http/Middleware/PreventRequestsDuringMaintenance->handle(Object(Illuminate/Http/Request), Object(Closure))
#39 D:/josej/Documents/Proyectos/ExamenDeGrado/C#/php/ugb/vendor/laravel/framework/src/Illuminate/Http/Middleware/HandleCors.php(61): Illuminate/Pipeline/Pipeline->{closure:{closure:Illuminate/Pipeline/Pipeline::carry():194}:195}(Object(Illuminate/Http/Request))
#40 D:/josej/Documents/Proyectos/ExamenDeGrado/C#/php/ugb/vendor/laravel/framework/src/Illuminate/Pipeline/Pipeline.php(219): Illuminate/Http/Middleware/HandleCors->handle(Object(Illuminate/Http/Request), Object(Closure))
#41 D:/josej/Documents/Proyectos/ExamenDeGrado/C#/php/ugb/vendor/laravel/framework/src/Illuminate/Http/Middleware/TrustProxies.php(58): Illuminate/Pipeline/Pipeline->{closure:{closure:Illuminate/Pipeline/Pipeline::carry():194}:195}(Object(Illuminate/Http/Request))
#42 D:/josej/Documents/Proyectos/ExamenDeGrado/C#/php/ugb/vendor/laravel/framework/src/Illuminate/Pipeline/Pipeline.php(219): Illuminate/Http/Middleware/TrustProxies->handle(Object(Illuminate/Http/Request), Object(Closure))
#43 D:/josej/Documents/Proyectos/ExamenDeGrado/C#/php/ugb/vendor/laravel/framework/src/Illuminate/Foundation/Http/Middleware/InvokeDeferredCallbacks.php(22): Illuminate/Pipeline/Pipeline->{closure:{closure:Illuminate/Pipeline/Pipeline::carry():194}:195}(Object(Illuminate/Http/Request))
#44 D:/josej/Documents/Proyectos/ExamenDeGrado/C#/php/ugb/vendor/laravel/framework/src/Illuminate/Pipeline/Pipeline.php(219): Illuminate/Foundation/Http/Middleware/InvokeDeferredCallbacks->handle(Object(Illuminate/Http/Request), Object(Closure))
#45 D:/josej/Documents/Proyectos/ExamenDeGrado/C#/php/ugb/vendor/laravel/framework/src/Illuminate/Http/Middleware/ValidatePathEncoding.php(28): Illuminate/Pipeline/Pipeline->{closure:{closure:Illuminate/Pipeline/Pipeline::carry():194}:195}(Object(Illuminate/Http/Request))
#46 D:/josej/Documents/Proyectos/ExamenDeGrado/C#/php/ugb/vendor/laravel/framework/src/Illuminate/Pipeline/Pipeline.php(219): Illuminate/Http/Middleware/ValidatePathEncoding->handle(Object(Illuminate/Http/Request), Object(Closure))
#47 D:/josej/Documents/Proyectos/ExamenDeGrado/C#/php/ugb/vendor/laravel/framework/src/Illuminate/Pipeline/Pipeline.php(137): Illuminate/Pipeline/Pipeline->{closure:{closure:Illuminate/Pipeline/Pipeline::carry():194}:195}(Object(Illuminate/Http/Request))
#48 D:/josej/Documents/Proyectos/ExamenDeGrado/C#/php/ugb/vendor/laravel/framework/src/Illuminate/Foundation/Http/Kernel.php(175): Illuminate/Pipeline/Pipeline->then(Object(Closure))
#49 D:/josej/Documents/Proyectos/ExamenDeGrado/C#/php/ugb/vendor/laravel/framework/src/Illuminate/Foundation/Http/Kernel.php(144): Illuminate/Foundation/Http/Kernel->sendRequestThroughRouter(Object(Illuminate/Http/Request))
#50 D:/josej/Documents/Proyectos/ExamenDeGrado/C#/php/ugb/vendor/laravel/framework/src/Illuminate/Foundation/Application.php(1227): Illuminate/Foundation/Http/Kernel->handle(Object(Illuminate/Http/Request))
#51 D:/josej/Documents/Proyectos/ExamenDeGrado/C#/php/ugb/public/index.php(20): Illuminate/Foundation/Application->handleRequest(Object(Illuminate/Http/Request))
#52 D:/josej/Documents/Proyectos/ExamenDeGrado/C#/php/ugb/vendor/laravel/framework/src/Illuminate/Foundation/resources/server.php(23): require_once('D://josej//Docume...')
#53 {main}
"} 
[2026-08-17 01:42:30] local.ERROR: SQLSTATE[HY000]: General error: 1 no such table: cache (Connection: sqlite, Database: D:\josej\Documents\Proyectos\ExamenDeGrado\C#\php\ugb\database\database.sqlite, SQL: select * from "cache" where "key" in (laravel-cache-illuminate:queues:paused, laravel-cache-illuminate:queue:paused:database:default)) {"exception":"[object] (Illuminate\\Database\\QueryException(code: HY000): SQLSTATE[HY000]: General error: 1 no such table: cache (Connection: sqlite, Database: D:\\josej\\Documents\\Proyectos\\ExamenDeGrado\\C#\\php\\ugb\\database\\database.sqlite, SQL: select * from \"cache\" where \"key\" in (laravel-cache-illuminate:queues:paused, laravel-cache-illuminate:queue:paused:database:default)) at D:/josej/Documents/Proyectos/ExamenDeGrado/C#/php/ugb/vendor/laravel/framework/src/Illuminate/Database/Connection.php:857)
[stacktrace]
#0 D:/josej/Documents/Proyectos/ExamenDeGrado/C#/php/ugb/vendor/laravel/framework/src/Illuminate/Database/Connection.php(813): Illuminate/Database/Connection->runQueryCallback('select * from \"...', Array, Object(Closure))
#1 D:/josej/Documents/Proyectos/ExamenDeGrado/C#/php/ugb/vendor/laravel/framework/src/Illuminate/Database/Connection.php(426): Illuminate/Database/Connection->run('select * from \"...', Array, Object(Closure))
#2 D:/josej/Documents/Proyectos/ExamenDeGrado/C#/php/ugb/vendor/laravel/framework/src/Illuminate/Database/Query/Builder.php(3573): Illuminate/Database/Connection->select('select * from \"...', Array, true, Array)
#3 D:/josej/Documents/Proyectos/ExamenDeGrado/C#/php/ugb/vendor/laravel/framework/src/Illuminate/Database/Query/Builder.php(3557): Illuminate/Database/Query/Builder->runSelect()
#4 D:/josej/Documents/Proyectos/ExamenDeGrado/C#/php/ugb/vendor/laravel/framework/src/Illuminate/Cache/DatabaseStore.php(142): Illuminate/Database/Query/Builder->get()
#5 D:/josej/Documents/Proyectos/ExamenDeGrado/C#/php/ugb/vendor/laravel/framework/src/Illuminate/Cache/Repository.php(167): Illuminate/Cache/DatabaseStore->many(Array)
#6 D:/josej/Documents/Proyectos/ExamenDeGrado/C#/php/ugb/vendor/laravel/framework/src/Illuminate/Queue/QueueManager.php(335): Illuminate/Cache/Repository->many(Array)
#7 D:/josej/Documents/Proyectos/ExamenDeGrado/C#/php/ugb/vendor/laravel/framework/src/Illuminate/Queue/Worker.php(489): Illuminate/Queue/QueueManager->getPausedQueues('database', Array)
#8 D:/josej/Documents/Proyectos/ExamenDeGrado/C#/php/ugb/vendor/laravel/framework/src/Illuminate/Queue/Worker.php(450): Illuminate/Queue/Worker->getPausedQueues('database', Array)
#9 D:/josej/Documents/Proyectos/ExamenDeGrado/C#/php/ugb/vendor/laravel/framework/src/Illuminate/Queue/Worker.php(410): Illuminate/Queue/Worker->getNextJob(Object(Illuminate/Queue/DatabaseQueue), 'default')
#10 D:/josej/Documents/Proyectos/ExamenDeGrado/C#/php/ugb/vendor/laravel/framework/src/Illuminate/Queue/Console/WorkCommand.php(149): Illuminate/Queue/Worker->runNextJob('database', 'default', Object(Illuminate/Queue/WorkerOptions))
#11 D:/josej/Documents/Proyectos/ExamenDeGrado/C#/php/ugb/vendor/laravel/framework/src/Illuminate/Queue/Console/WorkCommand.php(132): Illuminate/Queue/Console/WorkCommand->runWorker('database', 'default')
#12 D:/josej/Documents/Proyectos/ExamenDeGrado/C#/php/ugb/vendor/laravel/framework/src/Illuminate/Container/BoundMethod.php(36): Illuminate/Queue/Console/WorkCommand->handle()
#13 D:/josej/Documents/Proyectos/ExamenDeGrado/C#/php/ugb/vendor/laravel/framework/src/Illuminate/Container/Util.php(43): Illuminate/Container/BoundMethod::{closure:Illuminate/Container/BoundMethod::call():35}()
#14 D:/josej/Documents/Proyectos/ExamenDeGrado/C#/php/ugb/vendor/laravel/framework/src/Illuminate/Container/BoundMethod.php(96): Illuminate/Container/Util::unwrapIfClosure(Object(Closure))
#15 D:/josej/Documents/Proyectos/ExamenDeGrado/C#/php/ugb/vendor/laravel/framework/src/Illuminate/Container/BoundMethod.php(35): Illuminate/Container/BoundMethod::callBoundMethod(Object(Illuminate/Foundation/Application), Array, Object(Closure))
#16 D:/josej/Documents/Proyectos/ExamenDeGrado/C#/php/ugb/vendor/laravel/framework/src/Illuminate/Container/Container.php(801): Illuminate/Container/BoundMethod::call(Object(Illuminate/Foundation/Application), Array, Array, NULL)
#17 D:/josej/Documents/Proyectos/ExamenDeGrado/C#/php/ugb/vendor/laravel/framework/src/Illuminate/Console/Command.php(292): Illuminate/Container/Container->call(Array)
#18 D:/josej/Documents/Proyectos/ExamenDeGrado/C#/php/ugb/vendor/symfony/console/Command/Command.php(284): Illuminate/Console/Command->execute(Object(Symfony/Component/Console/Input/ArgvInput), Object(Illuminate/Console/OutputStyle))
#19 D:/josej/Documents/Proyectos/ExamenDeGrado/C#/php/ugb/vendor/laravel/framework/src/Illuminate/Console/Command.php(261): Symfony/Component/Console/Command/Command->run(Object(Symfony/Component/Console/Input/ArgvInput), Object(Illuminate/Console/OutputStyle))
#20 D:/josej/Documents/Proyectos/ExamenDeGrado/C#/php/ugb/vendor/symfony/console/Application.php(1144): Illuminate/Console/Command->run(Object(Symfony/Component/Console/Input/ArgvInput), Object(Symfony/Component/Console/Output/ConsoleOutput))
#21 D:/josej/Documents/Proyectos/ExamenDeGrado/C#/php/ugb/vendor/symfony/console/Application.php(379): Symfony/Component/Console/Application->doRunCommand(Object(Illuminate/Queue/Console/WorkCommand), Object(Symfony/Component/Console/Input/ArgvInput), Object(Symfony/Component/Console/Output/ConsoleOutput))
#22 D:/josej/Documents/Proyectos/ExamenDeGrado/C#/php/ugb/vendor/symfony/console/Application.php(218): Symfony/Component/Console/Application->doRun(Object(Symfony/Component/Console/Input/ArgvInput), Object(Symfony/Component/Console/Output/ConsoleOutput))
#23 D:/josej/Documents/Proyectos/ExamenDeGrado/C#/php/ugb/vendor/laravel/framework/src/Illuminate/Foundation/Console/Kernel.php(198): Symfony/Component/Console/Application->run(Object(Symfony/Component/Console/Input/ArgvInput), Object(Symfony/Component/Console/Output/ConsoleOutput))
#24 D:/josej/Documents/Proyectos/ExamenDeGrado/C#/php/ugb/vendor/laravel/framework/src/Illuminate/Foundation/Application.php(1242): Illuminate/Foundation/Console/Kernel->handle(Object(Symfony/Component/Console/Input/ArgvInput), Object(Symfony/Component/Console/Output/ConsoleOutput))
#25 D:/josej/Documents/Proyectos/ExamenDeGrado/C#/php/ugb/artisan(16): Illuminate/Foundation/Application->handleCommand(Object(Symfony/Component/Console/Input/ArgvInput))
#26 {main}

[previous exception] [object] (PDOException(code: HY000): SQLSTATE[HY000]: General error: 1 no such table: cache at D:/josej/Documents/Proyectos/ExamenDeGrado/C#/php/ugb/vendor/laravel/framework/src/Illuminate/Database/Connection.php:435)
[stacktrace]
#0 D:/josej/Documents/Proyectos/ExamenDeGrado/C#/php/ugb/vendor/laravel/framework/src/Illuminate/Database/Connection.php(435): PDO->prepare('select * from \"...')
#1 D:/josej/Documents/Proyectos/ExamenDeGrado/C#/php/ugb/vendor/laravel/framework/src/Illuminate/Database/Connection.php(846): Illuminate/Database/Connection->{closure:Illuminate/Database/Connection::select():426}('select * from \"...', Array)
#2 D:/josej/Documents/Proyectos/ExamenDeGrado/C#/php/ugb/vendor/laravel/framework/src/Illuminate/Database/Connection.php(813): Illuminate/Database/Connection->runQueryCallback('select * from \"...', Array, Object(Closure))
#3 D:/josej/Documents/Proyectos/ExamenDeGrado/C#/php/ugb/vendor/laravel/framework/src/Illuminate/Database/Connection.php(426): Illuminate/Database/Connection->run('select * from \"...', Array, Object(Closure))
#4 D:/josej/Documents/Proyectos/ExamenDeGrado/C#/php/ugb/vendor/laravel/framework/src/Illuminate/Database/Query/Builder.php(3573): Illuminate/Database/Connection->select('select * from \"...', Array, true, Array)
#5 D:/josej/Documents/Proyectos/ExamenDeGrado/C#/php/ugb/vendor/laravel/framework/src/Illuminate/Database/Query/Builder.php(3557): Illuminate/Database/Query/Builder->runSelect()
#6 D:/josej/Documents/Proyectos/ExamenDeGrado/C#/php/ugb/vendor/laravel/framework/src/Illuminate/Cache/DatabaseStore.php(142): Illuminate/Database/Query/Builder->get()
#7 D:/josej/Documents/Proyectos/ExamenDeGrado/C#/php/ugb/vendor/laravel/framework/src/Illuminate/Cache/Repository.php(167): Illuminate/Cache/DatabaseStore->many(Array)
#8 D:/josej/Documents/Proyectos/ExamenDeGrado/C#/php/ugb/vendor/laravel/framework/src/Illuminate/Queue/QueueManager.php(335): Illuminate/Cache/Repository->many(Array)
#9 D:/josej/Documents/Proyectos/ExamenDeGrado/C#/php/ugb/vendor/laravel/framework/src/Illuminate/Queue/Worker.php(489): Illuminate/Queue/QueueManager->getPausedQueues('database', Array)
#10 D:/josej/Documents/Proyectos/ExamenDeGrado/C#/php/ugb/vendor/laravel/framework/src/Illuminate/Queue/Worker.php(450): Illuminate/Queue/Worker->getPausedQueues('database', Array)
#11 D:/josej/Documents/Proyectos/ExamenDeGrado/C#/php/ugb/vendor/laravel/framework/src/Illuminate/Queue/Worker.php(410): Illuminate/Queue/Worker->getNextJob(Object(Illuminate/Queue/DatabaseQueue), 'default')
#12 D:/josej/Documents/Proyectos/ExamenDeGrado/C#/php/ugb/vendor/laravel/framework/src/Illuminate/Queue/Console/WorkCommand.php(149): Illuminate/Queue/Worker->runNextJob('database', 'default', Object(Illuminate/Queue/WorkerOptions))
#13 D:/josej/Documents/Proyectos/ExamenDeGrado/C#/php/ugb/vendor/laravel/framework/src/Illuminate/Queue/Console/WorkCommand.php(132): Illuminate/Queue/Console/WorkCommand->runWorker('database', 'default')
#14 D:/josej/Documents/Proyectos/ExamenDeGrado/C#/php/ugb/vendor/laravel/framework/src/Illuminate/Container/BoundMethod.php(36): Illuminate/Queue/Console/WorkCommand->handle()
#15 D:/josej/Documents/Proyectos/ExamenDeGrado/C#/php/ugb/vendor/laravel/framework/src/Illuminate/Container/Util.php(43): Illuminate/Container/BoundMethod::{closure:Illuminate/Container/BoundMethod::call():35}()
#16 D:/josej/Documents/Proyectos/ExamenDeGrado/C#/php/ugb/vendor/laravel/framework/src/Illuminate/Container/BoundMethod.php(96): Illuminate/Container/Util::unwrapIfClosure(Object(Closure))
#17 D:/josej/Documents/Proyectos/ExamenDeGrado/C#/php/ugb/vendor/laravel/framework/src/Illuminate/Container/BoundMethod.php(35): Illuminate/Container/BoundMethod::callBoundMethod(Object(Illuminate/Foundation/Application), Array, Object(Closure))
#18 D:/josej/Documents/Proyectos/ExamenDeGrado/C#/php/ugb/vendor/laravel/framework/src/Illuminate/Container/Container.php(801): Illuminate/Container/BoundMethod::call(Object(Illuminate/Foundation/Application), Array, Array, NULL)
#19 D:/josej/Documents/Proyectos/ExamenDeGrado/C#/php/ugb/vendor/laravel/framework/src/Illuminate/Console/Command.php(292): Illuminate/Container/Container->call(Array)
#20 D:/josej/Documents/Proyectos/ExamenDeGrado/C#/php/ugb/vendor/symfony/console/Command/Command.php(284): Illuminate/Console/Command->execute(Object(Symfony/Component/Console/Input/ArgvInput), Object(Illuminate/Console/OutputStyle))
#21 D:/josej/Documents/Proyectos/ExamenDeGrado/C#/php/ugb/vendor/laravel/framework/src/Illuminate/Console/Command.php(261): Symfony/Component/Console/Command/Command->run(Object(Symfony/Component/Console/Input/ArgvInput), Object(Illuminate/Console/OutputStyle))
#22 D:/josej/Documents/Proyectos/ExamenDeGrado/C#/php/ugb/vendor/symfony/console/Application.php(1144): Illuminate/Console/Command->run(Object(Symfony/Component/Console/Input/ArgvInput), Object(Symfony/Component/Console/Output/ConsoleOutput))
#23 D:/josej/Documents/Proyectos/ExamenDeGrado/C#/php/ugb/vendor/symfony/console/Application.php(379): Symfony/Component/Console/Application->doRunCommand(Object(Illuminate/Queue/Console/WorkCommand), Object(Symfony/Component/Console/Input/ArgvInput), Object(Symfony/Component/Console/Output/ConsoleOutput))
#24 D:/josej/Documents/Proyectos/ExamenDeGrado/C#/php/ugb/vendor/symfony/console/Application.php(218): Symfony/Component/Console/Application->doRun(Object(Symfony/Component/Console/Input/ArgvInput), Object(Symfony/Component/Console/Output/ConsoleOutput))
#25 D:/josej/Documents/Proyectos/ExamenDeGrado/C#/php/ugb/vendor/laravel/framework/src/Illuminate/Foundation/Console/Kernel.php(198): Symfony/Component/Console/Application->run(Object(Symfony/Component/Console/Input/ArgvInput), Object(Symfony/Component/Console/Output/ConsoleOutput))
#26 D:/josej/Documents/Proyectos/ExamenDeGrado/C#/php/ugb/vendor/laravel/framework/src/Illuminate/Foundation/Application.php(1242): Illuminate/Foundation/Console/Kernel->handle(Object(Symfony/Component/Console/Input/ArgvInput), Object(Symfony/Component/Console/Output/ConsoleOutput))
#27 D:/josej/Documents/Proyectos/ExamenDeGrado/C#/php/ugb/artisan(16): Illuminate/Foundation/Application->handleCommand(Object(Symfony/Component/Console/Input/ArgvInput))
#28 {main}
"} 
[2026-08-17 01:42:34] local.ERROR: SQLSTATE[HY000]: General error: 1 no such table: cache (Connection: sqlite, Database: D:\josej\Documents\Proyectos\ExamenDeGrado\C#\php\ugb\database\database.sqlite, SQL: select * from "cache" where "key" in (laravel-cache-illuminate:queues:paused, laravel-cache-illuminate:queue:paused:database:default)) {"exception":"[object] (Illuminate\\Database\\QueryException(code: HY000): SQLSTATE[HY000]: General error: 1 no such table: cache (Connection: sqlite, Database: D:\\josej\\Documents\\Proyectos\\ExamenDeGrado\\C#\\php\\ugb\\database\\database.sqlite, SQL: select * from \"cache\" where \"key\" in (laravel-cache-illuminate:queues:paused, laravel-cache-illuminate:queue:paused:database:default)) at D:/josej/Documents/Proyectos/ExamenDeGrado/C#/php/ugb/vendor/laravel/framework/src/Illuminate/Database/Connection.php:857)
[stacktrace]
#0 D:/josej/Documents/Proyectos/ExamenDeGrado/C#/php/ugb/vendor/laravel/framework/src/Illuminate/Database/Connection.php(813): Illuminate/Database/Connection->runQueryCallback('select * from \"...', Array, Object(Closure))
#1 D:/josej/Documents/Proyectos/ExamenDeGrado/C#/php/ugb/vendor/laravel/framework/src/Illuminate/Database/Connection.php(426): Illuminate/Database/Connection->run('select * from \"...', Array, Object(Closure))
#2 D:/josej/Documents/Proyectos/ExamenDeGrado/C#/php/ugb/vendor/laravel/framework/src/Illuminate/Database/Query/Builder.php(3573): Illuminate/Database/Connection->select('select * from \"...', Array, true, Array)
#3 D:/josej/Documents/Proyectos/ExamenDeGrado/C#/php/ugb/vendor/laravel/framework/src/Illuminate/Database/Query/Builder.php(3557): Illuminate/Database/Query/Builder->runSelect()
#4 D:/josej/Documents/Proyectos/ExamenDeGrado/C#/php/ugb/vendor/laravel/framework/src/Illuminate/Cache/DatabaseStore.php(142): Illuminate/Database/Query/Builder->get()
#5 D:/josej/Documents/Proyectos/ExamenDeGrado/C#/php/ugb/vendor/laravel/framework/src/Illuminate/Cache/Repository.php(167): Illuminate/Cache/DatabaseStore->many(Array)
#6 D:/josej/Documents/Proyectos/ExamenDeGrado/C#/php/ugb/vendor/laravel/framework/src/Illuminate/Queue/QueueManager.php(335): Illuminate/Cache/Repository->many(Array)
#7 D:/josej/Documents/Proyectos/ExamenDeGrado/C#/php/ugb/vendor/laravel/framework/src/Illuminate/Queue/Worker.php(489): Illuminate/Queue/QueueManager->getPausedQueues('database', Array)
#8 D:/josej/Documents/Proyectos/ExamenDeGrado/C#/php/ugb/vendor/laravel/framework/src/Illuminate/Queue/Worker.php(450): Illuminate/Queue/Worker->getPausedQueues('database', Array)
#9 D:/josej/Documents/Proyectos/ExamenDeGrado/C#/php/ugb/vendor/laravel/framework/src/Illuminate/Queue/Worker.php(410): Illuminate/Queue/Worker->getNextJob(Object(Illuminate/Queue/DatabaseQueue), 'default')
#10 D:/josej/Documents/Proyectos/ExamenDeGrado/C#/php/ugb/vendor/laravel/framework/src/Illuminate/Queue/Console/WorkCommand.php(149): Illuminate/Queue/Worker->runNextJob('database', 'default', Object(Illuminate/Queue/WorkerOptions))
#11 D:/josej/Documents/Proyectos/ExamenDeGrado/C#/php/ugb/vendor/laravel/framework/src/Illuminate/Queue/Console/WorkCommand.php(132): Illuminate/Queue/Console/WorkCommand->runWorker('database', 'default')
#12 D:/josej/Documents/Proyectos/ExamenDeGrado/C#/php/ugb/vendor/laravel/framework/src/Illuminate/Container/BoundMethod.php(36): Illuminate/Queue/Console/WorkCommand->handle()
#13 D:/josej/Documents/Proyectos/ExamenDeGrado/C#/php/ugb/vendor/laravel/framework/src/Illuminate/Container/Util.php(43): Illuminate/Container/BoundMethod::{closure:Illuminate/Container/BoundMethod::call():35}()
#14 D:/josej/Documents/Proyectos/ExamenDeGrado/C#/php/ugb/vendor/laravel/framework/src/Illuminate/Container/BoundMethod.php(96): Illuminate/Container/Util::unwrapIfClosure(Object(Closure))
#15 D:/josej/Documents/Proyectos/ExamenDeGrado/C#/php/ugb/vendor/laravel/framework/src/Illuminate/Container/BoundMethod.php(35): Illuminate/Container/BoundMethod::callBoundMethod(Object(Illuminate/Foundation/Application), Array, Object(Closure))
#16 D:/josej/Documents/Proyectos/ExamenDeGrado/C#/php/ugb/vendor/laravel/framework/src/Illuminate/Container/Container.php(801): Illuminate/Container/BoundMethod::call(Object(Illuminate/Foundation/Application), Array, Array, NULL)
#17 D:/josej/Documents/Proyectos/ExamenDeGrado/C#/php/ugb/vendor/laravel/framework/src/Illuminate/Console/Command.php(292): Illuminate/Container/Container->call(Array)
#18 D:/josej/Documents/Proyectos/ExamenDeGrado/C#/php/ugb/vendor/symfony/console/Command/Command.php(284): Illuminate/Console/Command->execute(Object(Symfony/Component/Console/Input/ArgvInput), Object(Illuminate/Console/OutputStyle))
#19 D:/josej/Documents/Proyectos/ExamenDeGrado/C#/php/ugb/vendor/laravel/framework/src/Illuminate/Console/Command.php(261): Symfony/Component/Console/Command/Command->run(Object(Symfony/Component/Console/Input/ArgvInput), Object(Illuminate/Console/OutputStyle))
#20 D:/josej/Documents/Proyectos/ExamenDeGrado/C#/php/ugb/vendor/symfony/console/Application.php(1144): Illuminate/Console/Command->run(Object(Symfony/Component/Console/Input/ArgvInput), Object(Symfony/Component/Console/Output/ConsoleOutput))
#21 D:/josej/Documents/Proyectos/ExamenDeGrado/C#/php/ugb/vendor/symfony/console/Application.php(379): Symfony/Component/Console/Application->doRunCommand(Object(Illuminate/Queue/Console/WorkCommand), Object(Symfony/Component/Console/Input/ArgvInput), Object(Symfony/Component/Console/Output/ConsoleOutput))
#22 D:/josej/Documents/Proyectos/ExamenDeGrado/C#/php/ugb/vendor/symfony/console/Application.php(218): Symfony/Component/Console/Application->doRun(Object(Symfony/Component/Console/Input/ArgvInput), Object(Symfony/Component/Console/Output/ConsoleOutput))
#23 D:/josej/Documents/Proyectos/ExamenDeGrado/C#/php/ugb/vendor/laravel/framework/src/Illuminate/Foundation/Console/Kernel.php(198): Symfony/Component/Console/Application->run(Object(Symfony/Component/Console/Input/ArgvInput), Object(Symfony/Component/Console/Output/ConsoleOutput))
#24 D:/josej/Documents/Proyectos/ExamenDeGrado/C#/php/ugb/vendor/laravel/framework/src/Illuminate/Foundation/Application.php(1242): Illuminate/Foundation/Console/Kernel->handle(Object(Symfony/Component/Console/Input/ArgvInput), Object(Symfony/Component/Console/Output/ConsoleOutput))
#25 D:/josej/Documents/Proyectos/ExamenDeGrado/C#/php/ugb/artisan(16): Illuminate/Foundation/Application->handleCommand(Object(Symfony/Component/Console/Input/ArgvInput))
#26 {main}

[previous exception] [object] (PDOException(code: HY000): SQLSTATE[HY000]: General error: 1 no such table: cache at D:/josej/Documents/Proyectos/ExamenDeGrado/C#/php/ugb/vendor/laravel/framework/src/Illuminate/Database/Connection.php:435)
[stacktrace]
#0 D:/josej/Documents/Proyectos/ExamenDeGrado/C#/php/ugb/vendor/laravel/framework/src/Illuminate/Database/Connection.php(435): PDO->prepare('select * from \"...')
#1 D:/josej/Documents/Proyectos/ExamenDeGrado/C#/php/ugb/vendor/laravel/framework/src/Illuminate/Database/Connection.php(846): Illuminate/Database/Connection->{closure:Illuminate/Database/Connection::select():426}('select * from \"...', Array)
#2 D:/josej/Documents/Proyectos/ExamenDeGrado/C#/php/ugb/vendor/laravel/framework/src/Illuminate/Database/Connection.php(813): Illuminate/Database/Connection->runQueryCallback('select * from \"...', Array, Object(Closure))
#3 D:/josej/Documents/Proyectos/ExamenDeGrado/C#/php/ugb/vendor/laravel/framework/src/Illuminate/Database/Connection.php(426): Illuminate/Database/Connection->run('select * from \"...', Array, Object(Closure))
#4 D:/josej/Documents/Proyectos/ExamenDeGrado/C#/php/ugb/vendor/laravel/framework/src/Illuminate/Database/Query/Builder.php(3573): Illuminate/Database/Connection->select('select * from \"...', Array, true, Array)
#5 D:/josej/Documents/Proyectos/ExamenDeGrado/C#/php/ugb/vendor/laravel/framework/src/Illuminate/Database/Query/Builder.php(3557): Illuminate/Database/Query/Builder->runSelect()
#6 D:/josej/Documents/Proyectos/ExamenDeGrado/C#/php/ugb/vendor/laravel/framework/src/Illuminate/Cache/DatabaseStore.php(142): Illuminate/Database/Query/Builder->get()
#7 D:/josej/Documents/Proyectos/ExamenDeGrado/C#/php/ugb/vendor/laravel/framework/src/Illuminate/Cache/Repository.php(167): Illuminate/Cache/DatabaseStore->many(Array)
#8 D:/josej/Documents/Proyectos/ExamenDeGrado/C#/php/ugb/vendor/laravel/framework/src/Illuminate/Queue/QueueManager.php(335): Illuminate/Cache/Repository->many(Array)
#9 D:/josej/Documents/Proyectos/ExamenDeGrado/C#/php/ugb/vendor/laravel/framework/src/Illuminate/Queue/Worker.php(489): Illuminate/Queue/QueueManager->getPausedQueues('database', Array)
#10 D:/josej/Documents/Proyectos/ExamenDeGrado/C#/php/ugb/vendor/laravel/framework/src/Illuminate/Queue/Worker.php(450): Illuminate/Queue/Worker->getPausedQueues('database', Array)
#11 D:/josej/Documents/Proyectos/ExamenDeGrado/C#/php/ugb/vendor/laravel/framework/src/Illuminate/Queue/Worker.php(410): Illuminate/Queue/Worker->getNextJob(Object(Illuminate/Queue/DatabaseQueue), 'default')
#12 D:/josej/Documents/Proyectos/ExamenDeGrado/C#/php/ugb/vendor/laravel/framework/src/Illuminate/Queue/Console/WorkCommand.php(149): Illuminate/Queue/Worker->runNextJob('database', 'default', Object(Illuminate/Queue/WorkerOptions))
#13 D:/josej/Documents/Proyectos/ExamenDeGrado/C#/php/ugb/vendor/laravel/framework/src/Illuminate/Queue/Console/WorkCommand.php(132): Illuminate/Queue/Console/WorkCommand->runWorker('database', 'default')
#14 D:/josej/Documents/Proyectos/ExamenDeGrado/C#/php/ugb/vendor/laravel/framework/src/Illuminate/Container/BoundMethod.php(36): Illuminate/Queue/Console/WorkCommand->handle()
#15 D:/josej/Documents/Proyectos/ExamenDeGrado/C#/php/ugb/vendor/laravel/framework/src/Illuminate/Container/Util.php(43): Illuminate/Container/BoundMethod::{closure:Illuminate/Container/BoundMethod::call():35}()
#16 D:/josej/Documents/Proyectos/ExamenDeGrado/C#/php/ugb/vendor/laravel/framework/src/Illuminate/Container/BoundMethod.php(96): Illuminate/Container/Util::unwrapIfClosure(Object(Closure))
#17 D:/josej/Documents/Proyectos/ExamenDeGrado/C#/php/ugb/vendor/laravel/framework/src/Illuminate/Container/BoundMethod.php(35): Illuminate/Container/BoundMethod::callBoundMethod(Object(Illuminate/Foundation/Application), Array, Object(Closure))
#18 D:/josej/Documents/Proyectos/ExamenDeGrado/C#/php/ugb/vendor/laravel/framework/src/Illuminate/Container/Container.php(801): Illuminate/Container/BoundMethod::call(Object(Illuminate/Foundation/Application), Array, Array, NULL)
#19 D:/josej/Documents/Proyectos/ExamenDeGrado/C#/php/ugb/vendor/laravel/framework/src/Illuminate/Console/Command.php(292): Illuminate/Container/Container->call(Array)
#20 D:/josej/Documents/Proyectos/ExamenDeGrado/C#/php/ugb/vendor/symfony/console/Command/Command.php(284): Illuminate/Console/Command->execute(Object(Symfony/Component/Console/Input/ArgvInput), Object(Illuminate/Console/OutputStyle))
#21 D:/josej/Documents/Proyectos/ExamenDeGrado/C#/php/ugb/vendor/laravel/framework/src/Illuminate/Console/Command.php(261): Symfony/Component/Console/Command/Command->run(Object(Symfony/Component/Console/Input/ArgvInput), Object(Illuminate/Console/OutputStyle))
#22 D:/josej/Documents/Proyectos/ExamenDeGrado/C#/php/ugb/vendor/symfony/console/Application.php(1144): Illuminate/Console/Command->run(Object(Symfony/Component/Console/Input/ArgvInput), Object(Symfony/Component/Console/Output/ConsoleOutput))
#23 D:/josej/Documents/Proyectos/ExamenDeGrado/C#/php/ugb/vendor/symfony/console/Application.php(379): Symfony/Component/Console/Application->doRunCommand(Object(Illuminate/Queue/Console/WorkCommand), Object(Symfony/Component/Console/Input/ArgvInput), Object(Symfony/Component/Console/Output/ConsoleOutput))
#24 D:/josej/Documents/Proyectos/ExamenDeGrado/C#/php/ugb/vendor/symfony/console/Application.php(218): Symfony/Component/Console/Application->doRun(Object(Symfony/Component/Console/Input/ArgvInput), Object(Symfony/Component/Console/Output/ConsoleOutput))
#25 D:/josej/Documents/Proyectos/ExamenDeGrado/C#/php/ugb/vendor/laravel/framework/src/Illuminate/Foundation/Console/Kernel.php(198): Symfony/Component/Console/Application->run(Object(Symfony/Component/Console/Input/ArgvInput), Object(Symfony/Component/Console/Output/ConsoleOutput))
#26 D:/josej/Documents/Proyectos/ExamenDeGrado/C#/php/ugb/vendor/laravel/framework/src/Illuminate/Foundation/Application.php(1242): Illuminate/Foundation/Console/Kernel->handle(Object(Symfony/Component/Console/Input/ArgvInput), Object(Symfony/Component/Console/Output/ConsoleOutput))
#27 D:/josej/Documents/Proyectos/ExamenDeGrado/C#/php/ugb/artisan(16): Illuminate/Foundation/Application->handleCommand(Object(Symfony/Component/Console/Input/ArgvInput))
#28 {main}
"} 
[2026-08-17 01:44:06] local.ERROR: SQLSTATE[HY000]: General error: 1 no such table: cache (Connection: sqlite, Database: D:\josej\Documents\Proyectos\ExamenDeGrado\C#\php\ugb\database\database.sqlite, SQL: select * from "cache" where "key" in (laravel-cache-illuminate:queues:paused, laravel-cache-illuminate:queue:paused:database:default)) {"exception":"[object] (Illuminate\\Database\\QueryException(code: HY000): SQLSTATE[HY000]: General error: 1 no such table: cache (Connection: sqlite, Database: D:\\josej\\Documents\\Proyectos\\ExamenDeGrado\\C#\\php\\ugb\\database\\database.sqlite, SQL: select * from \"cache\" where \"key\" in (laravel-cache-illuminate:queues:paused, laravel-cache-illuminate:queue:paused:database:default)) at D:/josej/Documents/Proyectos/ExamenDeGrado/C#/php/ugb/vendor/laravel/framework/src/Illuminate/Database/Connection.php:857)
[stacktrace]
#0 D:/josej/Documents/Proyectos/ExamenDeGrado/C#/php/ugb/vendor/laravel/framework/src/Illuminate/Database/Connection.php(813): Illuminate/Database/Connection->runQueryCallback('select * from \"...', Array, Object(Closure))
#1 D:/josej/Documents/Proyectos/ExamenDeGrado/C#/php/ugb/vendor/laravel/framework/src/Illuminate/Database/Connection.php(426): Illuminate/Database/Connection->run('select * from \"...', Array, Object(Closure))
#2 D:/josej/Documents/Proyectos/ExamenDeGrado/C#/php/ugb/vendor/laravel/framework/src/Illuminate/Database/Query/Builder.php(3573): Illuminate/Database/Connection->select('select * from \"...', Array, true, Array)
#3 D:/josej/Documents/Proyectos/ExamenDeGrado/C#/php/ugb/vendor/laravel/framework/src/Illuminate/Database/Query/Builder.php(3557): Illuminate/Database/Query/Builder->runSelect()
#4 D:/josej/Documents/Proyectos/ExamenDeGrado/C#/php/ugb/vendor/laravel/framework/src/Illuminate/Cache/DatabaseStore.php(142): Illuminate/Database/Query/Builder->get()
#5 D:/josej/Documents/Proyectos/ExamenDeGrado/C#/php/ugb/vendor/laravel/framework/src/Illuminate/Cache/Repository.php(167): Illuminate/Cache/DatabaseStore->many(Array)
#6 D:/josej/Documents/Proyectos/ExamenDeGrado/C#/php/ugb/vendor/laravel/framework/src/Illuminate/Queue/QueueManager.php(335): Illuminate/Cache/Repository->many(Array)
#7 D:/josej/Documents/Proyectos/ExamenDeGrado/C#/php/ugb/vendor/laravel/framework/src/Illuminate/Queue/Worker.php(489): Illuminate/Queue/QueueManager->getPausedQueues('database', Array)
#8 D:/josej/Documents/Proyectos/ExamenDeGrado/C#/php/ugb/vendor/laravel/framework/src/Illuminate/Queue/Worker.php(450): Illuminate/Queue/Worker->getPausedQueues('database', Array)
#9 D:/josej/Documents/Proyectos/ExamenDeGrado/C#/php/ugb/vendor/laravel/framework/src/Illuminate/Queue/Worker.php(410): Illuminate/Queue/Worker->getNextJob(Object(Illuminate/Queue/DatabaseQueue), 'default')
#10 D:/josej/Documents/Proyectos/ExamenDeGrado/C#/php/ugb/vendor/laravel/framework/src/Illuminate/Queue/Console/WorkCommand.php(149): Illuminate/Queue/Worker->runNextJob('database', 'default', Object(Illuminate/Queue/WorkerOptions))
#11 D:/josej/Documents/Proyectos/ExamenDeGrado/C#/php/ugb/vendor/laravel/framework/src/Illuminate/Queue/Console/WorkCommand.php(132): Illuminate/Queue/Console/WorkCommand->runWorker('database', 'default')
#12 D:/josej/Documents/Proyectos/ExamenDeGrado/C#/php/ugb/vendor/laravel/framework/src/Illuminate/Container/BoundMethod.php(36): Illuminate/Queue/Console/WorkCommand->handle()
#13 D:/josej/Documents/Proyectos/ExamenDeGrado/C#/php/ugb/vendor/laravel/framework/src/Illuminate/Container/Util.php(43): Illuminate/Container/BoundMethod::{closure:Illuminate/Container/BoundMethod::call():35}()
#14 D:/josej/Documents/Proyectos/ExamenDeGrado/C#/php/ugb/vendor/laravel/framework/src/Illuminate/Container/BoundMethod.php(96): Illuminate/Container/Util::unwrapIfClosure(Object(Closure))
#15 D:/josej/Documents/Proyectos/ExamenDeGrado/C#/php/ugb/vendor/laravel/framework/src/Illuminate/Container/BoundMethod.php(35): Illuminate/Container/BoundMethod::callBoundMethod(Object(Illuminate/Foundation/Application), Array, Object(Closure))
#16 D:/josej/Documents/Proyectos/ExamenDeGrado/C#/php/ugb/vendor/laravel/framework/src/Illuminate/Container/Container.php(801): Illuminate/Container/BoundMethod::call(Object(Illuminate/Foundation/Application), Array, Array, NULL)
#17 D:/josej/Documents/Proyectos/ExamenDeGrado/C#/php/ugb/vendor/laravel/framework/src/Illuminate/Console/Command.php(292): Illuminate/Container/Container->call(Array)
#18 D:/josej/Documents/Proyectos/ExamenDeGrado/C#/php/ugb/vendor/symfony/console/Command/Command.php(284): Illuminate/Console/Command->execute(Object(Symfony/Component/Console/Input/ArgvInput), Object(Illuminate/Console/OutputStyle))
#19 D:/josej/Documents/Proyectos/ExamenDeGrado/C#/php/ugb/vendor/laravel/framework/src/Illuminate/Console/Command.php(261): Symfony/Component/Console/Command/Command->run(Object(Symfony/Component/Console/Input/ArgvInput), Object(Illuminate/Console/OutputStyle))
#20 D:/josej/Documents/Proyectos/ExamenDeGrado/C#/php/ugb/vendor/symfony/console/Application.php(1144): Illuminate/Console/Command->run(Object(Symfony/Component/Console/Input/ArgvInput), Object(Symfony/Component/Console/Output/ConsoleOutput))
#21 D:/josej/Documents/Proyectos/ExamenDeGrado/C#/php/ugb/vendor/symfony/console/Application.php(379): Symfony/Component/Console/Application->doRunCommand(Object(Illuminate/Queue/Console/WorkCommand), Object(Symfony/Component/Console/Input/ArgvInput), Object(Symfony/Component/Console/Output/ConsoleOutput))
#22 D:/josej/Documents/Proyectos/ExamenDeGrado/C#/php/ugb/vendor/symfony/console/Application.php(218): Symfony/Component/Console/Application->doRun(Object(Symfony/Component/Console/Input/ArgvInput), Object(Symfony/Component/Console/Output/ConsoleOutput))
#23 D:/josej/Documents/Proyectos/ExamenDeGrado/C#/php/ugb/vendor/laravel/framework/src/Illuminate/Foundation/Console/Kernel.php(198): Symfony/Component/Console/Application->run(Object(Symfony/Component/Console/Input/ArgvInput), Object(Symfony/Component/Console/Output/ConsoleOutput))
#24 D:/josej/Documents/Proyectos/ExamenDeGrado/C#/php/ugb/vendor/laravel/framework/src/Illuminate/Foundation/Application.php(1242): Illuminate/Foundation/Console/Kernel->handle(Object(Symfony/Component/Console/Input/ArgvInput), Object(Symfony/Component/Console/Output/ConsoleOutput))
#25 D:/josej/Documents/Proyectos/ExamenDeGrado/C#/php/ugb/artisan(16): Illuminate/Foundation/Application->handleCommand(Object(Symfony/Component/Console/Input/ArgvInput))
#26 {main}

[previous exception] [object] (PDOException(code: HY000): SQLSTATE[HY000]: General error: 1 no such table: cache at D:/josej/Documents/Proyectos/ExamenDeGrado/C#/php/ugb/vendor/laravel/framework/src/Illuminate/Database/Connection.php:435)
[stacktrace]
#0 D:/josej/Documents/Proyectos/ExamenDeGrado/C#/php/ugb/vendor/laravel/framework/src/Illuminate/Database/Connection.php(435): PDO->prepare('select * from \"...')
#1 D:/josej/Documents/Proyectos/ExamenDeGrado/C#/php/ugb/vendor/laravel/framework/src/Illuminate/Database/Connection.php(846): Illuminate/Database/Connection->{closure:Illuminate/Database/Connection::select():426}('select * from \"...', Array)
#2 D:/josej/Documents/Proyectos/ExamenDeGrado/C#/php/ugb/vendor/laravel/framework/src/Illuminate/Database/Connection.php(813): Illuminate/Database/Connection->runQueryCallback('select * from \"...', Array, Object(Closure))
#3 D:/josej/Documents/Proyectos/ExamenDeGrado/C#/php/ugb/vendor/laravel/framework/src/Illuminate/Database/Connection.php(426): Illuminate/Database/Connection->run('select * from \"...', Array, Object(Closure))
#4 D:/josej/Documents/Proyectos/ExamenDeGrado/C#/php/ugb/vendor/laravel/framework/src/Illuminate/Database/Query/Builder.php(3573): Illuminate/Database/Connection->select('select * from \"...', Array, true, Array)
#5 D:/josej/Documents/Proyectos/ExamenDeGrado/C#/php/ugb/vendor/laravel/framework/src/Illuminate/Database/Query/Builder.php(3557): Illuminate/Database/Query/Builder->runSelect()
#6 D:/josej/Documents/Proyectos/ExamenDeGrado/C#/php/ugb/vendor/laravel/framework/src/Illuminate/Cache/DatabaseStore.php(142): Illuminate/Database/Query/Builder->get()
#7 D:/josej/Documents/Proyectos/ExamenDeGrado/C#/php/ugb/vendor/laravel/framework/src/Illuminate/Cache/Repository.php(167): Illuminate/Cache/DatabaseStore->many(Array)
#8 D:/josej/Documents/Proyectos/ExamenDeGrado/C#/php/ugb/vendor/laravel/framework/src/Illuminate/Queue/QueueManager.php(335): Illuminate/Cache/Repository->many(Array)
#9 D:/josej/Documents/Proyectos/ExamenDeGrado/C#/php/ugb/vendor/laravel/framework/src/Illuminate/Queue/Worker.php(489): Illuminate/Queue/QueueManager->getPausedQueues('database', Array)
#10 D:/josej/Documents/Proyectos/ExamenDeGrado/C#/php/ugb/vendor/laravel/framework/src/Illuminate/Queue/Worker.php(450): Illuminate/Queue/Worker->getPausedQueues('database', Array)
#11 D:/josej/Documents/Proyectos/ExamenDeGrado/C#/php/ugb/vendor/laravel/framework/src/Illuminate/Queue/Worker.php(410): Illuminate/Queue/Worker->getNextJob(Object(Illuminate/Queue/DatabaseQueue), 'default')
#12 D:/josej/Documents/Proyectos/ExamenDeGrado/C#/php/ugb/vendor/laravel/framework/src/Illuminate/Queue/Console/WorkCommand.php(149): Illuminate/Queue/Worker->runNextJob('database', 'default', Object(Illuminate/Queue/WorkerOptions))
#13 D:/josej/Documents/Proyectos/ExamenDeGrado/C#/php/ugb/vendor/laravel/framework/src/Illuminate/Queue/Console/WorkCommand.php(132): Illuminate/Queue/Console/WorkCommand->runWorker('database', 'default')
#14 D:/josej/Documents/Proyectos/ExamenDeGrado/C#/php/ugb/vendor/laravel/framework/src/Illuminate/Container/BoundMethod.php(36): Illuminate/Queue/Console/WorkCommand->handle()
#15 D:/josej/Documents/Proyectos/ExamenDeGrado/C#/php/ugb/vendor/laravel/framework/src/Illuminate/Container/Util.php(43): Illuminate/Container/BoundMethod::{closure:Illuminate/Container/BoundMethod::call():35}()
#16 D:/josej/Documents/Proyectos/ExamenDeGrado/C#/php/ugb/vendor/laravel/framework/src/Illuminate/Container/BoundMethod.php(96): Illuminate/Container/Util::unwrapIfClosure(Object(Closure))
#17 D:/josej/Documents/Proyectos/ExamenDeGrado/C#/php/ugb/vendor/laravel/framework/src/Illuminate/Container/BoundMethod.php(35): Illuminate/Container/BoundMethod::callBoundMethod(Object(Illuminate/Foundation/Application), Array, Object(Closure))
#18 D:/josej/Documents/Proyectos/ExamenDeGrado/C#/php/ugb/vendor/laravel/framework/src/Illuminate/Container/Container.php(801): Illuminate/Container/BoundMethod::call(Object(Illuminate/Foundation/Application), Array, Array, NULL)
#19 D:/josej/Documents/Proyectos/ExamenDeGrado/C#/php/ugb/vendor/laravel/framework/src/Illuminate/Console/Command.php(292): Illuminate/Container/Container->call(Array)
#20 D:/josej/Documents/Proyectos/ExamenDeGrado/C#/php/ugb/vendor/symfony/console/Command/Command.php(284): Illuminate/Console/Command->execute(Object(Symfony/Component/Console/Input/ArgvInput), Object(Illuminate/Console/OutputStyle))
#21 D:/josej/Documents/Proyectos/ExamenDeGrado/C#/php/ugb/vendor/laravel/framework/src/Illuminate/Console/Command.php(261): Symfony/Component/Console/Command/Command->run(Object(Symfony/Component/Console/Input/ArgvInput), Object(Illuminate/Console/OutputStyle))
#22 D:/josej/Documents/Proyectos/ExamenDeGrado/C#/php/ugb/vendor/symfony/console/Application.php(1144): Illuminate/Console/Command->run(Object(Symfony/Component/Console/Input/ArgvInput), Object(Symfony/Component/Console/Output/ConsoleOutput))
#23 D:/josej/Documents/Proyectos/ExamenDeGrado/C#/php/ugb/vendor/symfony/console/Application.php(379): Symfony/Component/Console/Application->doRunCommand(Object(Illuminate/Queue/Console/WorkCommand), Object(Symfony/Component/Console/Input/ArgvInput), Object(Symfony/Component/Console/Output/ConsoleOutput))
#24 D:/josej/Documents/Proyectos/ExamenDeGrado/C#/php/ugb/vendor/symfony/console/Application.php(218): Symfony/Component/Console/Application->doRun(Object(Symfony/Component/Console/Input/ArgvInput), Object(Symfony/Component/Console/Output/ConsoleOutput))
#25 D:/josej/Documents/Proyectos/ExamenDeGrado/C#/php/ugb/vendor/laravel/framework/src/Illuminate/Foundation/Console/Kernel.php(198): Symfony/Component/Console/Application->run(Object(Symfony/Component/Console/Input/ArgvInput), Object(Symfony/Component/Console/Output/ConsoleOutput))
#26 D:/josej/Documents/Proyectos/ExamenDeGrado/C#/php/ugb/vendor/laravel/framework/src/Illuminate/Foundation/Application.php(1242): Illuminate/Foundation/Console/Kernel->handle(Object(Symfony/Component/Console/Input/ArgvInput), Object(Symfony/Component/Console/Output/ConsoleOutput))
#27 D:/josej/Documents/Proyectos/ExamenDeGrado/C#/php/ugb/artisan(16): Illuminate/Foundation/Application->handleCommand(Object(Symfony/Component/Console/Input/ArgvInput))
#28 {main}
"} 
[2026-08-17 01:44:11] local.ERROR: SQLSTATE[HY000]: General error: 1 no such table: cache (Connection: sqlite, Database: D:\josej\Documents\Proyectos\ExamenDeGrado\C#\php\ugb\database\database.sqlite, SQL: select * from "cache" where "key" in (laravel-cache-illuminate:queues:paused, laravel-cache-illuminate:queue:paused:database:default)) {"exception":"[object] (Illuminate\\Database\\QueryException(code: HY000): SQLSTATE[HY000]: General error: 1 no such table: cache (Connection: sqlite, Database: D:\\josej\\Documents\\Proyectos\\ExamenDeGrado\\C#\\php\\ugb\\database\\database.sqlite, SQL: select * from \"cache\" where \"key\" in (laravel-cache-illuminate:queues:paused, laravel-cache-illuminate:queue:paused:database:default)) at D:/josej/Documents/Proyectos/ExamenDeGrado/C#/php/ugb/vendor/laravel/framework/src/Illuminate/Database/Connection.php:857)
[stacktrace]
#0 D:/josej/Documents/Proyectos/ExamenDeGrado/C#/php/ugb/vendor/laravel/framework/src/Illuminate/Database/Connection.php(813): Illuminate/Database/Connection->runQueryCallback('select * from \"...', Array, Object(Closure))
#1 D:/josej/Documents/Proyectos/ExamenDeGrado/C#/php/ugb/vendor/laravel/framework/src/Illuminate/Database/Connection.php(426): Illuminate/Database/Connection->run('select * from \"...', Array, Object(Closure))
#2 D:/josej/Documents/Proyectos/ExamenDeGrado/C#/php/ugb/vendor/laravel/framework/src/Illuminate/Database/Query/Builder.php(3573): Illuminate/Database/Connection->select('select * from \"...', Array, true, Array)
#3 D:/josej/Documents/Proyectos/ExamenDeGrado/C#/php/ugb/vendor/laravel/framework/src/Illuminate/Database/Query/Builder.php(3557): Illuminate/Database/Query/Builder->runSelect()
#4 D:/josej/Documents/Proyectos/ExamenDeGrado/C#/php/ugb/vendor/laravel/framework/src/Illuminate/Cache/DatabaseStore.php(142): Illuminate/Database/Query/Builder->get()
#5 D:/josej/Documents/Proyectos/ExamenDeGrado/C#/php/ugb/vendor/laravel/framework/src/Illuminate/Cache/Repository.php(167): Illuminate/Cache/DatabaseStore->many(Array)
#6 D:/josej/Documents/Proyectos/ExamenDeGrado/C#/php/ugb/vendor/laravel/framework/src/Illuminate/Queue/QueueManager.php(335): Illuminate/Cache/Repository->many(Array)
#7 D:/josej/Documents/Proyectos/ExamenDeGrado/C#/php/ugb/vendor/laravel/framework/src/Illuminate/Queue/Worker.php(489): Illuminate/Queue/QueueManager->getPausedQueues('database', Array)
#8 D:/josej/Documents/Proyectos/ExamenDeGrado/C#/php/ugb/vendor/laravel/framework/src/Illuminate/Queue/Worker.php(450): Illuminate/Queue/Worker->getPausedQueues('database', Array)
#9 D:/josej/Documents/Proyectos/ExamenDeGrado/C#/php/ugb/vendor/laravel/framework/src/Illuminate/Queue/Worker.php(410): Illuminate/Queue/Worker->getNextJob(Object(Illuminate/Queue/DatabaseQueue), 'default')
#10 D:/josej/Documents/Proyectos/ExamenDeGrado/C#/php/ugb/vendor/laravel/framework/src/Illuminate/Queue/Console/WorkCommand.php(149): Illuminate/Queue/Worker->runNextJob('database', 'default', Object(Illuminate/Queue/WorkerOptions))
#11 D:/josej/Documents/Proyectos/ExamenDeGrado/C#/php/ugb/vendor/laravel/framework/src/Illuminate/Queue/Console/WorkCommand.php(132): Illuminate/Queue/Console/WorkCommand->runWorker('database', 'default')
#12 D:/josej/Documents/Proyectos/ExamenDeGrado/C#/php/ugb/vendor/laravel/framework/src/Illuminate/Container/BoundMethod.php(36): Illuminate/Queue/Console/WorkCommand->handle()
#13 D:/josej/Documents/Proyectos/ExamenDeGrado/C#/php/ugb/vendor/laravel/framework/src/Illuminate/Container/Util.php(43): Illuminate/Container/BoundMethod::{closure:Illuminate/Container/BoundMethod::call():35}()
#14 D:/josej/Documents/Proyectos/ExamenDeGrado/C#/php/ugb/vendor/laravel/framework/src/Illuminate/Container/BoundMethod.php(96): Illuminate/Container/Util::unwrapIfClosure(Object(Closure))
#15 D:/josej/Documents/Proyectos/ExamenDeGrado/C#/php/ugb/vendor/laravel/framework/src/Illuminate/Container/BoundMethod.php(35): Illuminate/Container/BoundMethod::callBoundMethod(Object(Illuminate/Foundation/Application), Array, Object(Closure))
#16 D:/josej/Documents/Proyectos/ExamenDeGrado/C#/php/ugb/vendor/laravel/framework/src/Illuminate/Container/Container.php(801): Illuminate/Container/BoundMethod::call(Object(Illuminate/Foundation/Application), Array, Array, NULL)
#17 D:/josej/Documents/Proyectos/ExamenDeGrado/C#/php/ugb/vendor/laravel/framework/src/Illuminate/Console/Command.php(292): Illuminate/Container/Container->call(Array)
#18 D:/josej/Documents/Proyectos/ExamenDeGrado/C#/php/ugb/vendor/symfony/console/Command/Command.php(284): Illuminate/Console/Command->execute(Object(Symfony/Component/Console/Input/ArgvInput), Object(Illuminate/Console/OutputStyle))
#19 D:/josej/Documents/Proyectos/ExamenDeGrado/C#/php/ugb/vendor/laravel/framework/src/Illuminate/Console/Command.php(261): Symfony/Component/Console/Command/Command->run(Object(Symfony/Component/Console/Input/ArgvInput), Object(Illuminate/Console/OutputStyle))
#20 D:/josej/Documents/Proyectos/ExamenDeGrado/C#/php/ugb/vendor/symfony/console/Application.php(1144): Illuminate/Console/Command->run(Object(Symfony/Component/Console/Input/ArgvInput), Object(Symfony/Component/Console/Output/ConsoleOutput))
#21 D:/josej/Documents/Proyectos/ExamenDeGrado/C#/php/ugb/vendor/symfony/console/Application.php(379): Symfony/Component/Console/Application->doRunCommand(Object(Illuminate/Queue/Console/WorkCommand), Object(Symfony/Component/Console/Input/ArgvInput), Object(Symfony/Component/Console/Output/ConsoleOutput))
#22 D:/josej/Documents/Proyectos/ExamenDeGrado/C#/php/ugb/vendor/symfony/console/Application.php(218): Symfony/Component/Console/Application->doRun(Object(Symfony/Component/Console/Input/ArgvInput), Object(Symfony/Component/Console/Output/ConsoleOutput))
#23 D:/josej/Documents/Proyectos/ExamenDeGrado/C#/php/ugb/vendor/laravel/framework/src/Illuminate/Foundation/Console/Kernel.php(198): Symfony/Component/Console/Application->run(Object(Symfony/Component/Console/Input/ArgvInput), Object(Symfony/Component/Console/Output/ConsoleOutput))
#24 D:/josej/Documents/Proyectos/ExamenDeGrado/C#/php/ugb/vendor/laravel/framework/src/Illuminate/Foundation/Application.php(1242): Illuminate/Foundation/Console/Kernel->handle(Object(Symfony/Component/Console/Input/ArgvInput), Object(Symfony/Component/Console/Output/ConsoleOutput))
#25 D:/josej/Documents/Proyectos/ExamenDeGrado/C#/php/ugb/artisan(16): Illuminate/Foundation/Application->handleCommand(Object(Symfony/Component/Console/Input/ArgvInput))
#26 {main}

[previous exception] [object] (PDOException(code: HY000): SQLSTATE[HY000]: General error: 1 no such table: cache at D:/josej/Documents/Proyectos/ExamenDeGrado/C#/php/ugb/vendor/laravel/framework/src/Illuminate/Database/Connection.php:435)
[stacktrace]
#0 D:/josej/Documents/Proyectos/ExamenDeGrado/C#/php/ugb/vendor/laravel/framework/src/Illuminate/Database/Connection.php(435): PDO->prepare('select * from \"...')
#1 D:/josej/Documents/Proyectos/ExamenDeGrado/C#/php/ugb/vendor/laravel/framework/src/Illuminate/Database/Connection.php(846): Illuminate/Database/Connection->{closure:Illuminate/Database/Connection::select():426}('select * from \"...', Array)
#2 D:/josej/Documents/Proyectos/ExamenDeGrado/C#/php/ugb/vendor/laravel/framework/src/Illuminate/Database/Connection.php(813): Illuminate/Database/Connection->runQueryCallback('select * from \"...', Array, Object(Closure))
#3 D:/josej/Documents/Proyectos/ExamenDeGrado/C#/php/ugb/vendor/laravel/framework/src/Illuminate/Database/Connection.php(426): Illuminate/Database/Connection->run('select * from \"...', Array, Object(Closure))
#4 D:/josej/Documents/Proyectos/ExamenDeGrado/C#/php/ugb/vendor/laravel/framework/src/Illuminate/Database/Query/Builder.php(3573): Illuminate/Database/Connection->select('select * from \"...', Array, true, Array)
#5 D:/josej/Documents/Proyectos/ExamenDeGrado/C#/php/ugb/vendor/laravel/framework/src/Illuminate/Database/Query/Builder.php(3557): Illuminate/Database/Query/Builder->runSelect()
#6 D:/josej/Documents/Proyectos/ExamenDeGrado/C#/php/ugb/vendor/laravel/framework/src/Illuminate/Cache/DatabaseStore.php(142): Illuminate/Database/Query/Builder->get()
#7 D:/josej/Documents/Proyectos/ExamenDeGrado/C#/php/ugb/vendor/laravel/framework/src/Illuminate/Cache/Repository.php(167): Illuminate/Cache/DatabaseStore->many(Array)
#8 D:/josej/Documents/Proyectos/ExamenDeGrado/C#/php/ugb/vendor/laravel/framework/src/Illuminate/Queue/QueueManager.php(335): Illuminate/Cache/Repository->many(Array)
#9 D:/josej/Documents/Proyectos/ExamenDeGrado/C#/php/ugb/vendor/laravel/framework/src/Illuminate/Queue/Worker.php(489): Illuminate/Queue/QueueManager->getPausedQueues('database', Array)
#10 D:/josej/Documents/Proyectos/ExamenDeGrado/C#/php/ugb/vendor/laravel/framework/src/Illuminate/Queue/Worker.php(450): Illuminate/Queue/Worker->getPausedQueues('database', Array)
#11 D:/josej/Documents/Proyectos/ExamenDeGrado/C#/php/ugb/vendor/laravel/framework/src/Illuminate/Queue/Worker.php(410): Illuminate/Queue/Worker->getNextJob(Object(Illuminate/Queue/DatabaseQueue), 'default')
#12 D:/josej/Documents/Proyectos/ExamenDeGrado/C#/php/ugb/vendor/laravel/framework/src/Illuminate/Queue/Console/WorkCommand.php(149): Illuminate/Queue/Worker->runNextJob('database', 'default', Object(Illuminate/Queue/WorkerOptions))
#13 D:/josej/Documents/Proyectos/ExamenDeGrado/C#/php/ugb/vendor/laravel/framework/src/Illuminate/Queue/Console/WorkCommand.php(132): Illuminate/Queue/Console/WorkCommand->runWorker('database', 'default')
#14 D:/josej/Documents/Proyectos/ExamenDeGrado/C#/php/ugb/vendor/laravel/framework/src/Illuminate/Container/BoundMethod.php(36): Illuminate/Queue/Console/WorkCommand->handle()
#15 D:/josej/Documents/Proyectos/ExamenDeGrado/C#/php/ugb/vendor/laravel/framework/src/Illuminate/Container/Util.php(43): Illuminate/Container/BoundMethod::{closure:Illuminate/Container/BoundMethod::call():35}()
#16 D:/josej/Documents/Proyectos/ExamenDeGrado/C#/php/ugb/vendor/laravel/framework/src/Illuminate/Container/BoundMethod.php(96): Illuminate/Container/Util::unwrapIfClosure(Object(Closure))
#17 D:/josej/Documents/Proyectos/ExamenDeGrado/C#/php/ugb/vendor/laravel/framework/src/Illuminate/Container/BoundMethod.php(35): Illuminate/Container/BoundMethod::callBoundMethod(Object(Illuminate/Foundation/Application), Array, Object(Closure))
#18 D:/josej/Documents/Proyectos/ExamenDeGrado/C#/php/ugb/vendor/laravel/framework/src/Illuminate/Container/Container.php(801): Illuminate/Container/BoundMethod::call(Object(Illuminate/Foundation/Application), Array, Array, NULL)
#19 D:/josej/Documents/Proyectos/ExamenDeGrado/C#/php/ugb/vendor/laravel/framework/src/Illuminate/Console/Command.php(292): Illuminate/Container/Container->call(Array)
#20 D:/josej/Documents/Proyectos/ExamenDeGrado/C#/php/ugb/vendor/symfony/console/Command/Command.php(284): Illuminate/Console/Command->execute(Object(Symfony/Component/Console/Input/ArgvInput), Object(Illuminate/Console/OutputStyle))
#21 D:/josej/Documents/Proyectos/ExamenDeGrado/C#/php/ugb/vendor/laravel/framework/src/Illuminate/Console/Command.php(261): Symfony/Component/Console/Command/Command->run(Object(Symfony/Component/Console/Input/ArgvInput), Object(Illuminate/Console/OutputStyle))
#22 D:/josej/Documents/Proyectos/ExamenDeGrado/C#/php/ugb/vendor/symfony/console/Application.php(1144): Illuminate/Console/Command->run(Object(Symfony/Component/Console/Input/ArgvInput), Object(Symfony/Component/Console/Output/ConsoleOutput))
#23 D:/josej/Documents/Proyectos/ExamenDeGrado/C#/php/ugb/vendor/symfony/console/Application.php(379): Symfony/Component/Console/Application->doRunCommand(Object(Illuminate/Queue/Console/WorkCommand), Object(Symfony/Component/Console/Input/ArgvInput), Object(Symfony/Component/Console/Output/ConsoleOutput))
#24 D:/josej/Documents/Proyectos/ExamenDeGrado/C#/php/ugb/vendor/symfony/console/Application.php(218): Symfony/Component/Console/Application->doRun(Object(Symfony/Component/Console/Input/ArgvInput), Object(Symfony/Component/Console/Output/ConsoleOutput))
#25 D:/josej/Documents/Proyectos/ExamenDeGrado/C#/php/ugb/vendor/laravel/framework/src/Illuminate/Foundation/Console/Kernel.php(198): Symfony/Component/Console/Application->run(Object(Symfony/Component/Console/Input/ArgvInput), Object(Symfony/Component/Console/Output/ConsoleOutput))
#26 D:/josej/Documents/Proyectos/ExamenDeGrado/C#/php/ugb/vendor/laravel/framework/src/Illuminate/Foundation/Application.php(1242): Illuminate/Foundation/Console/Kernel->handle(Object(Symfony/Component/Console/Input/ArgvInput), Object(Symfony/Component/Console/Output/ConsoleOutput))
#27 D:/josej/Documents/Proyectos/ExamenDeGrado/C#/php/ugb/artisan(16): Illuminate/Foundation/Application->handleCommand(Object(Symfony/Component/Console/Input/ArgvInput))
#28 {main}
"} 
[2026-08-17 01:44:11] local.ERROR: SQLSTATE[HY000]: General error: 1 no such table: sessions (Connection: sqlite, Database: D:\josej\Documents\Proyectos\ExamenDeGrado\C#\php\ugb\database\database.sqlite, SQL: select * from "sessions" where "id" = 7qwS53iKm9VaZjvz2Xv6nYLKpDNIQhmwvdHwVBcq limit 1) {"exception":"[object] (Illuminate\\Database\\QueryException(code: HY000): SQLSTATE[HY000]: General error: 1 no such table: sessions (Connection: sqlite, Database: D:\\josej\\Documents\\Proyectos\\ExamenDeGrado\\C#\\php\\ugb\\database\\database.sqlite, SQL: select * from \"sessions\" where \"id\" = 7qwS53iKm9VaZjvz2Xv6nYLKpDNIQhmwvdHwVBcq limit 1) at D:/josej/Documents/Proyectos/ExamenDeGrado/C#/php/ugb/vendor/laravel/framework/src/Illuminate/Database/Connection.php:857)
[stacktrace]
#0 D:/josej/Documents/Proyectos/ExamenDeGrado/C#/php/ugb/vendor/laravel/framework/src/Illuminate/Database/Connection.php(813): Illuminate/Database/Connection->runQueryCallback('select * from \"...', Array, Object(Closure))
#1 D:/josej/Documents/Proyectos/ExamenDeGrado/C#/php/ugb/vendor/laravel/framework/src/Illuminate/Database/Connection.php(426): Illuminate/Database/Connection->run('select * from \"...', Array, Object(Closure))
#2 D:/josej/Documents/Proyectos/ExamenDeGrado/C#/php/ugb/vendor/laravel/framework/src/Illuminate/Database/Query/Builder.php(3573): Illuminate/Database/Connection->select('select * from \"...', Array, false, Array)
#3 D:/josej/Documents/Proyectos/ExamenDeGrado/C#/php/ugb/vendor/laravel/framework/src/Illuminate/Database/Query/Builder.php(3557): Illuminate/Database/Query/Builder->runSelect()
#4 D:/josej/Documents/Proyectos/ExamenDeGrado/C#/php/ugb/vendor/laravel/framework/src/Illuminate/Database/Concerns/BuildsQueries.php(366): Illuminate/Database/Query/Builder->get(Array)
#5 D:/josej/Documents/Proyectos/ExamenDeGrado/C#/php/ugb/vendor/laravel/framework/src/Illuminate/Database/Query/Builder.php(3475): Illuminate/Database/Query/Builder->first(Array)
#6 D:/josej/Documents/Proyectos/ExamenDeGrado/C#/php/ugb/vendor/laravel/framework/src/Illuminate/Session/DatabaseSessionHandler.php(96): Illuminate/Database/Query/Builder->find('7qwS53iKm9VaZjv...')
#7 D:/josej/Documents/Proyectos/ExamenDeGrado/C#/php/ugb/vendor/laravel/framework/src/Illuminate/Session/Store.php(128): Illuminate/Session/DatabaseSessionHandler->read('7qwS53iKm9VaZjv...')
#8 D:/josej/Documents/Proyectos/ExamenDeGrado/C#/php/ugb/vendor/laravel/framework/src/Illuminate/Session/Store.php(116): Illuminate/Session/Store->readFromHandler()
#9 D:/josej/Documents/Proyectos/ExamenDeGrado/C#/php/ugb/vendor/laravel/framework/src/Illuminate/Session/Store.php(100): Illuminate/Session/Store->loadSession()
#10 D:/josej/Documents/Proyectos/ExamenDeGrado/C#/php/ugb/vendor/laravel/framework/src/Illuminate/Session/Middleware/StartSession.php(146): Illuminate/Session/Store->start()
#11 D:/josej/Documents/Proyectos/ExamenDeGrado/C#/php/ugb/vendor/laravel/framework/src/Illuminate/Support/helpers.php(393): Illuminate/Session/Middleware/StartSession->{closure:Illuminate/Session/Middleware/StartSession::startSession():143}(Object(Illuminate/Session/Store))
#12 D:/josej/Documents/Proyectos/ExamenDeGrado/C#/php/ugb/vendor/laravel/framework/src/Illuminate/Session/Middleware/StartSession.php(143): tap(Object(Illuminate/Session/Store), Object(Closure))
#13 D:/josej/Documents/Proyectos/ExamenDeGrado/C#/php/ugb/vendor/laravel/framework/src/Illuminate/Session/Middleware/StartSession.php(115): Illuminate/Session/Middleware/StartSession->startSession(Object(Illuminate/Http/Request), Object(Illuminate/Session/Store))
#14 D:/josej/Documents/Proyectos/ExamenDeGrado/C#/php/ugb/vendor/laravel/framework/src/Illuminate/Session/Middleware/StartSession.php(63): Illuminate/Session/Middleware/StartSession->handleStatefulRequest(Object(Illuminate/Http/Request), Object(Illuminate/Session/Store), Object(Closure))
#15 D:/josej/Documents/Proyectos/ExamenDeGrado/C#/php/ugb/vendor/laravel/framework/src/Illuminate/Pipeline/Pipeline.php(219): Illuminate/Session/Middleware/StartSession->handle(Object(Illuminate/Http/Request), Object(Closure))
#16 D:/josej/Documents/Proyectos/ExamenDeGrado/C#/php/ugb/vendor/laravel/framework/src/Illuminate/Cookie/Middleware/AddQueuedCookiesToResponse.php(36): Illuminate/Pipeline/Pipeline->{closure:{closure:Illuminate/Pipeline/Pipeline::carry():194}:195}(Object(Illuminate/Http/Request))
#17 D:/josej/Documents/Proyectos/ExamenDeGrado/C#/php/ugb/vendor/laravel/framework/src/Illuminate/Pipeline/Pipeline.php(219): Illuminate/Cookie/Middleware/AddQueuedCookiesToResponse->handle(Object(Illuminate/Http/Request), Object(Closure))
#18 D:/josej/Documents/Proyectos/ExamenDeGrado/C#/php/ugb/vendor/laravel/framework/src/Illuminate/Cookie/Middleware/EncryptCookies.php(74): Illuminate/Pipeline/Pipeline->{closure:{closure:Illuminate/Pipeline/Pipeline::carry():194}:195}(Object(Illuminate/Http/Request))
#19 D:/josej/Documents/Proyectos/ExamenDeGrado/C#/php/ugb/vendor/laravel/framework/src/Illuminate/Pipeline/Pipeline.php(219): Illuminate/Cookie/Middleware/EncryptCookies->handle(Object(Illuminate/Http/Request), Object(Closure))
#20 D:/josej/Documents/Proyectos/ExamenDeGrado/C#/php/ugb/vendor/laravel/framework/src/Illuminate/Pipeline/Pipeline.php(137): Illuminate/Pipeline/Pipeline->{closure:{closure:Illuminate/Pipeline/Pipeline::carry():194}:195}(Object(Illuminate/Http/Request))
#21 D:/josej/Documents/Proyectos/ExamenDeGrado/C#/php/ugb/vendor/laravel/framework/src/Illuminate/Routing/Router.php(821): Illuminate/Pipeline/Pipeline->then(Object(Closure))
#22 D:/josej/Documents/Proyectos/ExamenDeGrado/C#/php/ugb/vendor/laravel/framework/src/Illuminate/Routing/Router.php(800): Illuminate/Routing/Router->runRouteWithinStack(Object(Illuminate/Routing/Route), Object(Illuminate/Http/Request))
#23 D:/josej/Documents/Proyectos/ExamenDeGrado/C#/php/ugb/vendor/laravel/framework/src/Illuminate/Routing/Router.php(764): Illuminate/Routing/Router->runRoute(Object(Illuminate/Http/Request), Object(Illuminate/Routing/Route))
#24 D:/josej/Documents/Proyectos/ExamenDeGrado/C#/php/ugb/vendor/laravel/framework/src/Illuminate/Routing/Router.php(753): Illuminate/Routing/Router->dispatchToRoute(Object(Illuminate/Http/Request))
#25 D:/josej/Documents/Proyectos/ExamenDeGrado/C#/php/ugb/vendor/laravel/framework/src/Illuminate/Foundation/Http/Kernel.php(200): Illuminate/Routing/Router->dispatch(Object(Illuminate/Http/Request))
#26 D:/josej/Documents/Proyectos/ExamenDeGrado/C#/php/ugb/vendor/laravel/framework/src/Illuminate/Pipeline/Pipeline.php(180): Illuminate/Foundation/Http/Kernel->{closure:Illuminate/Foundation/Http/Kernel::dispatchToRouter():197}(Object(Illuminate/Http/Request))
#27 D:/josej/Documents/Proyectos/ExamenDeGrado/C#/php/ugb/vendor/laravel/framework/src/Illuminate/Foundation/Http/Middleware/TransformsRequest.php(21): Illuminate/Pipeline/Pipeline->{closure:Illuminate/Pipeline/Pipeline::prepareDestination():178}(Object(Illuminate/Http/Request))
#28 D:/josej/Documents/Proyectos/ExamenDeGrado/C#/php/ugb/vendor/laravel/framework/src/Illuminate/Foundation/Http/Middleware/ConvertEmptyStringsToNull.php(31): Illuminate/Foundation/Http/Middleware/TransformsRequest->handle(Object(Illuminate/Http/Request), Object(Closure))
#29 D:/josej/Documents/Proyectos/ExamenDeGrado/C#/php/ugb/vendor/laravel/framework/src/Illuminate/Pipeline/Pipeline.php(219): Illuminate/Foundation/Http/Middleware/ConvertEmptyStringsToNull->handle(Object(Illuminate/Http/Request), Object(Closure))
#30 D:/josej/Documents/Proyectos/ExamenDeGrado/C#/php/ugb/vendor/laravel/framework/src/Illuminate/Foundation/Http/Middleware/TransformsRequest.php(21): Illuminate/Pipeline/Pipeline->{closure:{closure:Illuminate/Pipeline/Pipeline::carry():194}:195}(Object(Illuminate/Http/Request))
#31 D:/josej/Documents/Proyectos/ExamenDeGrado/C#/php/ugb/vendor/laravel/framework/src/Illuminate/Foundation/Http/Middleware/TrimStrings.php(51): Illuminate/Foundation/Http/Middleware/TransformsRequest->handle(Object(Illuminate/Http/Request), Object(Closure))
#32 D:/josej/Documents/Proyectos/ExamenDeGrado/C#/php/ugb/vendor/laravel/framework/src/Illuminate/Pipeline/Pipeline.php(219): Illuminate/Foundation/Http/Middleware/TrimStrings->handle(Object(Illuminate/Http/Request), Object(Closure))
#33 D:/josej/Documents/Proyectos/ExamenDeGrado/C#/php/ugb/vendor/laravel/framework/src/Illuminate/Http/Middleware/ValidatePostSize.php(27): Illuminate/Pipeline/Pipeline->{closure:{closure:Illuminate/Pipeline/Pipeline::carry():194}:195}(Object(Illuminate/Http/Request))
#34 D:/josej/Documents/Proyectos/ExamenDeGrado/C#/php/ugb/vendor/laravel/framework/src/Illuminate/Pipeline/Pipeline.php(219): Illuminate/Http/Middleware/ValidatePostSize->handle(Object(Illuminate/Http/Request), Object(Closure))
#35 D:/josej/Documents/Proyectos/ExamenDeGrado/C#/php/ugb/vendor/laravel/framework/src/Illuminate/Foundation/Http/Middleware/PreventRequestsDuringMaintenance.php(110): Illuminate/Pipeline/Pipeline->{closure:{closure:Illuminate/Pipeline/Pipeline::carry():194}:195}(Object(Illuminate/Http/Request))
#36 D:/josej/Documents/Proyectos/ExamenDeGrado/C#/php/ugb/vendor/laravel/framework/src/Illuminate/Pipeline/Pipeline.php(219): Illuminate/Foundation/Http/Middleware/PreventRequestsDuringMaintenance->handle(Object(Illuminate/Http/Request), Object(Closure))
#37 D:/josej/Documents/Proyectos/ExamenDeGrado/C#/php/ugb/vendor/laravel/framework/src/Illuminate/Http/Middleware/HandleCors.php(61): Illuminate/Pipeline/Pipeline->{closure:{closure:Illuminate/Pipeline/Pipeline::carry():194}:195}(Object(Illuminate/Http/Request))
#38 D:/josej/Documents/Proyectos/ExamenDeGrado/C#/php/ugb/vendor/laravel/framework/src/Illuminate/Pipeline/Pipeline.php(219): Illuminate/Http/Middleware/HandleCors->handle(Object(Illuminate/Http/Request), Object(Closure))
#39 D:/josej/Documents/Proyectos/ExamenDeGrado/C#/php/ugb/vendor/laravel/framework/src/Illuminate/Http/Middleware/TrustProxies.php(58): Illuminate/Pipeline/Pipeline->{closure:{closure:Illuminate/Pipeline/Pipeline::carry():194}:195}(Object(Illuminate/Http/Request))
#40 D:/josej/Documents/Proyectos/ExamenDeGrado/C#/php/ugb/vendor/laravel/framework/src/Illuminate/Pipeline/Pipeline.php(219): Illuminate/Http/Middleware/TrustProxies->handle(Object(Illuminate/Http/Request), Object(Closure))
#41 D:/josej/Documents/Proyectos/ExamenDeGrado/C#/php/ugb/vendor/laravel/framework/src/Illuminate/Foundation/Http/Middleware/InvokeDeferredCallbacks.php(22): Illuminate/Pipeline/Pipeline->{closure:{closure:Illuminate/Pipeline/Pipeline::carry():194}:195}(Object(Illuminate/Http/Request))
#42 D:/josej/Documents/Proyectos/ExamenDeGrado/C#/php/ugb/vendor/laravel/framework/src/Illuminate/Pipeline/Pipeline.php(219): Illuminate/Foundation/Http/Middleware/InvokeDeferredCallbacks->handle(Object(Illuminate/Http/Request), Object(Closure))
#43 D:/josej/Documents/Proyectos/ExamenDeGrado/C#/php/ugb/vendor/laravel/framework/src/Illuminate/Http/Middleware/ValidatePathEncoding.php(28): Illuminate/Pipeline/Pipeline->{closure:{closure:Illuminate/Pipeline/Pipeline::carry():194}:195}(Object(Illuminate/Http/Request))
#44 D:/josej/Documents/Proyectos/ExamenDeGrado/C#/php/ugb/vendor/laravel/framework/src/Illuminate/Pipeline/Pipeline.php(219): Illuminate/Http/Middleware/ValidatePathEncoding->handle(Object(Illuminate/Http/Request), Object(Closure))
#45 D:/josej/Documents/Proyectos/ExamenDeGrado/C#/php/ugb/vendor/laravel/framework/src/Illuminate/Pipeline/Pipeline.php(137): Illuminate/Pipeline/Pipeline->{closure:{closure:Illuminate/Pipeline/Pipeline::carry():194}:195}(Object(Illuminate/Http/Request))
#46 D:/josej/Documents/Proyectos/ExamenDeGrado/C#/php/ugb/vendor/laravel/framework/src/Illuminate/Foundation/Http/Kernel.php(175): Illuminate/Pipeline/Pipeline->then(Object(Closure))
#47 D:/josej/Documents/Proyectos/ExamenDeGrado/C#/php/ugb/vendor/laravel/framework/src/Illuminate/Foundation/Http/Kernel.php(144): Illuminate/Foundation/Http/Kernel->sendRequestThroughRouter(Object(Illuminate/Http/Request))
#48 D:/josej/Documents/Proyectos/ExamenDeGrado/C#/php/ugb/vendor/laravel/framework/src/Illuminate/Foundation/Application.php(1227): Illuminate/Foundation/Http/Kernel->handle(Object(Illuminate/Http/Request))
#49 D:/josej/Documents/Proyectos/ExamenDeGrado/C#/php/ugb/public/index.php(20): Illuminate/Foundation/Application->handleRequest(Object(Illuminate/Http/Request))
#50 D:/josej/Documents/Proyectos/ExamenDeGrado/C#/php/ugb/vendor/laravel/framework/src/Illuminate/Foundation/resources/server.php(23): require_once('D://josej//Docume...')
#51 {main}

[previous exception] [object] (PDOException(code: HY000): SQLSTATE[HY000]: General error: 1 no such table: sessions at D:/josej/Documents/Proyectos/ExamenDeGrado/C#/php/ugb/vendor/laravel/framework/src/Illuminate/Database/Connection.php:435)
[stacktrace]
#0 D:/josej/Documents/Proyectos/ExamenDeGrado/C#/php/ugb/vendor/laravel/framework/src/Illuminate/Database/Connection.php(435): PDO->prepare('select * from \"...')
#1 D:/josej/Documents/Proyectos/ExamenDeGrado/C#/php/ugb/vendor/laravel/framework/src/Illuminate/Database/Connection.php(846): Illuminate/Database/Connection->{closure:Illuminate/Database/Connection::select():426}('select * from \"...', Array)
#2 D:/josej/Documents/Proyectos/ExamenDeGrado/C#/php/ugb/vendor/laravel/framework/src/Illuminate/Database/Connection.php(813): Illuminate/Database/Connection->runQueryCallback('select * from \"...', Array, Object(Closure))
#3 D:/josej/Documents/Proyectos/ExamenDeGrado/C#/php/ugb/vendor/laravel/framework/src/Illuminate/Database/Connection.php(426): Illuminate/Database/Connection->run('select * from \"...', Array, Object(Closure))
#4 D:/josej/Documents/Proyectos/ExamenDeGrado/C#/php/ugb/vendor/laravel/framework/src/Illuminate/Database/Query/Builder.php(3573): Illuminate/Database/Connection->select('select * from \"...', Array, false, Array)
#5 D:/josej/Documents/Proyectos/ExamenDeGrado/C#/php/ugb/vendor/laravel/framework/src/Illuminate/Database/Query/Builder.php(3557): Illuminate/Database/Query/Builder->runSelect()
#6 D:/josej/Documents/Proyectos/ExamenDeGrado/C#/php/ugb/vendor/laravel/framework/src/Illuminate/Database/Concerns/BuildsQueries.php(366): Illuminate/Database/Query/Builder->get(Array)
#7 D:/josej/Documents/Proyectos/ExamenDeGrado/C#/php/ugb/vendor/laravel/framework/src/Illuminate/Database/Query/Builder.php(3475): Illuminate/Database/Query/Builder->first(Array)
#8 D:/josej/Documents/Proyectos/ExamenDeGrado/C#/php/ugb/vendor/laravel/framework/src/Illuminate/Session/DatabaseSessionHandler.php(96): Illuminate/Database/Query/Builder->find('7qwS53iKm9VaZjv...')
#9 D:/josej/Documents/Proyectos/ExamenDeGrado/C#/php/ugb/vendor/laravel/framework/src/Illuminate/Session/Store.php(128): Illuminate/Session/DatabaseSessionHandler->read('7qwS53iKm9VaZjv...')
#10 D:/josej/Documents/Proyectos/ExamenDeGrado/C#/php/ugb/vendor/laravel/framework/src/Illuminate/Session/Store.php(116): Illuminate/Session/Store->readFromHandler()
#11 D:/josej/Documents/Proyectos/ExamenDeGrado/C#/php/ugb/vendor/laravel/framework/src/Illuminate/Session/Store.php(100): Illuminate/Session/Store->loadSession()
#12 D:/josej/Documents/Proyectos/ExamenDeGrado/C#/php/ugb/vendor/laravel/framework/src/Illuminate/Session/Middleware/StartSession.php(146): Illuminate/Session/Store->start()
#13 D:/josej/Documents/Proyectos/ExamenDeGrado/C#/php/ugb/vendor/laravel/framework/src/Illuminate/Support/helpers.php(393): Illuminate/Session/Middleware/StartSession->{closure:Illuminate/Session/Middleware/StartSession::startSession():143}(Object(Illuminate/Session/Store))
#14 D:/josej/Documents/Proyectos/ExamenDeGrado/C#/php/ugb/vendor/laravel/framework/src/Illuminate/Session/Middleware/StartSession.php(143): tap(Object(Illuminate/Session/Store), Object(Closure))
#15 D:/josej/Documents/Proyectos/ExamenDeGrado/C#/php/ugb/vendor/laravel/framework/src/Illuminate/Session/Middleware/StartSession.php(115): Illuminate/Session/Middleware/StartSession->startSession(Object(Illuminate/Http/Request), Object(Illuminate/Session/Store))
#16 D:/josej/Documents/Proyectos/ExamenDeGrado/C#/php/ugb/vendor/laravel/framework/src/Illuminate/Session/Middleware/StartSession.php(63): Illuminate/Session/Middleware/StartSession->handleStatefulRequest(Object(Illuminate/Http/Request), Object(Illuminate/Session/Store), Object(Closure))
#17 D:/josej/Documents/Proyectos/ExamenDeGrado/C#/php/ugb/vendor/laravel/framework/src/Illuminate/Pipeline/Pipeline.php(219): Illuminate/Session/Middleware/StartSession->handle(Object(Illuminate/Http/Request), Object(Closure))
#18 D:/josej/Documents/Proyectos/ExamenDeGrado/C#/php/ugb/vendor/laravel/framework/src/Illuminate/Cookie/Middleware/AddQueuedCookiesToResponse.php(36): Illuminate/Pipeline/Pipeline->{closure:{closure:Illuminate/Pipeline/Pipeline::carry():194}:195}(Object(Illuminate/Http/Request))
#19 D:/josej/Documents/Proyectos/ExamenDeGrado/C#/php/ugb/vendor/laravel/framework/src/Illuminate/Pipeline/Pipeline.php(219): Illuminate/Cookie/Middleware/AddQueuedCookiesToResponse->handle(Object(Illuminate/Http/Request), Object(Closure))
#20 D:/josej/Documents/Proyectos/ExamenDeGrado/C#/php/ugb/vendor/laravel/framework/src/Illuminate/Cookie/Middleware/EncryptCookies.php(74): Illuminate/Pipeline/Pipeline->{closure:{closure:Illuminate/Pipeline/Pipeline::carry():194}:195}(Object(Illuminate/Http/Request))
#21 D:/josej/Documents/Proyectos/ExamenDeGrado/C#/php/ugb/vendor/laravel/framework/src/Illuminate/Pipeline/Pipeline.php(219): Illuminate/Cookie/Middleware/EncryptCookies->handle(Object(Illuminate/Http/Request), Object(Closure))
#22 D:/josej/Documents/Proyectos/ExamenDeGrado/C#/php/ugb/vendor/laravel/framework/src/Illuminate/Pipeline/Pipeline.php(137): Illuminate/Pipeline/Pipeline->{closure:{closure:Illuminate/Pipeline/Pipeline::carry():194}:195}(Object(Illuminate/Http/Request))
#23 D:/josej/Documents/Proyectos/ExamenDeGrado/C#/php/ugb/vendor/laravel/framework/src/Illuminate/Routing/Router.php(821): Illuminate/Pipeline/Pipeline->then(Object(Closure))
#24 D:/josej/Documents/Proyectos/ExamenDeGrado/C#/php/ugb/vendor/laravel/framework/src/Illuminate/Routing/Router.php(800): Illuminate/Routing/Router->runRouteWithinStack(Object(Illuminate/Routing/Route), Object(Illuminate/Http/Request))
#25 D:/josej/Documents/Proyectos/ExamenDeGrado/C#/php/ugb/vendor/laravel/framework/src/Illuminate/Routing/Router.php(764): Illuminate/Routing/Router->runRoute(Object(Illuminate/Http/Request), Object(Illuminate/Routing/Route))
#26 D:/josej/Documents/Proyectos/ExamenDeGrado/C#/php/ugb/vendor/laravel/framework/src/Illuminate/Routing/Router.php(753): Illuminate/Routing/Router->dispatchToRoute(Object(Illuminate/Http/Request))
#27 D:/josej/Documents/Proyectos/ExamenDeGrado/C#/php/ugb/vendor/laravel/framework/src/Illuminate/Foundation/Http/Kernel.php(200): Illuminate/Routing/Router->dispatch(Object(Illuminate/Http/Request))
#28 D:/josej/Documents/Proyectos/ExamenDeGrado/C#/php/ugb/vendor/laravel/framework/src/Illuminate/Pipeline/Pipeline.php(180): Illuminate/Foundation/Http/Kernel->{closure:Illuminate/Foundation/Http/Kernel::dispatchToRouter():197}(Object(Illuminate/Http/Request))
#29 D:/josej/Documents/Proyectos/ExamenDeGrado/C#/php/ugb/vendor/laravel/framework/src/Illuminate/Foundation/Http/Middleware/TransformsRequest.php(21): Illuminate/Pipeline/Pipeline->{closure:Illuminate/Pipeline/Pipeline::prepareDestination():178}(Object(Illuminate/Http/Request))
#30 D:/josej/Documents/Proyectos/ExamenDeGrado/C#/php/ugb/vendor/laravel/framework/src/Illuminate/Foundation/Http/Middleware/ConvertEmptyStringsToNull.php(31): Illuminate/Foundation/Http/Middleware/TransformsRequest->handle(Object(Illuminate/Http/Request), Object(Closure))
#31 D:/josej/Documents/Proyectos/ExamenDeGrado/C#/php/ugb/vendor/laravel/framework/src/Illuminate/Pipeline/Pipeline.php(219): Illuminate/Foundation/Http/Middleware/ConvertEmptyStringsToNull->handle(Object(Illuminate/Http/Request), Object(Closure))
#32 D:/josej/Documents/Proyectos/ExamenDeGrado/C#/php/ugb/vendor/laravel/framework/src/Illuminate/Foundation/Http/Middleware/TransformsRequest.php(21): Illuminate/Pipeline/Pipeline->{closure:{closure:Illuminate/Pipeline/Pipeline::carry():194}:195}(Object(Illuminate/Http/Request))
#33 D:/josej/Documents/Proyectos/ExamenDeGrado/C#/php/ugb/vendor/laravel/framework/src/Illuminate/Foundation/Http/Middleware/TrimStrings.php(51): Illuminate/Foundation/Http/Middleware/TransformsRequest->handle(Object(Illuminate/Http/Request), Object(Closure))
#34 D:/josej/Documents/Proyectos/ExamenDeGrado/C#/php/ugb/vendor/laravel/framework/src/Illuminate/Pipeline/Pipeline.php(219): Illuminate/Foundation/Http/Middleware/TrimStrings->handle(Object(Illuminate/Http/Request), Object(Closure))
#35 D:/josej/Documents/Proyectos/ExamenDeGrado/C#/php/ugb/vendor/laravel/framework/src/Illuminate/Http/Middleware/ValidatePostSize.php(27): Illuminate/Pipeline/Pipeline->{closure:{closure:Illuminate/Pipeline/Pipeline::carry():194}:195}(Object(Illuminate/Http/Request))
#36 D:/josej/Documents/Proyectos/ExamenDeGrado/C#/php/ugb/vendor/laravel/framework/src/Illuminate/Pipeline/Pipeline.php(219): Illuminate/Http/Middleware/ValidatePostSize->handle(Object(Illuminate/Http/Request), Object(Closure))
#37 D:/josej/Documents/Proyectos/ExamenDeGrado/C#/php/ugb/vendor/laravel/framework/src/Illuminate/Foundation/Http/Middleware/PreventRequestsDuringMaintenance.php(110): Illuminate/Pipeline/Pipeline->{closure:{closure:Illuminate/Pipeline/Pipeline::carry():194}:195}(Object(Illuminate/Http/Request))
#38 D:/josej/Documents/Proyectos/ExamenDeGrado/C#/php/ugb/vendor/laravel/framework/src/Illuminate/Pipeline/Pipeline.php(219): Illuminate/Foundation/Http/Middleware/PreventRequestsDuringMaintenance->handle(Object(Illuminate/Http/Request), Object(Closure))
#39 D:/josej/Documents/Proyectos/ExamenDeGrado/C#/php/ugb/vendor/laravel/framework/src/Illuminate/Http/Middleware/HandleCors.php(61): Illuminate/Pipeline/Pipeline->{closure:{closure:Illuminate/Pipeline/Pipeline::carry():194}:195}(Object(Illuminate/Http/Request))
#40 D:/josej/Documents/Proyectos/ExamenDeGrado/C#/php/ugb/vendor/laravel/framework/src/Illuminate/Pipeline/Pipeline.php(219): Illuminate/Http/Middleware/HandleCors->handle(Object(Illuminate/Http/Request), Object(Closure))
#41 D:/josej/Documents/Proyectos/ExamenDeGrado/C#/php/ugb/vendor/laravel/framework/src/Illuminate/Http/Middleware/TrustProxies.php(58): Illuminate/Pipeline/Pipeline->{closure:{closure:Illuminate/Pipeline/Pipeline::carry():194}:195}(Object(Illuminate/Http/Request))
#42 D:/josej/Documents/Proyectos/ExamenDeGrado/C#/php/ugb/vendor/laravel/framework/src/Illuminate/Pipeline/Pipeline.php(219): Illuminate/Http/Middleware/TrustProxies->handle(Object(Illuminate/Http/Request), Object(Closure))
#43 D:/josej/Documents/Proyectos/ExamenDeGrado/C#/php/ugb/vendor/laravel/framework/src/Illuminate/Foundation/Http/Middleware/InvokeDeferredCallbacks.php(22): Illuminate/Pipeline/Pipeline->{closure:{closure:Illuminate/Pipeline/Pipeline::carry():194}:195}(Object(Illuminate/Http/Request))
#44 D:/josej/Documents/Proyectos/ExamenDeGrado/C#/php/ugb/vendor/laravel/framework/src/Illuminate/Pipeline/Pipeline.php(219): Illuminate/Foundation/Http/Middleware/InvokeDeferredCallbacks->handle(Object(Illuminate/Http/Request), Object(Closure))
#45 D:/josej/Documents/Proyectos/ExamenDeGrado/C#/php/ugb/vendor/laravel/framework/src/Illuminate/Http/Middleware/ValidatePathEncoding.php(28): Illuminate/Pipeline/Pipeline->{closure:{closure:Illuminate/Pipeline/Pipeline::carry():194}:195}(Object(Illuminate/Http/Request))
#46 D:/josej/Documents/Proyectos/ExamenDeGrado/C#/php/ugb/vendor/laravel/framework/src/Illuminate/Pipeline/Pipeline.php(219): Illuminate/Http/Middleware/ValidatePathEncoding->handle(Object(Illuminate/Http/Request), Object(Closure))
#47 D:/josej/Documents/Proyectos/ExamenDeGrado/C#/php/ugb/vendor/laravel/framework/src/Illuminate/Pipeline/Pipeline.php(137): Illuminate/Pipeline/Pipeline->{closure:{closure:Illuminate/Pipeline/Pipeline::carry():194}:195}(Object(Illuminate/Http/Request))
#48 D:/josej/Documents/Proyectos/ExamenDeGrado/C#/php/ugb/vendor/laravel/framework/src/Illuminate/Foundation/Http/Kernel.php(175): Illuminate/Pipeline/Pipeline->then(Object(Closure))
#49 D:/josej/Documents/Proyectos/ExamenDeGrado/C#/php/ugb/vendor/laravel/framework/src/Illuminate/Foundation/Http/Kernel.php(144): Illuminate/Foundation/Http/Kernel->sendRequestThroughRouter(Object(Illuminate/Http/Request))
#50 D:/josej/Documents/Proyectos/ExamenDeGrado/C#/php/ugb/vendor/laravel/framework/src/Illuminate/Foundation/Application.php(1227): Illuminate/Foundation/Http/Kernel->handle(Object(Illuminate/Http/Request))
#51 D:/josej/Documents/Proyectos/ExamenDeGrado/C#/php/ugb/public/index.php(20): Illuminate/Foundation/Application->handleRequest(Object(Illuminate/Http/Request))
#52 D:/josej/Documents/Proyectos/ExamenDeGrado/C#/php/ugb/vendor/laravel/framework/src/Illuminate/Foundation/resources/server.php(23): require_once('D://josej//Docume...')
#53 {main}
"} 
[2026-08-17 01:44:15] local.ERROR: SQLSTATE[HY000]: General error: 1 no such table: cache (Connection: sqlite, Database: D:\josej\Documents\Proyectos\ExamenDeGrado\C#\php\ugb\database\database.sqlite, SQL: select * from "cache" where "key" in (laravel-cache-illuminate:queues:paused, laravel-cache-illuminate:queue:paused:database:default)) {"exception":"[object] (Illuminate\\Database\\QueryException(code: HY000): SQLSTATE[HY000]: General error: 1 no such table: cache (Connection: sqlite, Database: D:\\josej\\Documents\\Proyectos\\ExamenDeGrado\\C#\\php\\ugb\\database\\database.sqlite, SQL: select * from \"cache\" where \"key\" in (laravel-cache-illuminate:queues:paused, laravel-cache-illuminate:queue:paused:database:default)) at D:/josej/Documents/Proyectos/ExamenDeGrado/C#/php/ugb/vendor/laravel/framework/src/Illuminate/Database/Connection.php:857)
[stacktrace]
#0 D:/josej/Documents/Proyectos/ExamenDeGrado/C#/php/ugb/vendor/laravel/framework/src/Illuminate/Database/Connection.php(813): Illuminate/Database/Connection->runQueryCallback('select * from \"...', Array, Object(Closure))
#1 D:/josej/Documents/Proyectos/ExamenDeGrado/C#/php/ugb/vendor/laravel/framework/src/Illuminate/Database/Connection.php(426): Illuminate/Database/Connection->run('select * from \"...', Array, Object(Closure))
#2 D:/josej/Documents/Proyectos/ExamenDeGrado/C#/php/ugb/vendor/laravel/framework/src/Illuminate/Database/Query/Builder.php(3573): Illuminate/Database/Connection->select('select * from \"...', Array, true, Array)
#3 D:/josej/Documents/Proyectos/ExamenDeGrado/C#/php/ugb/vendor/laravel/framework/src/Illuminate/Database/Query/Builder.php(3557): Illuminate/Database/Query/Builder->runSelect()
#4 D:/josej/Documents/Proyectos/ExamenDeGrado/C#/php/ugb/vendor/laravel/framework/src/Illuminate/Cache/DatabaseStore.php(142): Illuminate/Database/Query/Builder->get()
#5 D:/josej/Documents/Proyectos/ExamenDeGrado/C#/php/ugb/vendor/laravel/framework/src/Illuminate/Cache/Repository.php(167): Illuminate/Cache/DatabaseStore->many(Array)
#6 D:/josej/Documents/Proyectos/ExamenDeGrado/C#/php/ugb/vendor/laravel/framework/src/Illuminate/Queue/QueueManager.php(335): Illuminate/Cache/Repository->many(Array)
#7 D:/josej/Documents/Proyectos/ExamenDeGrado/C#/php/ugb/vendor/laravel/framework/src/Illuminate/Queue/Worker.php(489): Illuminate/Queue/QueueManager->getPausedQueues('database', Array)
#8 D:/josej/Documents/Proyectos/ExamenDeGrado/C#/php/ugb/vendor/laravel/framework/src/Illuminate/Queue/Worker.php(450): Illuminate/Queue/Worker->getPausedQueues('database', Array)
#9 D:/josej/Documents/Proyectos/ExamenDeGrado/C#/php/ugb/vendor/laravel/framework/src/Illuminate/Queue/Worker.php(410): Illuminate/Queue/Worker->getNextJob(Object(Illuminate/Queue/DatabaseQueue), 'default')
#10 D:/josej/Documents/Proyectos/ExamenDeGrado/C#/php/ugb/vendor/laravel/framework/src/Illuminate/Queue/Console/WorkCommand.php(149): Illuminate/Queue/Worker->runNextJob('database', 'default', Object(Illuminate/Queue/WorkerOptions))
#11 D:/josej/Documents/Proyectos/ExamenDeGrado/C#/php/ugb/vendor/laravel/framework/src/Illuminate/Queue/Console/WorkCommand.php(132): Illuminate/Queue/Console/WorkCommand->runWorker('database', 'default')
#12 D:/josej/Documents/Proyectos/ExamenDeGrado/C#/php/ugb/vendor/laravel/framework/src/Illuminate/Container/BoundMethod.php(36): Illuminate/Queue/Console/WorkCommand->handle()
#13 D:/josej/Documents/Proyectos/ExamenDeGrado/C#/php/ugb/vendor/laravel/framework/src/Illuminate/Container/Util.php(43): Illuminate/Container/BoundMethod::{closure:Illuminate/Container/BoundMethod::call():35}()
#14 D:/josej/Documents/Proyectos/ExamenDeGrado/C#/php/ugb/vendor/laravel/framework/src/Illuminate/Container/BoundMethod.php(96): Illuminate/Container/Util::unwrapIfClosure(Object(Closure))
#15 D:/josej/Documents/Proyectos/ExamenDeGrado/C#/php/ugb/vendor/laravel/framework/src/Illuminate/Container/BoundMethod.php(35): Illuminate/Container/BoundMethod::callBoundMethod(Object(Illuminate/Foundation/Application), Array, Object(Closure))
#16 D:/josej/Documents/Proyectos/ExamenDeGrado/C#/php/ugb/vendor/laravel/framework/src/Illuminate/Container/Container.php(801): Illuminate/Container/BoundMethod::call(Object(Illuminate/Foundation/Application), Array, Array, NULL)
#17 D:/josej/Documents/Proyectos/ExamenDeGrado/C#/php/ugb/vendor/laravel/framework/src/Illuminate/Console/Command.php(292): Illuminate/Container/Container->call(Array)
#18 D:/josej/Documents/Proyectos/ExamenDeGrado/C#/php/ugb/vendor/symfony/console/Command/Command.php(284): Illuminate/Console/Command->execute(Object(Symfony/Component/Console/Input/ArgvInput), Object(Illuminate/Console/OutputStyle))
#19 D:/josej/Documents/Proyectos/ExamenDeGrado/C#/php/ugb/vendor/laravel/framework/src/Illuminate/Console/Command.php(261): Symfony/Component/Console/Command/Command->run(Object(Symfony/Component/Console/Input/ArgvInput), Object(Illuminate/Console/OutputStyle))
#20 D:/josej/Documents/Proyectos/ExamenDeGrado/C#/php/ugb/vendor/symfony/console/Application.php(1144): Illuminate/Console/Command->run(Object(Symfony/Component/Console/Input/ArgvInput), Object(Symfony/Component/Console/Output/ConsoleOutput))
#21 D:/josej/Documents/Proyectos/ExamenDeGrado/C#/php/ugb/vendor/symfony/console/Application.php(379): Symfony/Component/Console/Application->doRunCommand(Object(Illuminate/Queue/Console/WorkCommand), Object(Symfony/Component/Console/Input/ArgvInput), Object(Symfony/Component/Console/Output/ConsoleOutput))
#22 D:/josej/Documents/Proyectos/ExamenDeGrado/C#/php/ugb/vendor/symfony/console/Application.php(218): Symfony/Component/Console/Application->doRun(Object(Symfony/Component/Console/Input/ArgvInput), Object(Symfony/Component/Console/Output/ConsoleOutput))
#23 D:/josej/Documents/Proyectos/ExamenDeGrado/C#/php/ugb/vendor/laravel/framework/src/Illuminate/Foundation/Console/Kernel.php(198): Symfony/Component/Console/Application->run(Object(Symfony/Component/Console/Input/ArgvInput), Object(Symfony/Component/Console/Output/ConsoleOutput))
#24 D:/josej/Documents/Proyectos/ExamenDeGrado/C#/php/ugb/vendor/laravel/framework/src/Illuminate/Foundation/Application.php(1242): Illuminate/Foundation/Console/Kernel->handle(Object(Symfony/Component/Console/Input/ArgvInput), Object(Symfony/Component/Console/Output/ConsoleOutput))
#25 D:/josej/Documents/Proyectos/ExamenDeGrado/C#/php/ugb/artisan(16): Illuminate/Foundation/Application->handleCommand(Object(Symfony/Component/Console/Input/ArgvInput))
#26 {main}

[previous exception] [object] (PDOException(code: HY000): SQLSTATE[HY000]: General error: 1 no such table: cache at D:/josej/Documents/Proyectos/ExamenDeGrado/C#/php/ugb/vendor/laravel/framework/src/Illuminate/Database/Connection.php:435)
[stacktrace]
#0 D:/josej/Documents/Proyectos/ExamenDeGrado/C#/php/ugb/vendor/laravel/framework/src/Illuminate/Database/Connection.php(435): PDO->prepare('select * from \"...')
#1 D:/josej/Documents/Proyectos/ExamenDeGrado/C#/php/ugb/vendor/laravel/framework/src/Illuminate/Database/Connection.php(846): Illuminate/Database/Connection->{closure:Illuminate/Database/Connection::select():426}('select * from \"...', Array)
#2 D:/josej/Documents/Proyectos/ExamenDeGrado/C#/php/ugb/vendor/laravel/framework/src/Illuminate/Database/Connection.php(813): Illuminate/Database/Connection->runQueryCallback('select * from \"...', Array, Object(Closure))
#3 D:/josej/Documents/Proyectos/ExamenDeGrado/C#/php/ugb/vendor/laravel/framework/src/Illuminate/Database/Connection.php(426): Illuminate/Database/Connection->run('select * from \"...', Array, Object(Closure))
#4 D:/josej/Documents/Proyectos/ExamenDeGrado/C#/php/ugb/vendor/laravel/framework/src/Illuminate/Database/Query/Builder.php(3573): Illuminate/Database/Connection->select('select * from \"...', Array, true, Array)
#5 D:/josej/Documents/Proyectos/ExamenDeGrado/C#/php/ugb/vendor/laravel/framework/src/Illuminate/Database/Query/Builder.php(3557): Illuminate/Database/Query/Builder->runSelect()
#6 D:/josej/Documents/Proyectos/ExamenDeGrado/C#/php/ugb/vendor/laravel/framework/src/Illuminate/Cache/DatabaseStore.php(142): Illuminate/Database/Query/Builder->get()
#7 D:/josej/Documents/Proyectos/ExamenDeGrado/C#/php/ugb/vendor/laravel/framework/src/Illuminate/Cache/Repository.php(167): Illuminate/Cache/DatabaseStore->many(Array)
#8 D:/josej/Documents/Proyectos/ExamenDeGrado/C#/php/ugb/vendor/laravel/framework/src/Illuminate/Queue/QueueManager.php(335): Illuminate/Cache/Repository->many(Array)
#9 D:/josej/Documents/Proyectos/ExamenDeGrado/C#/php/ugb/vendor/laravel/framework/src/Illuminate/Queue/Worker.php(489): Illuminate/Queue/QueueManager->getPausedQueues('database', Array)
#10 D:/josej/Documents/Proyectos/ExamenDeGrado/C#/php/ugb/vendor/laravel/framework/src/Illuminate/Queue/Worker.php(450): Illuminate/Queue/Worker->getPausedQueues('database', Array)
#11 D:/josej/Documents/Proyectos/ExamenDeGrado/C#/php/ugb/vendor/laravel/framework/src/Illuminate/Queue/Worker.php(410): Illuminate/Queue/Worker->getNextJob(Object(Illuminate/Queue/DatabaseQueue), 'default')
#12 D:/josej/Documents/Proyectos/ExamenDeGrado/C#/php/ugb/vendor/laravel/framework/src/Illuminate/Queue/Console/WorkCommand.php(149): Illuminate/Queue/Worker->runNextJob('database', 'default', Object(Illuminate/Queue/WorkerOptions))
#13 D:/josej/Documents/Proyectos/ExamenDeGrado/C#/php/ugb/vendor/laravel/framework/src/Illuminate/Queue/Console/WorkCommand.php(132): Illuminate/Queue/Console/WorkCommand->runWorker('database', 'default')
#14 D:/josej/Documents/Proyectos/ExamenDeGrado/C#/php/ugb/vendor/laravel/framework/src/Illuminate/Container/BoundMethod.php(36): Illuminate/Queue/Console/WorkCommand->handle()
#15 D:/josej/Documents/Proyectos/ExamenDeGrado/C#/php/ugb/vendor/laravel/framework/src/Illuminate/Container/Util.php(43): Illuminate/Container/BoundMethod::{closure:Illuminate/Container/BoundMethod::call():35}()
#16 D:/josej/Documents/Proyectos/ExamenDeGrado/C#/php/ugb/vendor/laravel/framework/src/Illuminate/Container/BoundMethod.php(96): Illuminate/Container/Util::unwrapIfClosure(Object(Closure))
#17 D:/josej/Documents/Proyectos/ExamenDeGrado/C#/php/ugb/vendor/laravel/framework/src/Illuminate/Container/BoundMethod.php(35): Illuminate/Container/BoundMethod::callBoundMethod(Object(Illuminate/Foundation/Application), Array, Object(Closure))
#18 D:/josej/Documents/Proyectos/ExamenDeGrado/C#/php/ugb/vendor/laravel/framework/src/Illuminate/Container/Container.php(801): Illuminate/Container/BoundMethod::call(Object(Illuminate/Foundation/Application), Array, Array, NULL)
#19 D:/josej/Documents/Proyectos/ExamenDeGrado/C#/php/ugb/vendor/laravel/framework/src/Illuminate/Console/Command.php(292): Illuminate/Container/Container->call(Array)
#20 D:/josej/Documents/Proyectos/ExamenDeGrado/C#/php/ugb/vendor/symfony/console/Command/Command.php(284): Illuminate/Console/Command->execute(Object(Symfony/Component/Console/Input/ArgvInput), Object(Illuminate/Console/OutputStyle))
#21 D:/josej/Documents/Proyectos/ExamenDeGrado/C#/php/ugb/vendor/laravel/framework/src/Illuminate/Console/Command.php(261): Symfony/Component/Console/Command/Command->run(Object(Symfony/Component/Console/Input/ArgvInput), Object(Illuminate/Console/OutputStyle))
#22 D:/josej/Documents/Proyectos/ExamenDeGrado/C#/php/ugb/vendor/symfony/console/Application.php(1144): Illuminate/Console/Command->run(Object(Symfony/Component/Console/Input/ArgvInput), Object(Symfony/Component/Console/Output/ConsoleOutput))
#23 D:/josej/Documents/Proyectos/ExamenDeGrado/C#/php/ugb/vendor/symfony/console/Application.php(379): Symfony/Component/Console/Application->doRunCommand(Object(Illuminate/Queue/Console/WorkCommand), Object(Symfony/Component/Console/Input/ArgvInput), Object(Symfony/Component/Console/Output/ConsoleOutput))
#24 D:/josej/Documents/Proyectos/ExamenDeGrado/C#/php/ugb/vendor/symfony/console/Application.php(218): Symfony/Component/Console/Application->doRun(Object(Symfony/Component/Console/Input/ArgvInput), Object(Symfony/Component/Console/Output/ConsoleOutput))
#25 D:/josej/Documents/Proyectos/ExamenDeGrado/C#/php/ugb/vendor/laravel/framework/src/Illuminate/Foundation/Console/Kernel.php(198): Symfony/Component/Console/Application->run(Object(Symfony/Component/Console/Input/ArgvInput), Object(Symfony/Component/Console/Output/ConsoleOutput))
#26 D:/josej/Documents/Proyectos/ExamenDeGrado/C#/php/ugb/vendor/laravel/framework/src/Illuminate/Foundation/Application.php(1242): Illuminate/Foundation/Console/Kernel->handle(Object(Symfony/Component/Console/Input/ArgvInput), Object(Symfony/Component/Console/Output/ConsoleOutput))
#27 D:/josej/Documents/Proyectos/ExamenDeGrado/C#/php/ugb/artisan(16): Illuminate/Foundation/Application->handleCommand(Object(Symfony/Component/Console/Input/ArgvInput))
#28 {main}
"} 
[2026-08-17 01:44:19] local.ERROR: SQLSTATE[HY000]: General error: 1 no such table: cache (Connection: sqlite, Database: D:\josej\Documents\Proyectos\ExamenDeGrado\C#\php\ugb\database\database.sqlite, SQL: select * from "cache" where "key" in (laravel-cache-illuminate:queues:paused, laravel-cache-illuminate:queue:paused:database:default)) {"exception":"[object] (Illuminate\\Database\\QueryException(code: HY000): SQLSTATE[HY000]: General error: 1 no such table: cache (Connection: sqlite, Database: D:\\josej\\Documents\\Proyectos\\ExamenDeGrado\\C#\\php\\ugb\\database\\database.sqlite, SQL: select * from \"cache\" where \"key\" in (laravel-cache-illuminate:queues:paused, laravel-cache-illuminate:queue:paused:database:default)) at D:/josej/Documents/Proyectos/ExamenDeGrado/C#/php/ugb/vendor/laravel/framework/src/Illuminate/Database/Connection.php:857)
[stacktrace]
#0 D:/josej/Documents/Proyectos/ExamenDeGrado/C#/php/ugb/vendor/laravel/framework/src/Illuminate/Database/Connection.php(813): Illuminate/Database/Connection->runQueryCallback('select * from \"...', Array, Object(Closure))
#1 D:/josej/Documents/Proyectos/ExamenDeGrado/C#/php/ugb/vendor/laravel/framework/src/Illuminate/Database/Connection.php(426): Illuminate/Database/Connection->run('select * from \"...', Array, Object(Closure))
#2 D:/josej/Documents/Proyectos/ExamenDeGrado/C#/php/ugb/vendor/laravel/framework/src/Illuminate/Database/Query/Builder.php(3573): Illuminate/Database/Connection->select('select * from \"...', Array, true, Array)
#3 D:/josej/Documents/Proyectos/ExamenDeGrado/C#/php/ugb/vendor/laravel/framework/src/Illuminate/Database/Query/Builder.php(3557): Illuminate/Database/Query/Builder->runSelect()
#4 D:/josej/Documents/Proyectos/ExamenDeGrado/C#/php/ugb/vendor/laravel/framework/src/Illuminate/Cache/DatabaseStore.php(142): Illuminate/Database/Query/Builder->get()
#5 D:/josej/Documents/Proyectos/ExamenDeGrado/C#/php/ugb/vendor/laravel/framework/src/Illuminate/Cache/Repository.php(167): Illuminate/Cache/DatabaseStore->many(Array)
#6 D:/josej/Documents/Proyectos/ExamenDeGrado/C#/php/ugb/vendor/laravel/framework/src/Illuminate/Queue/QueueManager.php(335): Illuminate/Cache/Repository->many(Array)
#7 D:/josej/Documents/Proyectos/ExamenDeGrado/C#/php/ugb/vendor/laravel/framework/src/Illuminate/Queue/Worker.php(489): Illuminate/Queue/QueueManager->getPausedQueues('database', Array)
#8 D:/josej/Documents/Proyectos/ExamenDeGrado/C#/php/ugb/vendor/laravel/framework/src/Illuminate/Queue/Worker.php(450): Illuminate/Queue/Worker->getPausedQueues('database', Array)
#9 D:/josej/Documents/Proyectos/ExamenDeGrado/C#/php/ugb/vendor/laravel/framework/src/Illuminate/Queue/Worker.php(410): Illuminate/Queue/Worker->getNextJob(Object(Illuminate/Queue/DatabaseQueue), 'default')
#10 D:/josej/Documents/Proyectos/ExamenDeGrado/C#/php/ugb/vendor/laravel/framework/src/Illuminate/Queue/Console/WorkCommand.php(149): Illuminate/Queue/Worker->runNextJob('database', 'default', Object(Illuminate/Queue/WorkerOptions))
#11 D:/josej/Documents/Proyectos/ExamenDeGrado/C#/php/ugb/vendor/laravel/framework/src/Illuminate/Queue/Console/WorkCommand.php(132): Illuminate/Queue/Console/WorkCommand->runWorker('database', 'default')
#12 D:/josej/Documents/Proyectos/ExamenDeGrado/C#/php/ugb/vendor/laravel/framework/src/Illuminate/Container/BoundMethod.php(36): Illuminate/Queue/Console/WorkCommand->handle()
#13 D:/josej/Documents/Proyectos/ExamenDeGrado/C#/php/ugb/vendor/laravel/framework/src/Illuminate/Container/Util.php(43): Illuminate/Container/BoundMethod::{closure:Illuminate/Container/BoundMethod::call():35}()
#14 D:/josej/Documents/Proyectos/ExamenDeGrado/C#/php/ugb/vendor/laravel/framework/src/Illuminate/Container/BoundMethod.php(96): Illuminate/Container/Util::unwrapIfClosure(Object(Closure))
#15 D:/josej/Documents/Proyectos/ExamenDeGrado/C#/php/ugb/vendor/laravel/framework/src/Illuminate/Container/BoundMethod.php(35): Illuminate/Container/BoundMethod::callBoundMethod(Object(Illuminate/Foundation/Application), Array, Object(Closure))
#16 D:/josej/Documents/Proyectos/ExamenDeGrado/C#/php/ugb/vendor/laravel/framework/src/Illuminate/Container/Container.php(801): Illuminate/Container/BoundMethod::call(Object(Illuminate/Foundation/Application), Array, Array, NULL)
#17 D:/josej/Documents/Proyectos/ExamenDeGrado/C#/php/ugb/vendor/laravel/framework/src/Illuminate/Console/Command.php(292): Illuminate/Container/Container->call(Array)
#18 D:/josej/Documents/Proyectos/ExamenDeGrado/C#/php/ugb/vendor/symfony/console/Command/Command.php(284): Illuminate/Console/Command->execute(Object(Symfony/Component/Console/Input/ArgvInput), Object(Illuminate/Console/OutputStyle))
#19 D:/josej/Documents/Proyectos/ExamenDeGrado/C#/php/ugb/vendor/laravel/framework/src/Illuminate/Console/Command.php(261): Symfony/Component/Console/Command/Command->run(Object(Symfony/Component/Console/Input/ArgvInput), Object(Illuminate/Console/OutputStyle))
#20 D:/josej/Documents/Proyectos/ExamenDeGrado/C#/php/ugb/vendor/symfony/console/Application.php(1144): Illuminate/Console/Command->run(Object(Symfony/Component/Console/Input/ArgvInput), Object(Symfony/Component/Console/Output/ConsoleOutput))
#21 D:/josej/Documents/Proyectos/ExamenDeGrado/C#/php/ugb/vendor/symfony/console/Application.php(379): Symfony/Component/Console/Application->doRunCommand(Object(Illuminate/Queue/Console/WorkCommand), Object(Symfony/Component/Console/Input/ArgvInput), Object(Symfony/Component/Console/Output/ConsoleOutput))
#22 D:/josej/Documents/Proyectos/ExamenDeGrado/C#/php/ugb/vendor/symfony/console/Application.php(218): Symfony/Component/Console/Application->doRun(Object(Symfony/Component/Console/Input/ArgvInput), Object(Symfony/Component/Console/Output/ConsoleOutput))
#23 D:/josej/Documents/Proyectos/ExamenDeGrado/C#/php/ugb/vendor/laravel/framework/src/Illuminate/Foundation/Console/Kernel.php(198): Symfony/Component/Console/Application->run(Object(Symfony/Component/Console/Input/ArgvInput), Object(Symfony/Component/Console/Output/ConsoleOutput))
#24 D:/josej/Documents/Proyectos/ExamenDeGrado/C#/php/ugb/vendor/laravel/framework/src/Illuminate/Foundation/Application.php(1242): Illuminate/Foundation/Console/Kernel->handle(Object(Symfony/Component/Console/Input/ArgvInput), Object(Symfony/Component/Console/Output/ConsoleOutput))
#25 D:/josej/Documents/Proyectos/ExamenDeGrado/C#/php/ugb/artisan(16): Illuminate/Foundation/Application->handleCommand(Object(Symfony/Component/Console/Input/ArgvInput))
#26 {main}

[previous exception] [object] (PDOException(code: HY000): SQLSTATE[HY000]: General error: 1 no such table: cache at D:/josej/Documents/Proyectos/ExamenDeGrado/C#/php/ugb/vendor/laravel/framework/src/Illuminate/Database/Connection.php:435)
[stacktrace]
#0 D:/josej/Documents/Proyectos/ExamenDeGrado/C#/php/ugb/vendor/laravel/framework/src/Illuminate/Database/Connection.php(435): PDO->prepare('select * from \"...')
#1 D:/josej/Documents/Proyectos/ExamenDeGrado/C#/php/ugb/vendor/laravel/framework/src/Illuminate/Database/Connection.php(846): Illuminate/Database/Connection->{closure:Illuminate/Database/Connection::select():426}('select * from \"...', Array)
#2 D:/josej/Documents/Proyectos/ExamenDeGrado/C#/php/ugb/vendor/laravel/framework/src/Illuminate/Database/Connection.php(813): Illuminate/Database/Connection->runQueryCallback('select * from \"...', Array, Object(Closure))
#3 D:/josej/Documents/Proyectos/ExamenDeGrado/C#/php/ugb/vendor/laravel/framework/src/Illuminate/Database/Connection.php(426): Illuminate/Database/Connection->run('select * from \"...', Array, Object(Closure))
#4 D:/josej/Documents/Proyectos/ExamenDeGrado/C#/php/ugb/vendor/laravel/framework/src/Illuminate/Database/Query/Builder.php(3573): Illuminate/Database/Connection->select('select * from \"...', Array, true, Array)
#5 D:/josej/Documents/Proyectos/ExamenDeGrado/C#/php/ugb/vendor/laravel/framework/src/Illuminate/Database/Query/Builder.php(3557): Illuminate/Database/Query/Builder->runSelect()
#6 D:/josej/Documents/Proyectos/ExamenDeGrado/C#/php/ugb/vendor/laravel/framework/src/Illuminate/Cache/DatabaseStore.php(142): Illuminate/Database/Query/Builder->get()
#7 D:/josej/Documents/Proyectos/ExamenDeGrado/C#/php/ugb/vendor/laravel/framework/src/Illuminate/Cache/Repository.php(167): Illuminate/Cache/DatabaseStore->many(Array)
#8 D:/josej/Documents/Proyectos/ExamenDeGrado/C#/php/ugb/vendor/laravel/framework/src/Illuminate/Queue/QueueManager.php(335): Illuminate/Cache/Repository->many(Array)
#9 D:/josej/Documents/Proyectos/ExamenDeGrado/C#/php/ugb/vendor/laravel/framework/src/Illuminate/Queue/Worker.php(489): Illuminate/Queue/QueueManager->getPausedQueues('database', Array)
#10 D:/josej/Documents/Proyectos/ExamenDeGrado/C#/php/ugb/vendor/laravel/framework/src/Illuminate/Queue/Worker.php(450): Illuminate/Queue/Worker->getPausedQueues('database', Array)
#11 D:/josej/Documents/Proyectos/ExamenDeGrado/C#/php/ugb/vendor/laravel/framework/src/Illuminate/Queue/Worker.php(410): Illuminate/Queue/Worker->getNextJob(Object(Illuminate/Queue/DatabaseQueue), 'default')
#12 D:/josej/Documents/Proyectos/ExamenDeGrado/C#/php/ugb/vendor/laravel/framework/src/Illuminate/Queue/Console/WorkCommand.php(149): Illuminate/Queue/Worker->runNextJob('database', 'default', Object(Illuminate/Queue/WorkerOptions))
#13 D:/josej/Documents/Proyectos/ExamenDeGrado/C#/php/ugb/vendor/laravel/framework/src/Illuminate/Queue/Console/WorkCommand.php(132): Illuminate/Queue/Console/WorkCommand->runWorker('database', 'default')
#14 D:/josej/Documents/Proyectos/ExamenDeGrado/C#/php/ugb/vendor/laravel/framework/src/Illuminate/Container/BoundMethod.php(36): Illuminate/Queue/Console/WorkCommand->handle()
#15 D:/josej/Documents/Proyectos/ExamenDeGrado/C#/php/ugb/vendor/laravel/framework/src/Illuminate/Container/Util.php(43): Illuminate/Container/BoundMethod::{closure:Illuminate/Container/BoundMethod::call():35}()
#16 D:/josej/Documents/Proyectos/ExamenDeGrado/C#/php/ugb/vendor/laravel/framework/src/Illuminate/Container/BoundMethod.php(96): Illuminate/Container/Util::unwrapIfClosure(Object(Closure))
#17 D:/josej/Documents/Proyectos/ExamenDeGrado/C#/php/ugb/vendor/laravel/framework/src/Illuminate/Container/BoundMethod.php(35): Illuminate/Container/BoundMethod::callBoundMethod(Object(Illuminate/Foundation/Application), Array, Object(Closure))
#18 D:/josej/Documents/Proyectos/ExamenDeGrado/C#/php/ugb/vendor/laravel/framework/src/Illuminate/Container/Container.php(801): Illuminate/Container/BoundMethod::call(Object(Illuminate/Foundation/Application), Array, Array, NULL)
#19 D:/josej/Documents/Proyectos/ExamenDeGrado/C#/php/ugb/vendor/laravel/framework/src/Illuminate/Console/Command.php(292): Illuminate/Container/Container->call(Array)
#20 D:/josej/Documents/Proyectos/ExamenDeGrado/C#/php/ugb/vendor/symfony/console/Command/Command.php(284): Illuminate/Console/Command->execute(Object(Symfony/Component/Console/Input/ArgvInput), Object(Illuminate/Console/OutputStyle))
#21 D:/josej/Documents/Proyectos/ExamenDeGrado/C#/php/ugb/vendor/laravel/framework/src/Illuminate/Console/Command.php(261): Symfony/Component/Console/Command/Command->run(Object(Symfony/Component/Console/Input/ArgvInput), Object(Illuminate/Console/OutputStyle))
#22 D:/josej/Documents/Proyectos/ExamenDeGrado/C#/php/ugb/vendor/symfony/console/Application.php(1144): Illuminate/Console/Command->run(Object(Symfony/Component/Console/Input/ArgvInput), Object(Symfony/Component/Console/Output/ConsoleOutput))
#23 D:/josej/Documents/Proyectos/ExamenDeGrado/C#/php/ugb/vendor/symfony/console/Application.php(379): Symfony/Component/Console/Application->doRunCommand(Object(Illuminate/Queue/Console/WorkCommand), Object(Symfony/Component/Console/Input/ArgvInput), Object(Symfony/Component/Console/Output/ConsoleOutput))
#24 D:/josej/Documents/Proyectos/ExamenDeGrado/C#/php/ugb/vendor/symfony/console/Application.php(218): Symfony/Component/Console/Application->doRun(Object(Symfony/Component/Console/Input/ArgvInput), Object(Symfony/Component/Console/Output/ConsoleOutput))
#25 D:/josej/Documents/Proyectos/ExamenDeGrado/C#/php/ugb/vendor/laravel/framework/src/Illuminate/Foundation/Console/Kernel.php(198): Symfony/Component/Console/Application->run(Object(Symfony/Component/Console/Input/ArgvInput), Object(Symfony/Component/Console/Output/ConsoleOutput))
#26 D:/josej/Documents/Proyectos/ExamenDeGrado/C#/php/ugb/vendor/laravel/framework/src/Illuminate/Foundation/Application.php(1242): Illuminate/Foundation/Console/Kernel->handle(Object(Symfony/Component/Console/Input/ArgvInput), Object(Symfony/Component/Console/Output/ConsoleOutput))
#27 D:/josej/Documents/Proyectos/ExamenDeGrado/C#/php/ugb/artisan(16): Illuminate/Foundation/Application->handleCommand(Object(Symfony/Component/Console/Input/ArgvInput))
#28 {main}
"} 
[2026-08-17 01:44:24] local.ERROR: SQLSTATE[HY000]: General error: 1 no such table: cache (Connection: sqlite, Database: D:\josej\Documents\Proyectos\ExamenDeGrado\C#\php\ugb\database\database.sqlite, SQL: select * from "cache" where "key" in (laravel-cache-illuminate:queues:paused, laravel-cache-illuminate:queue:paused:database:default)) {"exception":"[object] (Illuminate\\Database\\QueryException(code: HY000): SQLSTATE[HY000]: General error: 1 no such table: cache (Connection: sqlite, Database: D:\\josej\\Documents\\Proyectos\\ExamenDeGrado\\C#\\php\\ugb\\database\\database.sqlite, SQL: select * from \"cache\" where \"key\" in (laravel-cache-illuminate:queues:paused, laravel-cache-illuminate:queue:paused:database:default)) at D:/josej/Documents/Proyectos/ExamenDeGrado/C#/php/ugb/vendor/laravel/framework/src/Illuminate/Database/Connection.php:857)
[stacktrace]
#0 D:/josej/Documents/Proyectos/ExamenDeGrado/C#/php/ugb/vendor/laravel/framework/src/Illuminate/Database/Connection.php(813): Illuminate/Database/Connection->runQueryCallback('select * from \"...', Array, Object(Closure))
#1 D:/josej/Documents/Proyectos/ExamenDeGrado/C#/php/ugb/vendor/laravel/framework/src/Illuminate/Database/Connection.php(426): Illuminate/Database/Connection->run('select * from \"...', Array, Object(Closure))
#2 D:/josej/Documents/Proyectos/ExamenDeGrado/C#/php/ugb/vendor/laravel/framework/src/Illuminate/Database/Query/Builder.php(3573): Illuminate/Database/Connection->select('select * from \"...', Array, true, Array)
#3 D:/josej/Documents/Proyectos/ExamenDeGrado/C#/php/ugb/vendor/laravel/framework/src/Illuminate/Database/Query/Builder.php(3557): Illuminate/Database/Query/Builder->runSelect()
#4 D:/josej/Documents/Proyectos/ExamenDeGrado/C#/php/ugb/vendor/laravel/framework/src/Illuminate/Cache/DatabaseStore.php(142): Illuminate/Database/Query/Builder->get()
#5 D:/josej/Documents/Proyectos/ExamenDeGrado/C#/php/ugb/vendor/laravel/framework/src/Illuminate/Cache/Repository.php(167): Illuminate/Cache/DatabaseStore->many(Array)
#6 D:/josej/Documents/Proyectos/ExamenDeGrado/C#/php/ugb/vendor/laravel/framework/src/Illuminate/Queue/QueueManager.php(335): Illuminate/Cache/Repository->many(Array)
#7 D:/josej/Documents/Proyectos/ExamenDeGrado/C#/php/ugb/vendor/laravel/framework/src/Illuminate/Queue/Worker.php(489): Illuminate/Queue/QueueManager->getPausedQueues('database', Array)
#8 D:/josej/Documents/Proyectos/ExamenDeGrado/C#/php/ugb/vendor/laravel/framework/src/Illuminate/Queue/Worker.php(450): Illuminate/Queue/Worker->getPausedQueues('database', Array)
#9 D:/josej/Documents/Proyectos/ExamenDeGrado/C#/php/ugb/vendor/laravel/framework/src/Illuminate/Queue/Worker.php(410): Illuminate/Queue/Worker->getNextJob(Object(Illuminate/Queue/DatabaseQueue), 'default')
#10 D:/josej/Documents/Proyectos/ExamenDeGrado/C#/php/ugb/vendor/laravel/framework/src/Illuminate/Queue/Console/WorkCommand.php(149): Illuminate/Queue/Worker->runNextJob('database', 'default', Object(Illuminate/Queue/WorkerOptions))
#11 D:/josej/Documents/Proyectos/ExamenDeGrado/C#/php/ugb/vendor/laravel/framework/src/Illuminate/Queue/Console/WorkCommand.php(132): Illuminate/Queue/Console/WorkCommand->runWorker('database', 'default')
#12 D:/josej/Documents/Proyectos/ExamenDeGrado/C#/php/ugb/vendor/laravel/framework/src/Illuminate/Container/BoundMethod.php(36): Illuminate/Queue/Console/WorkCommand->handle()
#13 D:/josej/Documents/Proyectos/ExamenDeGrado/C#/php/ugb/vendor/laravel/framework/src/Illuminate/Container/Util.php(43): Illuminate/Container/BoundMethod::{closure:Illuminate/Container/BoundMethod::call():35}()
#14 D:/josej/Documents/Proyectos/ExamenDeGrado/C#/php/ugb/vendor/laravel/framework/src/Illuminate/Container/BoundMethod.php(96): Illuminate/Container/Util::unwrapIfClosure(Object(Closure))
#15 D:/josej/Documents/Proyectos/ExamenDeGrado/C#/php/ugb/vendor/laravel/framework/src/Illuminate/Container/BoundMethod.php(35): Illuminate/Container/BoundMethod::callBoundMethod(Object(Illuminate/Foundation/Application), Array, Object(Closure))
#16 D:/josej/Documents/Proyectos/ExamenDeGrado/C#/php/ugb/vendor/laravel/framework/src/Illuminate/Container/Container.php(801): Illuminate/Container/BoundMethod::call(Object(Illuminate/Foundation/Application), Array, Array, NULL)
#17 D:/josej/Documents/Proyectos/ExamenDeGrado/C#/php/ugb/vendor/laravel/framework/src/Illuminate/Console/Command.php(292): Illuminate/Container/Container->call(Array)
#18 D:/josej/Documents/Proyectos/ExamenDeGrado/C#/php/ugb/vendor/symfony/console/Command/Command.php(284): Illuminate/Console/Command->execute(Object(Symfony/Component/Console/Input/ArgvInput), Object(Illuminate/Console/OutputStyle))
#19 D:/josej/Documents/Proyectos/ExamenDeGrado/C#/php/ugb/vendor/laravel/framework/src/Illuminate/Console/Command.php(261): Symfony/Component/Console/Command/Command->run(Object(Symfony/Component/Console/Input/ArgvInput), Object(Illuminate/Console/OutputStyle))
#20 D:/josej/Documents/Proyectos/ExamenDeGrado/C#/php/ugb/vendor/symfony/console/Application.php(1144): Illuminate/Console/Command->run(Object(Symfony/Component/Console/Input/ArgvInput), Object(Symfony/Component/Console/Output/ConsoleOutput))
#21 D:/josej/Documents/Proyectos/ExamenDeGrado/C#/php/ugb/vendor/symfony/console/Application.php(379): Symfony/Component/Console/Application->doRunCommand(Object(Illuminate/Queue/Console/WorkCommand), Object(Symfony/Component/Console/Input/ArgvInput), Object(Symfony/Component/Console/Output/ConsoleOutput))
#22 D:/josej/Documents/Proyectos/ExamenDeGrado/C#/php/ugb/vendor/symfony/console/Application.php(218): Symfony/Component/Console/Application->doRun(Object(Symfony/Component/Console/Input/ArgvInput), Object(Symfony/Component/Console/Output/ConsoleOutput))
#23 D:/josej/Documents/Proyectos/ExamenDeGrado/C#/php/ugb/vendor/laravel/framework/src/Illuminate/Foundation/Console/Kernel.php(198): Symfony/Component/Console/Application->run(Object(Symfony/Component/Console/Input/ArgvInput), Object(Symfony/Component/Console/Output/ConsoleOutput))
#24 D:/josej/Documents/Proyectos/ExamenDeGrado/C#/php/ugb/vendor/laravel/framework/src/Illuminate/Foundation/Application.php(1242): Illuminate/Foundation/Console/Kernel->handle(Object(Symfony/Component/Console/Input/ArgvInput), Object(Symfony/Component/Console/Output/ConsoleOutput))
#25 D:/josej/Documents/Proyectos/ExamenDeGrado/C#/php/ugb/artisan(16): Illuminate/Foundation/Application->handleCommand(Object(Symfony/Component/Console/Input/ArgvInput))
#26 {main}

[previous exception] [object] (PDOException(code: HY000): SQLSTATE[HY000]: General error: 1 no such table: cache at D:/josej/Documents/Proyectos/ExamenDeGrado/C#/php/ugb/vendor/laravel/framework/src/Illuminate/Database/Connection.php:435)
[stacktrace]
#0 D:/josej/Documents/Proyectos/ExamenDeGrado/C#/php/ugb/vendor/laravel/framework/src/Illuminate/Database/Connection.php(435): PDO->prepare('select * from \"...')
#1 D:/josej/Documents/Proyectos/ExamenDeGrado/C#/php/ugb/vendor/laravel/framework/src/Illuminate/Database/Connection.php(846): Illuminate/Database/Connection->{closure:Illuminate/Database/Connection::select():426}('select * from \"...', Array)
#2 D:/josej/Documents/Proyectos/ExamenDeGrado/C#/php/ugb/vendor/laravel/framework/src/Illuminate/Database/Connection.php(813): Illuminate/Database/Connection->runQueryCallback('select * from \"...', Array, Object(Closure))
#3 D:/josej/Documents/Proyectos/ExamenDeGrado/C#/php/ugb/vendor/laravel/framework/src/Illuminate/Database/Connection.php(426): Illuminate/Database/Connection->run('select * from \"...', Array, Object(Closure))
#4 D:/josej/Documents/Proyectos/ExamenDeGrado/C#/php/ugb/vendor/laravel/framework/src/Illuminate/Database/Query/Builder.php(3573): Illuminate/Database/Connection->select('select * from \"...', Array, true, Array)
#5 D:/josej/Documents/Proyectos/ExamenDeGrado/C#/php/ugb/vendor/laravel/framework/src/Illuminate/Database/Query/Builder.php(3557): Illuminate/Database/Query/Builder->runSelect()
#6 D:/josej/Documents/Proyectos/ExamenDeGrado/C#/php/ugb/vendor/laravel/framework/src/Illuminate/Cache/DatabaseStore.php(142): Illuminate/Database/Query/Builder->get()
#7 D:/josej/Documents/Proyectos/ExamenDeGrado/C#/php/ugb/vendor/laravel/framework/src/Illuminate/Cache/Repository.php(167): Illuminate/Cache/DatabaseStore->many(Array)
#8 D:/josej/Documents/Proyectos/ExamenDeGrado/C#/php/ugb/vendor/laravel/framework/src/Illuminate/Queue/QueueManager.php(335): Illuminate/Cache/Repository->many(Array)
#9 D:/josej/Documents/Proyectos/ExamenDeGrado/C#/php/ugb/vendor/laravel/framework/src/Illuminate/Queue/Worker.php(489): Illuminate/Queue/QueueManager->getPausedQueues('database', Array)
#10 D:/josej/Documents/Proyectos/ExamenDeGrado/C#/php/ugb/vendor/laravel/framework/src/Illuminate/Queue/Worker.php(450): Illuminate/Queue/Worker->getPausedQueues('database', Array)
#11 D:/josej/Documents/Proyectos/ExamenDeGrado/C#/php/ugb/vendor/laravel/framework/src/Illuminate/Queue/Worker.php(410): Illuminate/Queue/Worker->getNextJob(Object(Illuminate/Queue/DatabaseQueue), 'default')
#12 D:/josej/Documents/Proyectos/ExamenDeGrado/C#/php/ugb/vendor/laravel/framework/src/Illuminate/Queue/Console/WorkCommand.php(149): Illuminate/Queue/Worker->runNextJob('database', 'default', Object(Illuminate/Queue/WorkerOptions))
#13 D:/josej/Documents/Proyectos/ExamenDeGrado/C#/php/ugb/vendor/laravel/framework/src/Illuminate/Queue/Console/WorkCommand.php(132): Illuminate/Queue/Console/WorkCommand->runWorker('database', 'default')
#14 D:/josej/Documents/Proyectos/ExamenDeGrado/C#/php/ugb/vendor/laravel/framework/src/Illuminate/Container/BoundMethod.php(36): Illuminate/Queue/Console/WorkCommand->handle()
#15 D:/josej/Documents/Proyectos/ExamenDeGrado/C#/php/ugb/vendor/laravel/framework/src/Illuminate/Container/Util.php(43): Illuminate/Container/BoundMethod::{closure:Illuminate/Container/BoundMethod::call():35}()
#16 D:/josej/Documents/Proyectos/ExamenDeGrado/C#/php/ugb/vendor/laravel/framework/src/Illuminate/Container/BoundMethod.php(96): Illuminate/Container/Util::unwrapIfClosure(Object(Closure))
#17 D:/josej/Documents/Proyectos/ExamenDeGrado/C#/php/ugb/vendor/laravel/framework/src/Illuminate/Container/BoundMethod.php(35): Illuminate/Container/BoundMethod::callBoundMethod(Object(Illuminate/Foundation/Application), Array, Object(Closure))
#18 D:/josej/Documents/Proyectos/ExamenDeGrado/C#/php/ugb/vendor/laravel/framework/src/Illuminate/Container/Container.php(801): Illuminate/Container/BoundMethod::call(Object(Illuminate/Foundation/Application), Array, Array, NULL)
#19 D:/josej/Documents/Proyectos/ExamenDeGrado/C#/php/ugb/vendor/laravel/framework/src/Illuminate/Console/Command.php(292): Illuminate/Container/Container->call(Array)
#20 D:/josej/Documents/Proyectos/ExamenDeGrado/C#/php/ugb/vendor/symfony/console/Command/Command.php(284): Illuminate/Console/Command->execute(Object(Symfony/Component/Console/Input/ArgvInput), Object(Illuminate/Console/OutputStyle))
#21 D:/josej/Documents/Proyectos/ExamenDeGrado/C#/php/ugb/vendor/laravel/framework/src/Illuminate/Console/Command.php(261): Symfony/Component/Console/Command/Command->run(Object(Symfony/Component/Console/Input/ArgvInput), Object(Illuminate/Console/OutputStyle))
#22 D:/josej/Documents/Proyectos/ExamenDeGrado/C#/php/ugb/vendor/symfony/console/Application.php(1144): Illuminate/Console/Command->run(Object(Symfony/Component/Console/Input/ArgvInput), Object(Symfony/Component/Console/Output/ConsoleOutput))
#23 D:/josej/Documents/Proyectos/ExamenDeGrado/C#/php/ugb/vendor/symfony/console/Application.php(379): Symfony/Component/Console/Application->doRunCommand(Object(Illuminate/Queue/Console/WorkCommand), Object(Symfony/Component/Console/Input/ArgvInput), Object(Symfony/Component/Console/Output/ConsoleOutput))
#24 D:/josej/Documents/Proyectos/ExamenDeGrado/C#/php/ugb/vendor/symfony/console/Application.php(218): Symfony/Component/Console/Application->doRun(Object(Symfony/Component/Console/Input/ArgvInput), Object(Symfony/Component/Console/Output/ConsoleOutput))
#25 D:/josej/Documents/Proyectos/ExamenDeGrado/C#/php/ugb/vendor/laravel/framework/src/Illuminate/Foundation/Console/Kernel.php(198): Symfony/Component/Console/Application->run(Object(Symfony/Component/Console/Input/ArgvInput), Object(Symfony/Component/Console/Output/ConsoleOutput))
#26 D:/josej/Documents/Proyectos/ExamenDeGrado/C#/php/ugb/vendor/laravel/framework/src/Illuminate/Foundation/Application.php(1242): Illuminate/Foundation/Console/Kernel->handle(Object(Symfony/Component/Console/Input/ArgvInput), Object(Symfony/Component/Console/Output/ConsoleOutput))
#27 D:/josej/Documents/Proyectos/ExamenDeGrado/C#/php/ugb/artisan(16): Illuminate/Foundation/Application->handleCommand(Object(Symfony/Component/Console/Input/ArgvInput))
#28 {main}
"} 
[2026-08-17 01:44:28] local.ERROR: SQLSTATE[HY000]: General error: 1 no such table: cache (Connection: sqlite, Database: D:\josej\Documents\Proyectos\ExamenDeGrado\C#\php\ugb\database\database.sqlite, SQL: select * from "cache" where "key" in (laravel-cache-illuminate:queues:paused, laravel-cache-illuminate:queue:paused:database:default)) {"exception":"[object] (Illuminate\\Database\\QueryException(code: HY000): SQLSTATE[HY000]: General error: 1 no such table: cache (Connection: sqlite, Database: D:\\josej\\Documents\\Proyectos\\ExamenDeGrado\\C#\\php\\ugb\\database\\database.sqlite, SQL: select * from \"cache\" where \"key\" in (laravel-cache-illuminate:queues:paused, laravel-cache-illuminate:queue:paused:database:default)) at D:/josej/Documents/Proyectos/ExamenDeGrado/C#/php/ugb/vendor/laravel/framework/src/Illuminate/Database/Connection.php:857)
[stacktrace]
#0 D:/josej/Documents/Proyectos/ExamenDeGrado/C#/php/ugb/vendor/laravel/framework/src/Illuminate/Database/Connection.php(813): Illuminate/Database/Connection->runQueryCallback('select * from \"...', Array, Object(Closure))
#1 D:/josej/Documents/Proyectos/ExamenDeGrado/C#/php/ugb/vendor/laravel/framework/src/Illuminate/Database/Connection.php(426): Illuminate/Database/Connection->run('select * from \"...', Array, Object(Closure))
#2 D:/josej/Documents/Proyectos/ExamenDeGrado/C#/php/ugb/vendor/laravel/framework/src/Illuminate/Database/Query/Builder.php(3573): Illuminate/Database/Connection->select('select * from \"...', Array, true, Array)
#3 D:/josej/Documents/Proyectos/ExamenDeGrado/C#/php/ugb/vendor/laravel/framework/src/Illuminate/Database/Query/Builder.php(3557): Illuminate/Database/Query/Builder->runSelect()
#4 D:/josej/Documents/Proyectos/ExamenDeGrado/C#/php/ugb/vendor/laravel/framework/src/Illuminate/Cache/DatabaseStore.php(142): Illuminate/Database/Query/Builder->get()
#5 D:/josej/Documents/Proyectos/ExamenDeGrado/C#/php/ugb/vendor/laravel/framework/src/Illuminate/Cache/Repository.php(167): Illuminate/Cache/DatabaseStore->many(Array)
#6 D:/josej/Documents/Proyectos/ExamenDeGrado/C#/php/ugb/vendor/laravel/framework/src/Illuminate/Queue/QueueManager.php(335): Illuminate/Cache/Repository->many(Array)
#7 D:/josej/Documents/Proyectos/ExamenDeGrado/C#/php/ugb/vendor/laravel/framework/src/Illuminate/Queue/Worker.php(489): Illuminate/Queue/QueueManager->getPausedQueues('database', Array)
#8 D:/josej/Documents/Proyectos/ExamenDeGrado/C#/php/ugb/vendor/laravel/framework/src/Illuminate/Queue/Worker.php(450): Illuminate/Queue/Worker->getPausedQueues('database', Array)
#9 D:/josej/Documents/Proyectos/ExamenDeGrado/C#/php/ugb/vendor/laravel/framework/src/Illuminate/Queue/Worker.php(410): Illuminate/Queue/Worker->getNextJob(Object(Illuminate/Queue/DatabaseQueue), 'default')
#10 D:/josej/Documents/Proyectos/ExamenDeGrado/C#/php/ugb/vendor/laravel/framework/src/Illuminate/Queue/Console/WorkCommand.php(149): Illuminate/Queue/Worker->runNextJob('database', 'default', Object(Illuminate/Queue/WorkerOptions))
#11 D:/josej/Documents/Proyectos/ExamenDeGrado/C#/php/ugb/vendor/laravel/framework/src/Illuminate/Queue/Console/WorkCommand.php(132): Illuminate/Queue/Console/WorkCommand->runWorker('database', 'default')
#12 D:/josej/Documents/Proyectos/ExamenDeGrado/C#/php/ugb/vendor/laravel/framework/src/Illuminate/Container/BoundMethod.php(36): Illuminate/Queue/Console/WorkCommand->handle()
#13 D:/josej/Documents/Proyectos/ExamenDeGrado/C#/php/ugb/vendor/laravel/framework/src/Illuminate/Container/Util.php(43): Illuminate/Container/BoundMethod::{closure:Illuminate/Container/BoundMethod::call():35}()
#14 D:/josej/Documents/Proyectos/ExamenDeGrado/C#/php/ugb/vendor/laravel/framework/src/Illuminate/Container/BoundMethod.php(96): Illuminate/Container/Util::unwrapIfClosure(Object(Closure))
#15 D:/josej/Documents/Proyectos/ExamenDeGrado/C#/php/ugb/vendor/laravel/framework/src/Illuminate/Container/BoundMethod.php(35): Illuminate/Container/BoundMethod::callBoundMethod(Object(Illuminate/Foundation/Application), Array, Object(Closure))
#16 D:/josej/Documents/Proyectos/ExamenDeGrado/C#/php/ugb/vendor/laravel/framework/src/Illuminate/Container/Container.php(801): Illuminate/Container/BoundMethod::call(Object(Illuminate/Foundation/Application), Array, Array, NULL)
#17 D:/josej/Documents/Proyectos/ExamenDeGrado/C#/php/ugb/vendor/laravel/framework/src/Illuminate/Console/Command.php(292): Illuminate/Container/Container->call(Array)
#18 D:/josej/Documents/Proyectos/ExamenDeGrado/C#/php/ugb/vendor/symfony/console/Command/Command.php(284): Illuminate/Console/Command->execute(Object(Symfony/Component/Console/Input/ArgvInput), Object(Illuminate/Console/OutputStyle))
#19 D:/josej/Documents/Proyectos/ExamenDeGrado/C#/php/ugb/vendor/laravel/framework/src/Illuminate/Console/Command.php(261): Symfony/Component/Console/Command/Command->run(Object(Symfony/Component/Console/Input/ArgvInput), Object(Illuminate/Console/OutputStyle))
#20 D:/josej/Documents/Proyectos/ExamenDeGrado/C#/php/ugb/vendor/symfony/console/Application.php(1144): Illuminate/Console/Command->run(Object(Symfony/Component/Console/Input/ArgvInput), Object(Symfony/Component/Console/Output/ConsoleOutput))
#21 D:/josej/Documents/Proyectos/ExamenDeGrado/C#/php/ugb/vendor/symfony/console/Application.php(379): Symfony/Component/Console/Application->doRunCommand(Object(Illuminate/Queue/Console/WorkCommand), Object(Symfony/Component/Console/Input/ArgvInput), Object(Symfony/Component/Console/Output/ConsoleOutput))
#22 D:/josej/Documents/Proyectos/ExamenDeGrado/C#/php/ugb/vendor/symfony/console/Application.php(218): Symfony/Component/Console/Application->doRun(Object(Symfony/Component/Console/Input/ArgvInput), Object(Symfony/Component/Console/Output/ConsoleOutput))
#23 D:/josej/Documents/Proyectos/ExamenDeGrado/C#/php/ugb/vendor/laravel/framework/src/Illuminate/Foundation/Console/Kernel.php(198): Symfony/Component/Console/Application->run(Object(Symfony/Component/Console/Input/ArgvInput), Object(Symfony/Component/Console/Output/ConsoleOutput))
#24 D:/josej/Documents/Proyectos/ExamenDeGrado/C#/php/ugb/vendor/laravel/framework/src/Illuminate/Foundation/Application.php(1242): Illuminate/Foundation/Console/Kernel->handle(Object(Symfony/Component/Console/Input/ArgvInput), Object(Symfony/Component/Console/Output/ConsoleOutput))
#25 D:/josej/Documents/Proyectos/ExamenDeGrado/C#/php/ugb/artisan(16): Illuminate/Foundation/Application->handleCommand(Object(Symfony/Component/Console/Input/ArgvInput))
#26 {main}

[previous exception] [object] (PDOException(code: HY000): SQLSTATE[HY000]: General error: 1 no such table: cache at D:/josej/Documents/Proyectos/ExamenDeGrado/C#/php/ugb/vendor/laravel/framework/src/Illuminate/Database/Connection.php:435)
[stacktrace]
#0 D:/josej/Documents/Proyectos/ExamenDeGrado/C#/php/ugb/vendor/laravel/framework/src/Illuminate/Database/Connection.php(435): PDO->prepare('select * from \"...')
#1 D:/josej/Documents/Proyectos/ExamenDeGrado/C#/php/ugb/vendor/laravel/framework/src/Illuminate/Database/Connection.php(846): Illuminate/Database/Connection->{closure:Illuminate/Database/Connection::select():426}('select * from \"...', Array)
#2 D:/josej/Documents/Proyectos/ExamenDeGrado/C#/php/ugb/vendor/laravel/framework/src/Illuminate/Database/Connection.php(813): Illuminate/Database/Connection->runQueryCallback('select * from \"...', Array, Object(Closure))
#3 D:/josej/Documents/Proyectos/ExamenDeGrado/C#/php/ugb/vendor/laravel/framework/src/Illuminate/Database/Connection.php(426): Illuminate/Database/Connection->run('select * from \"...', Array, Object(Closure))
#4 D:/josej/Documents/Proyectos/ExamenDeGrado/C#/php/ugb/vendor/laravel/framework/src/Illuminate/Database/Query/Builder.php(3573): Illuminate/Database/Connection->select('select * from \"...', Array, true, Array)
#5 D:/josej/Documents/Proyectos/ExamenDeGrado/C#/php/ugb/vendor/laravel/framework/src/Illuminate/Database/Query/Builder.php(3557): Illuminate/Database/Query/Builder->runSelect()
#6 D:/josej/Documents/Proyectos/ExamenDeGrado/C#/php/ugb/vendor/laravel/framework/src/Illuminate/Cache/DatabaseStore.php(142): Illuminate/Database/Query/Builder->get()
#7 D:/josej/Documents/Proyectos/ExamenDeGrado/C#/php/ugb/vendor/laravel/framework/src/Illuminate/Cache/Repository.php(167): Illuminate/Cache/DatabaseStore->many(Array)
#8 D:/josej/Documents/Proyectos/ExamenDeGrado/C#/php/ugb/vendor/laravel/framework/src/Illuminate/Queue/QueueManager.php(335): Illuminate/Cache/Repository->many(Array)
#9 D:/josej/Documents/Proyectos/ExamenDeGrado/C#/php/ugb/vendor/laravel/framework/src/Illuminate/Queue/Worker.php(489): Illuminate/Queue/QueueManager->getPausedQueues('database', Array)
#10 D:/josej/Documents/Proyectos/ExamenDeGrado/C#/php/ugb/vendor/laravel/framework/src/Illuminate/Queue/Worker.php(450): Illuminate/Queue/Worker->getPausedQueues('database', Array)
#11 D:/josej/Documents/Proyectos/ExamenDeGrado/C#/php/ugb/vendor/laravel/framework/src/Illuminate/Queue/Worker.php(410): Illuminate/Queue/Worker->getNextJob(Object(Illuminate/Queue/DatabaseQueue), 'default')
#12 D:/josej/Documents/Proyectos/ExamenDeGrado/C#/php/ugb/vendor/laravel/framework/src/Illuminate/Queue/Console/WorkCommand.php(149): Illuminate/Queue/Worker->runNextJob('database', 'default', Object(Illuminate/Queue/WorkerOptions))
#13 D:/josej/Documents/Proyectos/ExamenDeGrado/C#/php/ugb/vendor/laravel/framework/src/Illuminate/Queue/Console/WorkCommand.php(132): Illuminate/Queue/Console/WorkCommand->runWorker('database', 'default')
#14 D:/josej/Documents/Proyectos/ExamenDeGrado/C#/php/ugb/vendor/laravel/framework/src/Illuminate/Container/BoundMethod.php(36): Illuminate/Queue/Console/WorkCommand->handle()
#15 D:/josej/Documents/Proyectos/ExamenDeGrado/C#/php/ugb/vendor/laravel/framework/src/Illuminate/Container/Util.php(43): Illuminate/Container/BoundMethod::{closure:Illuminate/Container/BoundMethod::call():35}()
#16 D:/josej/Documents/Proyectos/ExamenDeGrado/C#/php/ugb/vendor/laravel/framework/src/Illuminate/Container/BoundMethod.php(96): Illuminate/Container/Util::unwrapIfClosure(Object(Closure))
#17 D:/josej/Documents/Proyectos/ExamenDeGrado/C#/php/ugb/vendor/laravel/framework/src/Illuminate/Container/BoundMethod.php(35): Illuminate/Container/BoundMethod::callBoundMethod(Object(Illuminate/Foundation/Application), Array, Object(Closure))
#18 D:/josej/Documents/Proyectos/ExamenDeGrado/C#/php/ugb/vendor/laravel/framework/src/Illuminate/Container/Container.php(801): Illuminate/Container/BoundMethod::call(Object(Illuminate/Foundation/Application), Array, Array, NULL)
#19 D:/josej/Documents/Proyectos/ExamenDeGrado/C#/php/ugb/vendor/laravel/framework/src/Illuminate/Console/Command.php(292): Illuminate/Container/Container->call(Array)
#20 D:/josej/Documents/Proyectos/ExamenDeGrado/C#/php/ugb/vendor/symfony/console/Command/Command.php(284): Illuminate/Console/Command->execute(Object(Symfony/Component/Console/Input/ArgvInput), Object(Illuminate/Console/OutputStyle))
#21 D:/josej/Documents/Proyectos/ExamenDeGrado/C#/php/ugb/vendor/laravel/framework/src/Illuminate/Console/Command.php(261): Symfony/Component/Console/Command/Command->run(Object(Symfony/Component/Console/Input/ArgvInput), Object(Illuminate/Console/OutputStyle))
#22 D:/josej/Documents/Proyectos/ExamenDeGrado/C#/php/ugb/vendor/symfony/console/Application.php(1144): Illuminate/Console/Command->run(Object(Symfony/Component/Console/Input/ArgvInput), Object(Symfony/Component/Console/Output/ConsoleOutput))
#23 D:/josej/Documents/Proyectos/ExamenDeGrado/C#/php/ugb/vendor/symfony/console/Application.php(379): Symfony/Component/Console/Application->doRunCommand(Object(Illuminate/Queue/Console/WorkCommand), Object(Symfony/Component/Console/Input/ArgvInput), Object(Symfony/Component/Console/Output/ConsoleOutput))
#24 D:/josej/Documents/Proyectos/ExamenDeGrado/C#/php/ugb/vendor/symfony/console/Application.php(218): Symfony/Component/Console/Application->doRun(Object(Symfony/Component/Console/Input/ArgvInput), Object(Symfony/Component/Console/Output/ConsoleOutput))
#25 D:/josej/Documents/Proyectos/ExamenDeGrado/C#/php/ugb/vendor/laravel/framework/src/Illuminate/Foundation/Console/Kernel.php(198): Symfony/Component/Console/Application->run(Object(Symfony/Component/Console/Input/ArgvInput), Object(Symfony/Component/Console/Output/ConsoleOutput))
#26 D:/josej/Documents/Proyectos/ExamenDeGrado/C#/php/ugb/vendor/laravel/framework/src/Illuminate/Foundation/Application.php(1242): Illuminate/Foundation/Console/Kernel->handle(Object(Symfony/Component/Console/Input/ArgvInput), Object(Symfony/Component/Console/Output/ConsoleOutput))
#27 D:/josej/Documents/Proyectos/ExamenDeGrado/C#/php/ugb/artisan(16): Illuminate/Foundation/Application->handleCommand(Object(Symfony/Component/Console/Input/ArgvInput))
#28 {main}
"} 
[2026-08-17 01:44:32] local.ERROR: SQLSTATE[HY000]: General error: 1 no such table: cache (Connection: sqlite, Database: D:\josej\Documents\Proyectos\ExamenDeGrado\C#\php\ugb\database\database.sqlite, SQL: select * from "cache" where "key" in (laravel-cache-illuminate:queues:paused, laravel-cache-illuminate:queue:paused:database:default)) {"exception":"[object] (Illuminate\\Database\\QueryException(code: HY000): SQLSTATE[HY000]: General error: 1 no such table: cache (Connection: sqlite, Database: D:\\josej\\Documents\\Proyectos\\ExamenDeGrado\\C#\\php\\ugb\\database\\database.sqlite, SQL: select * from \"cache\" where \"key\" in (laravel-cache-illuminate:queues:paused, laravel-cache-illuminate:queue:paused:database:default)) at D:/josej/Documents/Proyectos/ExamenDeGrado/C#/php/ugb/vendor/laravel/framework/src/Illuminate/Database/Connection.php:857)
[stacktrace]
#0 D:/josej/Documents/Proyectos/ExamenDeGrado/C#/php/ugb/vendor/laravel/framework/src/Illuminate/Database/Connection.php(813): Illuminate/Database/Connection->runQueryCallback('select * from \"...', Array, Object(Closure))
#1 D:/josej/Documents/Proyectos/ExamenDeGrado/C#/php/ugb/vendor/laravel/framework/src/Illuminate/Database/Connection.php(426): Illuminate/Database/Connection->run('select * from \"...', Array, Object(Closure))
#2 D:/josej/Documents/Proyectos/ExamenDeGrado/C#/php/ugb/vendor/laravel/framework/src/Illuminate/Database/Query/Builder.php(3573): Illuminate/Database/Connection->select('select * from \"...', Array, true, Array)
#3 D:/josej/Documents/Proyectos/ExamenDeGrado/C#/php/ugb/vendor/laravel/framework/src/Illuminate/Database/Query/Builder.php(3557): Illuminate/Database/Query/Builder->runSelect()
#4 D:/josej/Documents/Proyectos/ExamenDeGrado/C#/php/ugb/vendor/laravel/framework/src/Illuminate/Cache/DatabaseStore.php(142): Illuminate/Database/Query/Builder->get()
#5 D:/josej/Documents/Proyectos/ExamenDeGrado/C#/php/ugb/vendor/laravel/framework/src/Illuminate/Cache/Repository.php(167): Illuminate/Cache/DatabaseStore->many(Array)
#6 D:/josej/Documents/Proyectos/ExamenDeGrado/C#/php/ugb/vendor/laravel/framework/src/Illuminate/Queue/QueueManager.php(335): Illuminate/Cache/Repository->many(Array)
#7 D:/josej/Documents/Proyectos/ExamenDeGrado/C#/php/ugb/vendor/laravel/framework/src/Illuminate/Queue/Worker.php(489): Illuminate/Queue/QueueManager->getPausedQueues('database', Array)
#8 D:/josej/Documents/Proyectos/ExamenDeGrado/C#/php/ugb/vendor/laravel/framework/src/Illuminate/Queue/Worker.php(450): Illuminate/Queue/Worker->getPausedQueues('database', Array)
#9 D:/josej/Documents/Proyectos/ExamenDeGrado/C#/php/ugb/vendor/laravel/framework/src/Illuminate/Queue/Worker.php(410): Illuminate/Queue/Worker->getNextJob(Object(Illuminate/Queue/DatabaseQueue), 'default')
#10 D:/josej/Documents/Proyectos/ExamenDeGrado/C#/php/ugb/vendor/laravel/framework/src/Illuminate/Queue/Console/WorkCommand.php(149): Illuminate/Queue/Worker->runNextJob('database', 'default', Object(Illuminate/Queue/WorkerOptions))
#11 D:/josej/Documents/Proyectos/ExamenDeGrado/C#/php/ugb/vendor/laravel/framework/src/Illuminate/Queue/Console/WorkCommand.php(132): Illuminate/Queue/Console/WorkCommand->runWorker('database', 'default')
#12 D:/josej/Documents/Proyectos/ExamenDeGrado/C#/php/ugb/vendor/laravel/framework/src/Illuminate/Container/BoundMethod.php(36): Illuminate/Queue/Console/WorkCommand->handle()
#13 D:/josej/Documents/Proyectos/ExamenDeGrado/C#/php/ugb/vendor/laravel/framework/src/Illuminate/Container/Util.php(43): Illuminate/Container/BoundMethod::{closure:Illuminate/Container/BoundMethod::call():35}()
#14 D:/josej/Documents/Proyectos/ExamenDeGrado/C#/php/ugb/vendor/laravel/framework/src/Illuminate/Container/BoundMethod.php(96): Illuminate/Container/Util::unwrapIfClosure(Object(Closure))
#15 D:/josej/Documents/Proyectos/ExamenDeGrado/C#/php/ugb/vendor/laravel/framework/src/Illuminate/Container/BoundMethod.php(35): Illuminate/Container/BoundMethod::callBoundMethod(Object(Illuminate/Foundation/Application), Array, Object(Closure))
#16 D:/josej/Documents/Proyectos/ExamenDeGrado/C#/php/ugb/vendor/laravel/framework/src/Illuminate/Container/Container.php(801): Illuminate/Container/BoundMethod::call(Object(Illuminate/Foundation/Application), Array, Array, NULL)
#17 D:/josej/Documents/Proyectos/ExamenDeGrado/C#/php/ugb/vendor/laravel/framework/src/Illuminate/Console/Command.php(292): Illuminate/Container/Container->call(Array)
#18 D:/josej/Documents/Proyectos/ExamenDeGrado/C#/php/ugb/vendor/symfony/console/Command/Command.php(284): Illuminate/Console/Command->execute(Object(Symfony/Component/Console/Input/ArgvInput), Object(Illuminate/Console/OutputStyle))
#19 D:/josej/Documents/Proyectos/ExamenDeGrado/C#/php/ugb/vendor/laravel/framework/src/Illuminate/Console/Command.php(261): Symfony/Component/Console/Command/Command->run(Object(Symfony/Component/Console/Input/ArgvInput), Object(Illuminate/Console/OutputStyle))
#20 D:/josej/Documents/Proyectos/ExamenDeGrado/C#/php/ugb/vendor/symfony/console/Application.php(1144): Illuminate/Console/Command->run(Object(Symfony/Component/Console/Input/ArgvInput), Object(Symfony/Component/Console/Output/ConsoleOutput))
#21 D:/josej/Documents/Proyectos/ExamenDeGrado/C#/php/ugb/vendor/symfony/console/Application.php(379): Symfony/Component/Console/Application->doRunCommand(Object(Illuminate/Queue/Console/WorkCommand), Object(Symfony/Component/Console/Input/ArgvInput), Object(Symfony/Component/Console/Output/ConsoleOutput))
#22 D:/josej/Documents/Proyectos/ExamenDeGrado/C#/php/ugb/vendor/symfony/console/Application.php(218): Symfony/Component/Console/Application->doRun(Object(Symfony/Component/Console/Input/ArgvInput), Object(Symfony/Component/Console/Output/ConsoleOutput))
#23 D:/josej/Documents/Proyectos/ExamenDeGrado/C#/php/ugb/vendor/laravel/framework/src/Illuminate/Foundation/Console/Kernel.php(198): Symfony/Component/Console/Application->run(Object(Symfony/Component/Console/Input/ArgvInput), Object(Symfony/Component/Console/Output/ConsoleOutput))
#24 D:/josej/Documents/Proyectos/ExamenDeGrado/C#/php/ugb/vendor/laravel/framework/src/Illuminate/Foundation/Application.php(1242): Illuminate/Foundation/Console/Kernel->handle(Object(Symfony/Component/Console/Input/ArgvInput), Object(Symfony/Component/Console/Output/ConsoleOutput))
#25 D:/josej/Documents/Proyectos/ExamenDeGrado/C#/php/ugb/artisan(16): Illuminate/Foundation/Application->handleCommand(Object(Symfony/Component/Console/Input/ArgvInput))
#26 {main}

[previous exception] [object] (PDOException(code: HY000): SQLSTATE[HY000]: General error: 1 no such table: cache at D:/josej/Documents/Proyectos/ExamenDeGrado/C#/php/ugb/vendor/laravel/framework/src/Illuminate/Database/Connection.php:435)
[stacktrace]
#0 D:/josej/Documents/Proyectos/ExamenDeGrado/C#/php/ugb/vendor/laravel/framework/src/Illuminate/Database/Connection.php(435): PDO->prepare('select * from \"...')
#1 D:/josej/Documents/Proyectos/ExamenDeGrado/C#/php/ugb/vendor/laravel/framework/src/Illuminate/Database/Connection.php(846): Illuminate/Database/Connection->{closure:Illuminate/Database/Connection::select():426}('select * from \"...', Array)
#2 D:/josej/Documents/Proyectos/ExamenDeGrado/C#/php/ugb/vendor/laravel/framework/src/Illuminate/Database/Connection.php(813): Illuminate/Database/Connection->runQueryCallback('select * from \"...', Array, Object(Closure))
#3 D:/josej/Documents/Proyectos/ExamenDeGrado/C#/php/ugb/vendor/laravel/framework/src/Illuminate/Database/Connection.php(426): Illuminate/Database/Connection->run('select * from \"...', Array, Object(Closure))
#4 D:/josej/Documents/Proyectos/ExamenDeGrado/C#/php/ugb/vendor/laravel/framework/src/Illuminate/Database/Query/Builder.php(3573): Illuminate/Database/Connection->select('select * from \"...', Array, true, Array)
#5 D:/josej/Documents/Proyectos/ExamenDeGrado/C#/php/ugb/vendor/laravel/framework/src/Illuminate/Database/Query/Builder.php(3557): Illuminate/Database/Query/Builder->runSelect()
#6 D:/josej/Documents/Proyectos/ExamenDeGrado/C#/php/ugb/vendor/laravel/framework/src/Illuminate/Cache/DatabaseStore.php(142): Illuminate/Database/Query/Builder->get()
#7 D:/josej/Documents/Proyectos/ExamenDeGrado/C#/php/ugb/vendor/laravel/framework/src/Illuminate/Cache/Repository.php(167): Illuminate/Cache/DatabaseStore->many(Array)
#8 D:/josej/Documents/Proyectos/ExamenDeGrado/C#/php/ugb/vendor/laravel/framework/src/Illuminate/Queue/QueueManager.php(335): Illuminate/Cache/Repository->many(Array)
#9 D:/josej/Documents/Proyectos/ExamenDeGrado/C#/php/ugb/vendor/laravel/framework/src/Illuminate/Queue/Worker.php(489): Illuminate/Queue/QueueManager->getPausedQueues('database', Array)
#10 D:/josej/Documents/Proyectos/ExamenDeGrado/C#/php/ugb/vendor/laravel/framework/src/Illuminate/Queue/Worker.php(450): Illuminate/Queue/Worker->getPausedQueues('database', Array)
#11 D:/josej/Documents/Proyectos/ExamenDeGrado/C#/php/ugb/vendor/laravel/framework/src/Illuminate/Queue/Worker.php(410): Illuminate/Queue/Worker->getNextJob(Object(Illuminate/Queue/DatabaseQueue), 'default')
#12 D:/josej/Documents/Proyectos/ExamenDeGrado/C#/php/ugb/vendor/laravel/framework/src/Illuminate/Queue/Console/WorkCommand.php(149): Illuminate/Queue/Worker->runNextJob('database', 'default', Object(Illuminate/Queue/WorkerOptions))
#13 D:/josej/Documents/Proyectos/ExamenDeGrado/C#/php/ugb/vendor/laravel/framework/src/Illuminate/Queue/Console/WorkCommand.php(132): Illuminate/Queue/Console/WorkCommand->runWorker('database', 'default')
#14 D:/josej/Documents/Proyectos/ExamenDeGrado/C#/php/ugb/vendor/laravel/framework/src/Illuminate/Container/BoundMethod.php(36): Illuminate/Queue/Console/WorkCommand->handle()
#15 D:/josej/Documents/Proyectos/ExamenDeGrado/C#/php/ugb/vendor/laravel/framework/src/Illuminate/Container/Util.php(43): Illuminate/Container/BoundMethod::{closure:Illuminate/Container/BoundMethod::call():35}()
#16 D:/josej/Documents/Proyectos/ExamenDeGrado/C#/php/ugb/vendor/laravel/framework/src/Illuminate/Container/BoundMethod.php(96): Illuminate/Container/Util::unwrapIfClosure(Object(Closure))
#17 D:/josej/Documents/Proyectos/ExamenDeGrado/C#/php/ugb/vendor/laravel/framework/src/Illuminate/Container/BoundMethod.php(35): Illuminate/Container/BoundMethod::callBoundMethod(Object(Illuminate/Foundation/Application), Array, Object(Closure))
#18 D:/josej/Documents/Proyectos/ExamenDeGrado/C#/php/ugb/vendor/laravel/framework/src/Illuminate/Container/Container.php(801): Illuminate/Container/BoundMethod::call(Object(Illuminate/Foundation/Application), Array, Array, NULL)
#19 D:/josej/Documents/Proyectos/ExamenDeGrado/C#/php/ugb/vendor/laravel/framework/src/Illuminate/Console/Command.php(292): Illuminate/Container/Container->call(Array)
#20 D:/josej/Documents/Proyectos/ExamenDeGrado/C#/php/ugb/vendor/symfony/console/Command/Command.php(284): Illuminate/Console/Command->execute(Object(Symfony/Component/Console/Input/ArgvInput), Object(Illuminate/Console/OutputStyle))
#21 D:/josej/Documents/Proyectos/ExamenDeGrado/C#/php/ugb/vendor/laravel/framework/src/Illuminate/Console/Command.php(261): Symfony/Component/Console/Command/Command->run(Object(Symfony/Component/Console/Input/ArgvInput), Object(Illuminate/Console/OutputStyle))
#22 D:/josej/Documents/Proyectos/ExamenDeGrado/C#/php/ugb/vendor/symfony/console/Application.php(1144): Illuminate/Console/Command->run(Object(Symfony/Component/Console/Input/ArgvInput), Object(Symfony/Component/Console/Output/ConsoleOutput))
#23 D:/josej/Documents/Proyectos/ExamenDeGrado/C#/php/ugb/vendor/symfony/console/Application.php(379): Symfony/Component/Console/Application->doRunCommand(Object(Illuminate/Queue/Console/WorkCommand), Object(Symfony/Component/Console/Input/ArgvInput), Object(Symfony/Component/Console/Output/ConsoleOutput))
#24 D:/josej/Documents/Proyectos/ExamenDeGrado/C#/php/ugb/vendor/symfony/console/Application.php(218): Symfony/Component/Console/Application->doRun(Object(Symfony/Component/Console/Input/ArgvInput), Object(Symfony/Component/Console/Output/ConsoleOutput))
#25 D:/josej/Documents/Proyectos/ExamenDeGrado/C#/php/ugb/vendor/laravel/framework/src/Illuminate/Foundation/Console/Kernel.php(198): Symfony/Component/Console/Application->run(Object(Symfony/Component/Console/Input/ArgvInput), Object(Symfony/Component/Console/Output/ConsoleOutput))
#26 D:/josej/Documents/Proyectos/ExamenDeGrado/C#/php/ugb/vendor/laravel/framework/src/Illuminate/Foundation/Application.php(1242): Illuminate/Foundation/Console/Kernel->handle(Object(Symfony/Component/Console/Input/ArgvInput), Object(Symfony/Component/Console/Output/ConsoleOutput))
#27 D:/josej/Documents/Proyectos/ExamenDeGrado/C#/php/ugb/artisan(16): Illuminate/Foundation/Application->handleCommand(Object(Symfony/Component/Console/Input/ArgvInput))
#28 {main}
"} 
[2026-08-17 01:44:36] local.ERROR: SQLSTATE[HY000]: General error: 1 no such table: cache (Connection: sqlite, Database: D:\josej\Documents\Proyectos\ExamenDeGrado\C#\php\ugb\database\database.sqlite, SQL: select * from "cache" where "key" in (laravel-cache-illuminate:queues:paused, laravel-cache-illuminate:queue:paused:database:default)) {"exception":"[object] (Illuminate\\Database\\QueryException(code: HY000): SQLSTATE[HY000]: General error: 1 no such table: cache (Connection: sqlite, Database: D:\\josej\\Documents\\Proyectos\\ExamenDeGrado\\C#\\php\\ugb\\database\\database.sqlite, SQL: select * from \"cache\" where \"key\" in (laravel-cache-illuminate:queues:paused, laravel-cache-illuminate:queue:paused:database:default)) at D:/josej/Documents/Proyectos/ExamenDeGrado/C#/php/ugb/vendor/laravel/framework/src/Illuminate/Database/Connection.php:857)
[stacktrace]
#0 D:/josej/Documents/Proyectos/ExamenDeGrado/C#/php/ugb/vendor/laravel/framework/src/Illuminate/Database/Connection.php(813): Illuminate/Database/Connection->runQueryCallback('select * from \"...', Array, Object(Closure))
#1 D:/josej/Documents/Proyectos/ExamenDeGrado/C#/php/ugb/vendor/laravel/framework/src/Illuminate/Database/Connection.php(426): Illuminate/Database/Connection->run('select * from \"...', Array, Object(Closure))
#2 D:/josej/Documents/Proyectos/ExamenDeGrado/C#/php/ugb/vendor/laravel/framework/src/Illuminate/Database/Query/Builder.php(3573): Illuminate/Database/Connection->select('select * from \"...', Array, true, Array)
#3 D:/josej/Documents/Proyectos/ExamenDeGrado/C#/php/ugb/vendor/laravel/framework/src/Illuminate/Database/Query/Builder.php(3557): Illuminate/Database/Query/Builder->runSelect()
#4 D:/josej/Documents/Proyectos/ExamenDeGrado/C#/php/ugb/vendor/laravel/framework/src/Illuminate/Cache/DatabaseStore.php(142): Illuminate/Database/Query/Builder->get()
#5 D:/josej/Documents/Proyectos/ExamenDeGrado/C#/php/ugb/vendor/laravel/framework/src/Illuminate/Cache/Repository.php(167): Illuminate/Cache/DatabaseStore->many(Array)
#6 D:/josej/Documents/Proyectos/ExamenDeGrado/C#/php/ugb/vendor/laravel/framework/src/Illuminate/Queue/QueueManager.php(335): Illuminate/Cache/Repository->many(Array)
#7 D:/josej/Documents/Proyectos/ExamenDeGrado/C#/php/ugb/vendor/laravel/framework/src/Illuminate/Queue/Worker.php(489): Illuminate/Queue/QueueManager->getPausedQueues('database', Array)
#8 D:/josej/Documents/Proyectos/ExamenDeGrado/C#/php/ugb/vendor/laravel/framework/src/Illuminate/Queue/Worker.php(450): Illuminate/Queue/Worker->getPausedQueues('database', Array)
#9 D:/josej/Documents/Proyectos/ExamenDeGrado/C#/php/ugb/vendor/laravel/framework/src/Illuminate/Queue/Worker.php(410): Illuminate/Queue/Worker->getNextJob(Object(Illuminate/Queue/DatabaseQueue), 'default')
#10 D:/josej/Documents/Proyectos/ExamenDeGrado/C#/php/ugb/vendor/laravel/framework/src/Illuminate/Queue/Console/WorkCommand.php(149): Illuminate/Queue/Worker->runNextJob('database', 'default', Object(Illuminate/Queue/WorkerOptions))
#11 D:/josej/Documents/Proyectos/ExamenDeGrado/C#/php/ugb/vendor/laravel/framework/src/Illuminate/Queue/Console/WorkCommand.php(132): Illuminate/Queue/Console/WorkCommand->runWorker('database', 'default')
#12 D:/josej/Documents/Proyectos/ExamenDeGrado/C#/php/ugb/vendor/laravel/framework/src/Illuminate/Container/BoundMethod.php(36): Illuminate/Queue/Console/WorkCommand->handle()
#13 D:/josej/Documents/Proyectos/ExamenDeGrado/C#/php/ugb/vendor/laravel/framework/src/Illuminate/Container/Util.php(43): Illuminate/Container/BoundMethod::{closure:Illuminate/Container/BoundMethod::call():35}()
#14 D:/josej/Documents/Proyectos/ExamenDeGrado/C#/php/ugb/vendor/laravel/framework/src/Illuminate/Container/BoundMethod.php(96): Illuminate/Container/Util::unwrapIfClosure(Object(Closure))
#15 D:/josej/Documents/Proyectos/ExamenDeGrado/C#/php/ugb/vendor/laravel/framework/src/Illuminate/Container/BoundMethod.php(35): Illuminate/Container/BoundMethod::callBoundMethod(Object(Illuminate/Foundation/Application), Array, Object(Closure))
#16 D:/josej/Documents/Proyectos/ExamenDeGrado/C#/php/ugb/vendor/laravel/framework/src/Illuminate/Container/Container.php(801): Illuminate/Container/BoundMethod::call(Object(Illuminate/Foundation/Application), Array, Array, NULL)
#17 D:/josej/Documents/Proyectos/ExamenDeGrado/C#/php/ugb/vendor/laravel/framework/src/Illuminate/Console/Command.php(292): Illuminate/Container/Container->call(Array)
#18 D:/josej/Documents/Proyectos/ExamenDeGrado/C#/php/ugb/vendor/symfony/console/Command/Command.php(284): Illuminate/Console/Command->execute(Object(Symfony/Component/Console/Input/ArgvInput), Object(Illuminate/Console/OutputStyle))
#19 D:/josej/Documents/Proyectos/ExamenDeGrado/C#/php/ugb/vendor/laravel/framework/src/Illuminate/Console/Command.php(261): Symfony/Component/Console/Command/Command->run(Object(Symfony/Component/Console/Input/ArgvInput), Object(Illuminate/Console/OutputStyle))
#20 D:/josej/Documents/Proyectos/ExamenDeGrado/C#/php/ugb/vendor/symfony/console/Application.php(1144): Illuminate/Console/Command->run(Object(Symfony/Component/Console/Input/ArgvInput), Object(Symfony/Component/Console/Output/ConsoleOutput))
#21 D:/josej/Documents/Proyectos/ExamenDeGrado/C#/php/ugb/vendor/symfony/console/Application.php(379): Symfony/Component/Console/Application->doRunCommand(Object(Illuminate/Queue/Console/WorkCommand), Object(Symfony/Component/Console/Input/ArgvInput), Object(Symfony/Component/Console/Output/ConsoleOutput))
#22 D:/josej/Documents/Proyectos/ExamenDeGrado/C#/php/ugb/vendor/symfony/console/Application.php(218): Symfony/Component/Console/Application->doRun(Object(Symfony/Component/Console/Input/ArgvInput), Object(Symfony/Component/Console/Output/ConsoleOutput))
#23 D:/josej/Documents/Proyectos/ExamenDeGrado/C#/php/ugb/vendor/laravel/framework/src/Illuminate/Foundation/Console/Kernel.php(198): Symfony/Component/Console/Application->run(Object(Symfony/Component/Console/Input/ArgvInput), Object(Symfony/Component/Console/Output/ConsoleOutput))
#24 D:/josej/Documents/Proyectos/ExamenDeGrado/C#/php/ugb/vendor/laravel/framework/src/Illuminate/Foundation/Application.php(1242): Illuminate/Foundation/Console/Kernel->handle(Object(Symfony/Component/Console/Input/ArgvInput), Object(Symfony/Component/Console/Output/ConsoleOutput))
#25 D:/josej/Documents/Proyectos/ExamenDeGrado/C#/php/ugb/artisan(16): Illuminate/Foundation/Application->handleCommand(Object(Symfony/Component/Console/Input/ArgvInput))
#26 {main}

[previous exception] [object] (PDOException(code: HY000): SQLSTATE[HY000]: General error: 1 no such table: cache at D:/josej/Documents/Proyectos/ExamenDeGrado/C#/php/ugb/vendor/laravel/framework/src/Illuminate/Database/Connection.php:435)
[stacktrace]
#0 D:/josej/Documents/Proyectos/ExamenDeGrado/C#/php/ugb/vendor/laravel/framework/src/Illuminate/Database/Connection.php(435): PDO->prepare('select * from \"...')
#1 D:/josej/Documents/Proyectos/ExamenDeGrado/C#/php/ugb/vendor/laravel/framework/src/Illuminate/Database/Connection.php(846): Illuminate/Database/Connection->{closure:Illuminate/Database/Connection::select():426}('select * from \"...', Array)
#2 D:/josej/Documents/Proyectos/ExamenDeGrado/C#/php/ugb/vendor/laravel/framework/src/Illuminate/Database/Connection.php(813): Illuminate/Database/Connection->runQueryCallback('select * from \"...', Array, Object(Closure))
#3 D:/josej/Documents/Proyectos/ExamenDeGrado/C#/php/ugb/vendor/laravel/framework/src/Illuminate/Database/Connection.php(426): Illuminate/Database/Connection->run('select * from \"...', Array, Object(Closure))
#4 D:/josej/Documents/Proyectos/ExamenDeGrado/C#/php/ugb/vendor/laravel/framework/src/Illuminate/Database/Query/Builder.php(3573): Illuminate/Database/Connection->select('select * from \"...', Array, true, Array)
#5 D:/josej/Documents/Proyectos/ExamenDeGrado/C#/php/ugb/vendor/laravel/framework/src/Illuminate/Database/Query/Builder.php(3557): Illuminate/Database/Query/Builder->runSelect()
#6 D:/josej/Documents/Proyectos/ExamenDeGrado/C#/php/ugb/vendor/laravel/framework/src/Illuminate/Cache/DatabaseStore.php(142): Illuminate/Database/Query/Builder->get()
#7 D:/josej/Documents/Proyectos/ExamenDeGrado/C#/php/ugb/vendor/laravel/framework/src/Illuminate/Cache/Repository.php(167): Illuminate/Cache/DatabaseStore->many(Array)
#8 D:/josej/Documents/Proyectos/ExamenDeGrado/C#/php/ugb/vendor/laravel/framework/src/Illuminate/Queue/QueueManager.php(335): Illuminate/Cache/Repository->many(Array)
#9 D:/josej/Documents/Proyectos/ExamenDeGrado/C#/php/ugb/vendor/laravel/framework/src/Illuminate/Queue/Worker.php(489): Illuminate/Queue/QueueManager->getPausedQueues('database', Array)
#10 D:/josej/Documents/Proyectos/ExamenDeGrado/C#/php/ugb/vendor/laravel/framework/src/Illuminate/Queue/Worker.php(450): Illuminate/Queue/Worker->getPausedQueues('database', Array)
#11 D:/josej/Documents/Proyectos/ExamenDeGrado/C#/php/ugb/vendor/laravel/framework/src/Illuminate/Queue/Worker.php(410): Illuminate/Queue/Worker->getNextJob(Object(Illuminate/Queue/DatabaseQueue), 'default')
#12 D:/josej/Documents/Proyectos/ExamenDeGrado/C#/php/ugb/vendor/laravel/framework/src/Illuminate/Queue/Console/WorkCommand.php(149): Illuminate/Queue/Worker->runNextJob('database', 'default', Object(Illuminate/Queue/WorkerOptions))
#13 D:/josej/Documents/Proyectos/ExamenDeGrado/C#/php/ugb/vendor/laravel/framework/src/Illuminate/Queue/Console/WorkCommand.php(132): Illuminate/Queue/Console/WorkCommand->runWorker('database', 'default')
#14 D:/josej/Documents/Proyectos/ExamenDeGrado/C#/php/ugb/vendor/laravel/framework/src/Illuminate/Container/BoundMethod.php(36): Illuminate/Queue/Console/WorkCommand->handle()
#15 D:/josej/Documents/Proyectos/ExamenDeGrado/C#/php/ugb/vendor/laravel/framework/src/Illuminate/Container/Util.php(43): Illuminate/Container/BoundMethod::{closure:Illuminate/Container/BoundMethod::call():35}()
#16 D:/josej/Documents/Proyectos/ExamenDeGrado/C#/php/ugb/vendor/laravel/framework/src/Illuminate/Container/BoundMethod.php(96): Illuminate/Container/Util::unwrapIfClosure(Object(Closure))
#17 D:/josej/Documents/Proyectos/ExamenDeGrado/C#/php/ugb/vendor/laravel/framework/src/Illuminate/Container/BoundMethod.php(35): Illuminate/Container/BoundMethod::callBoundMethod(Object(Illuminate/Foundation/Application), Array, Object(Closure))
#18 D:/josej/Documents/Proyectos/ExamenDeGrado/C#/php/ugb/vendor/laravel/framework/src/Illuminate/Container/Container.php(801): Illuminate/Container/BoundMethod::call(Object(Illuminate/Foundation/Application), Array, Array, NULL)
#19 D:/josej/Documents/Proyectos/ExamenDeGrado/C#/php/ugb/vendor/laravel/framework/src/Illuminate/Console/Command.php(292): Illuminate/Container/Container->call(Array)
#20 D:/josej/Documents/Proyectos/ExamenDeGrado/C#/php/ugb/vendor/symfony/console/Command/Command.php(284): Illuminate/Console/Command->execute(Object(Symfony/Component/Console/Input/ArgvInput), Object(Illuminate/Console/OutputStyle))
#21 D:/josej/Documents/Proyectos/ExamenDeGrado/C#/php/ugb/vendor/laravel/framework/src/Illuminate/Console/Command.php(261): Symfony/Component/Console/Command/Command->run(Object(Symfony/Component/Console/Input/ArgvInput), Object(Illuminate/Console/OutputStyle))
#22 D:/josej/Documents/Proyectos/ExamenDeGrado/C#/php/ugb/vendor/symfony/console/Application.php(1144): Illuminate/Console/Command->run(Object(Symfony/Component/Console/Input/ArgvInput), Object(Symfony/Component/Console/Output/ConsoleOutput))
#23 D:/josej/Documents/Proyectos/ExamenDeGrado/C#/php/ugb/vendor/symfony/console/Application.php(379): Symfony/Component/Console/Application->doRunCommand(Object(Illuminate/Queue/Console/WorkCommand), Object(Symfony/Component/Console/Input/ArgvInput), Object(Symfony/Component/Console/Output/ConsoleOutput))
#24 D:/josej/Documents/Proyectos/ExamenDeGrado/C#/php/ugb/vendor/symfony/console/Application.php(218): Symfony/Component/Console/Application->doRun(Object(Symfony/Component/Console/Input/ArgvInput), Object(Symfony/Component/Console/Output/ConsoleOutput))
#25 D:/josej/Documents/Proyectos/ExamenDeGrado/C#/php/ugb/vendor/laravel/framework/src/Illuminate/Foundation/Console/Kernel.php(198): Symfony/Component/Console/Application->run(Object(Symfony/Component/Console/Input/ArgvInput), Object(Symfony/Component/Console/Output/ConsoleOutput))
#26 D:/josej/Documents/Proyectos/ExamenDeGrado/C#/php/ugb/vendor/laravel/framework/src/Illuminate/Foundation/Application.php(1242): Illuminate/Foundation/Console/Kernel->handle(Object(Symfony/Component/Console/Input/ArgvInput), Object(Symfony/Component/Console/Output/ConsoleOutput))
#27 D:/josej/Documents/Proyectos/ExamenDeGrado/C#/php/ugb/artisan(16): Illuminate/Foundation/Application->handleCommand(Object(Symfony/Component/Console/Input/ArgvInput))
#28 {main}
"} 
[2026-08-17 01:44:41] local.ERROR: SQLSTATE[HY000]: General error: 1 no such table: cache (Connection: sqlite, Database: D:\josej\Documents\Proyectos\ExamenDeGrado\C#\php\ugb\database\database.sqlite, SQL: select * from "cache" where "key" in (laravel-cache-illuminate:queues:paused, laravel-cache-illuminate:queue:paused:database:default)) {"exception":"[object] (Illuminate\\Database\\QueryException(code: HY000): SQLSTATE[HY000]: General error: 1 no such table: cache (Connection: sqlite, Database: D:\\josej\\Documents\\Proyectos\\ExamenDeGrado\\C#\\php\\ugb\\database\\database.sqlite, SQL: select * from \"cache\" where \"key\" in (laravel-cache-illuminate:queues:paused, laravel-cache-illuminate:queue:paused:database:default)) at D:/josej/Documents/Proyectos/ExamenDeGrado/C#/php/ugb/vendor/laravel/framework/src/Illuminate/Database/Connection.php:857)
[stacktrace]
#0 D:/josej/Documents/Proyectos/ExamenDeGrado/C#/php/ugb/vendor/laravel/framework/src/Illuminate/Database/Connection.php(813): Illuminate/Database/Connection->runQueryCallback('select * from \"...', Array, Object(Closure))
#1 D:/josej/Documents/Proyectos/ExamenDeGrado/C#/php/ugb/vendor/laravel/framework/src/Illuminate/Database/Connection.php(426): Illuminate/Database/Connection->run('select * from \"...', Array, Object(Closure))
#2 D:/josej/Documents/Proyectos/ExamenDeGrado/C#/php/ugb/vendor/laravel/framework/src/Illuminate/Database/Query/Builder.php(3573): Illuminate/Database/Connection->select('select * from \"...', Array, true, Array)
#3 D:/josej/Documents/Proyectos/ExamenDeGrado/C#/php/ugb/vendor/laravel/framework/src/Illuminate/Database/Query/Builder.php(3557): Illuminate/Database/Query/Builder->runSelect()
#4 D:/josej/Documents/Proyectos/ExamenDeGrado/C#/php/ugb/vendor/laravel/framework/src/Illuminate/Cache/DatabaseStore.php(142): Illuminate/Database/Query/Builder->get()
#5 D:/josej/Documents/Proyectos/ExamenDeGrado/C#/php/ugb/vendor/laravel/framework/src/Illuminate/Cache/Repository.php(167): Illuminate/Cache/DatabaseStore->many(Array)
#6 D:/josej/Documents/Proyectos/ExamenDeGrado/C#/php/ugb/vendor/laravel/framework/src/Illuminate/Queue/QueueManager.php(335): Illuminate/Cache/Repository->many(Array)
#7 D:/josej/Documents/Proyectos/ExamenDeGrado/C#/php/ugb/vendor/laravel/framework/src/Illuminate/Queue/Worker.php(489): Illuminate/Queue/QueueManager->getPausedQueues('database', Array)
#8 D:/josej/Documents/Proyectos/ExamenDeGrado/C#/php/ugb/vendor/laravel/framework/src/Illuminate/Queue/Worker.php(450): Illuminate/Queue/Worker->getPausedQueues('database', Array)
#9 D:/josej/Documents/Proyectos/ExamenDeGrado/C#/php/ugb/vendor/laravel/framework/src/Illuminate/Queue/Worker.php(410): Illuminate/Queue/Worker->getNextJob(Object(Illuminate/Queue/DatabaseQueue), 'default')
#10 D:/josej/Documents/Proyectos/ExamenDeGrado/C#/php/ugb/vendor/laravel/framework/src/Illuminate/Queue/Console/WorkCommand.php(149): Illuminate/Queue/Worker->runNextJob('database', 'default', Object(Illuminate/Queue/WorkerOptions))
#11 D:/josej/Documents/Proyectos/ExamenDeGrado/C#/php/ugb/vendor/laravel/framework/src/Illuminate/Queue/Console/WorkCommand.php(132): Illuminate/Queue/Console/WorkCommand->runWorker('database', 'default')
#12 D:/josej/Documents/Proyectos/ExamenDeGrado/C#/php/ugb/vendor/laravel/framework/src/Illuminate/Container/BoundMethod.php(36): Illuminate/Queue/Console/WorkCommand->handle()
#13 D:/josej/Documents/Proyectos/ExamenDeGrado/C#/php/ugb/vendor/laravel/framework/src/Illuminate/Container/Util.php(43): Illuminate/Container/BoundMethod::{closure:Illuminate/Container/BoundMethod::call():35}()
#14 D:/josej/Documents/Proyectos/ExamenDeGrado/C#/php/ugb/vendor/laravel/framework/src/Illuminate/Container/BoundMethod.php(96): Illuminate/Container/Util::unwrapIfClosure(Object(Closure))
#15 D:/josej/Documents/Proyectos/ExamenDeGrado/C#/php/ugb/vendor/laravel/framework/src/Illuminate/Container/BoundMethod.php(35): Illuminate/Container/BoundMethod::callBoundMethod(Object(Illuminate/Foundation/Application), Array, Object(Closure))
#16 D:/josej/Documents/Proyectos/ExamenDeGrado/C#/php/ugb/vendor/laravel/framework/src/Illuminate/Container/Container.php(801): Illuminate/Container/BoundMethod::call(Object(Illuminate/Foundation/Application), Array, Array, NULL)
#17 D:/josej/Documents/Proyectos/ExamenDeGrado/C#/php/ugb/vendor/laravel/framework/src/Illuminate/Console/Command.php(292): Illuminate/Container/Container->call(Array)
#18 D:/josej/Documents/Proyectos/ExamenDeGrado/C#/php/ugb/vendor/symfony/console/Command/Command.php(284): Illuminate/Console/Command->execute(Object(Symfony/Component/Console/Input/ArgvInput), Object(Illuminate/Console/OutputStyle))
#19 D:/josej/Documents/Proyectos/ExamenDeGrado/C#/php/ugb/vendor/laravel/framework/src/Illuminate/Console/Command.php(261): Symfony/Component/Console/Command/Command->run(Object(Symfony/Component/Console/Input/ArgvInput), Object(Illuminate/Console/OutputStyle))
#20 D:/josej/Documents/Proyectos/ExamenDeGrado/C#/php/ugb/vendor/symfony/console/Application.php(1144): Illuminate/Console/Command->run(Object(Symfony/Component/Console/Input/ArgvInput), Object(Symfony/Component/Console/Output/ConsoleOutput))
#21 D:/josej/Documents/Proyectos/ExamenDeGrado/C#/php/ugb/vendor/symfony/console/Application.php(379): Symfony/Component/Console/Application->doRunCommand(Object(Illuminate/Queue/Console/WorkCommand), Object(Symfony/Component/Console/Input/ArgvInput), Object(Symfony/Component/Console/Output/ConsoleOutput))
#22 D:/josej/Documents/Proyectos/ExamenDeGrado/C#/php/ugb/vendor/symfony/console/Application.php(218): Symfony/Component/Console/Application->doRun(Object(Symfony/Component/Console/Input/ArgvInput), Object(Symfony/Component/Console/Output/ConsoleOutput))
#23 D:/josej/Documents/Proyectos/ExamenDeGrado/C#/php/ugb/vendor/laravel/framework/src/Illuminate/Foundation/Console/Kernel.php(198): Symfony/Component/Console/Application->run(Object(Symfony/Component/Console/Input/ArgvInput), Object(Symfony/Component/Console/Output/ConsoleOutput))
#24 D:/josej/Documents/Proyectos/ExamenDeGrado/C#/php/ugb/vendor/laravel/framework/src/Illuminate/Foundation/Application.php(1242): Illuminate/Foundation/Console/Kernel->handle(Object(Symfony/Component/Console/Input/ArgvInput), Object(Symfony/Component/Console/Output/ConsoleOutput))
#25 D:/josej/Documents/Proyectos/ExamenDeGrado/C#/php/ugb/artisan(16): Illuminate/Foundation/Application->handleCommand(Object(Symfony/Component/Console/Input/ArgvInput))
#26 {main}

[previous exception] [object] (PDOException(code: HY000): SQLSTATE[HY000]: General error: 1 no such table: cache at D:/josej/Documents/Proyectos/ExamenDeGrado/C#/php/ugb/vendor/laravel/framework/src/Illuminate/Database/Connection.php:435)
[stacktrace]
#0 D:/josej/Documents/Proyectos/ExamenDeGrado/C#/php/ugb/vendor/laravel/framework/src/Illuminate/Database/Connection.php(435): PDO->prepare('select * from \"...')
#1 D:/josej/Documents/Proyectos/ExamenDeGrado/C#/php/ugb/vendor/laravel/framework/src/Illuminate/Database/Connection.php(846): Illuminate/Database/Connection->{closure:Illuminate/Database/Connection::select():426}('select * from \"...', Array)
#2 D:/josej/Documents/Proyectos/ExamenDeGrado/C#/php/ugb/vendor/laravel/framework/src/Illuminate/Database/Connection.php(813): Illuminate/Database/Connection->runQueryCallback('select * from \"...', Array, Object(Closure))
#3 D:/josej/Documents/Proyectos/ExamenDeGrado/C#/php/ugb/vendor/laravel/framework/src/Illuminate/Database/Connection.php(426): Illuminate/Database/Connection->run('select * from \"...', Array, Object(Closure))
#4 D:/josej/Documents/Proyectos/ExamenDeGrado/C#/php/ugb/vendor/laravel/framework/src/Illuminate/Database/Query/Builder.php(3573): Illuminate/Database/Connection->select('select * from \"...', Array, true, Array)
#5 D:/josej/Documents/Proyectos/ExamenDeGrado/C#/php/ugb/vendor/laravel/framework/src/Illuminate/Database/Query/Builder.php(3557): Illuminate/Database/Query/Builder->runSelect()
#6 D:/josej/Documents/Proyectos/ExamenDeGrado/C#/php/ugb/vendor/laravel/framework/src/Illuminate/Cache/DatabaseStore.php(142): Illuminate/Database/Query/Builder->get()
#7 D:/josej/Documents/Proyectos/ExamenDeGrado/C#/php/ugb/vendor/laravel/framework/src/Illuminate/Cache/Repository.php(167): Illuminate/Cache/DatabaseStore->many(Array)
#8 D:/josej/Documents/Proyectos/ExamenDeGrado/C#/php/ugb/vendor/laravel/framework/src/Illuminate/Queue/QueueManager.php(335): Illuminate/Cache/Repository->many(Array)
#9 D:/josej/Documents/Proyectos/ExamenDeGrado/C#/php/ugb/vendor/laravel/framework/src/Illuminate/Queue/Worker.php(489): Illuminate/Queue/QueueManager->getPausedQueues('database', Array)
#10 D:/josej/Documents/Proyectos/ExamenDeGrado/C#/php/ugb/vendor/laravel/framework/src/Illuminate/Queue/Worker.php(450): Illuminate/Queue/Worker->getPausedQueues('database', Array)
#11 D:/josej/Documents/Proyectos/ExamenDeGrado/C#/php/ugb/vendor/laravel/framework/src/Illuminate/Queue/Worker.php(410): Illuminate/Queue/Worker->getNextJob(Object(Illuminate/Queue/DatabaseQueue), 'default')
#12 D:/josej/Documents/Proyectos/ExamenDeGrado/C#/php/ugb/vendor/laravel/framework/src/Illuminate/Queue/Console/WorkCommand.php(149): Illuminate/Queue/Worker->runNextJob('database', 'default', Object(Illuminate/Queue/WorkerOptions))
#13 D:/josej/Documents/Proyectos/ExamenDeGrado/C#/php/ugb/vendor/laravel/framework/src/Illuminate/Queue/Console/WorkCommand.php(132): Illuminate/Queue/Console/WorkCommand->runWorker('database', 'default')
#14 D:/josej/Documents/Proyectos/ExamenDeGrado/C#/php/ugb/vendor/laravel/framework/src/Illuminate/Container/BoundMethod.php(36): Illuminate/Queue/Console/WorkCommand->handle()
#15 D:/josej/Documents/Proyectos/ExamenDeGrado/C#/php/ugb/vendor/laravel/framework/src/Illuminate/Container/Util.php(43): Illuminate/Container/BoundMethod::{closure:Illuminate/Container/BoundMethod::call():35}()
#16 D:/josej/Documents/Proyectos/ExamenDeGrado/C#/php/ugb/vendor/laravel/framework/src/Illuminate/Container/BoundMethod.php(96): Illuminate/Container/Util::unwrapIfClosure(Object(Closure))
#17 D:/josej/Documents/Proyectos/ExamenDeGrado/C#/php/ugb/vendor/laravel/framework/src/Illuminate/Container/BoundMethod.php(35): Illuminate/Container/BoundMethod::callBoundMethod(Object(Illuminate/Foundation/Application), Array, Object(Closure))
#18 D:/josej/Documents/Proyectos/ExamenDeGrado/C#/php/ugb/vendor/laravel/framework/src/Illuminate/Container/Container.php(801): Illuminate/Container/BoundMethod::call(Object(Illuminate/Foundation/Application), Array, Array, NULL)
#19 D:/josej/Documents/Proyectos/ExamenDeGrado/C#/php/ugb/vendor/laravel/framework/src/Illuminate/Console/Command.php(292): Illuminate/Container/Container->call(Array)
#20 D:/josej/Documents/Proyectos/ExamenDeGrado/C#/php/ugb/vendor/symfony/console/Command/Command.php(284): Illuminate/Console/Command->execute(Object(Symfony/Component/Console/Input/ArgvInput), Object(Illuminate/Console/OutputStyle))
#21 D:/josej/Documents/Proyectos/ExamenDeGrado/C#/php/ugb/vendor/laravel/framework/src/Illuminate/Console/Command.php(261): Symfony/Component/Console/Command/Command->run(Object(Symfony/Component/Console/Input/ArgvInput), Object(Illuminate/Console/OutputStyle))
#22 D:/josej/Documents/Proyectos/ExamenDeGrado/C#/php/ugb/vendor/symfony/console/Application.php(1144): Illuminate/Console/Command->run(Object(Symfony/Component/Console/Input/ArgvInput), Object(Symfony/Component/Console/Output/ConsoleOutput))
#23 D:/josej/Documents/Proyectos/ExamenDeGrado/C#/php/ugb/vendor/symfony/console/Application.php(379): Symfony/Component/Console/Application->doRunCommand(Object(Illuminate/Queue/Console/WorkCommand), Object(Symfony/Component/Console/Input/ArgvInput), Object(Symfony/Component/Console/Output/ConsoleOutput))
#24 D:/josej/Documents/Proyectos/ExamenDeGrado/C#/php/ugb/vendor/symfony/console/Application.php(218): Symfony/Component/Console/Application->doRun(Object(Symfony/Component/Console/Input/ArgvInput), Object(Symfony/Component/Console/Output/ConsoleOutput))
#25 D:/josej/Documents/Proyectos/ExamenDeGrado/C#/php/ugb/vendor/laravel/framework/src/Illuminate/Foundation/Console/Kernel.php(198): Symfony/Component/Console/Application->run(Object(Symfony/Component/Console/Input/ArgvInput), Object(Symfony/Component/Console/Output/ConsoleOutput))
#26 D:/josej/Documents/Proyectos/ExamenDeGrado/C#/php/ugb/vendor/laravel/framework/src/Illuminate/Foundation/Application.php(1242): Illuminate/Foundation/Console/Kernel->handle(Object(Symfony/Component/Console/Input/ArgvInput), Object(Symfony/Component/Console/Output/ConsoleOutput))
#27 D:/josej/Documents/Proyectos/ExamenDeGrado/C#/php/ugb/artisan(16): Illuminate/Foundation/Application->handleCommand(Object(Symfony/Component/Console/Input/ArgvInput))
#28 {main}
"} 
[2026-08-17 01:44:45] local.ERROR: SQLSTATE[HY000]: General error: 1 no such table: cache (Connection: sqlite, Database: D:\josej\Documents\Proyectos\ExamenDeGrado\C#\php\ugb\database\database.sqlite, SQL: select * from "cache" where "key" in (laravel-cache-illuminate:queues:paused, laravel-cache-illuminate:queue:paused:database:default)) {"exception":"[object] (Illuminate\\Database\\QueryException(code: HY000): SQLSTATE[HY000]: General error: 1 no such table: cache (Connection: sqlite, Database: D:\\josej\\Documents\\Proyectos\\ExamenDeGrado\\C#\\php\\ugb\\database\\database.sqlite, SQL: select * from \"cache\" where \"key\" in (laravel-cache-illuminate:queues:paused, laravel-cache-illuminate:queue:paused:database:default)) at D:/josej/Documents/Proyectos/ExamenDeGrado/C#/php/ugb/vendor/laravel/framework/src/Illuminate/Database/Connection.php:857)
[stacktrace]
#0 D:/josej/Documents/Proyectos/ExamenDeGrado/C#/php/ugb/vendor/laravel/framework/src/Illuminate/Database/Connection.php(813): Illuminate/Database/Connection->runQueryCallback('select * from \"...', Array, Object(Closure))
#1 D:/josej/Documents/Proyectos/ExamenDeGrado/C#/php/ugb/vendor/laravel/framework/src/Illuminate/Database/Connection.php(426): Illuminate/Database/Connection->run('select * from \"...', Array, Object(Closure))
#2 D:/josej/Documents/Proyectos/ExamenDeGrado/C#/php/ugb/vendor/laravel/framework/src/Illuminate/Database/Query/Builder.php(3573): Illuminate/Database/Connection->select('select * from \"...', Array, true, Array)
#3 D:/josej/Documents/Proyectos/ExamenDeGrado/C#/php/ugb/vendor/laravel/framework/src/Illuminate/Database/Query/Builder.php(3557): Illuminate/Database/Query/Builder->runSelect()
#4 D:/josej/Documents/Proyectos/ExamenDeGrado/C#/php/ugb/vendor/laravel/framework/src/Illuminate/Cache/DatabaseStore.php(142): Illuminate/Database/Query/Builder->get()
#5 D:/josej/Documents/Proyectos/ExamenDeGrado/C#/php/ugb/vendor/laravel/framework/src/Illuminate/Cache/Repository.php(167): Illuminate/Cache/DatabaseStore->many(Array)
#6 D:/josej/Documents/Proyectos/ExamenDeGrado/C#/php/ugb/vendor/laravel/framework/src/Illuminate/Queue/QueueManager.php(335): Illuminate/Cache/Repository->many(Array)
#7 D:/josej/Documents/Proyectos/ExamenDeGrado/C#/php/ugb/vendor/laravel/framework/src/Illuminate/Queue/Worker.php(489): Illuminate/Queue/QueueManager->getPausedQueues('database', Array)
#8 D:/josej/Documents/Proyectos/ExamenDeGrado/C#/php/ugb/vendor/laravel/framework/src/Illuminate/Queue/Worker.php(450): Illuminate/Queue/Worker->getPausedQueues('database', Array)
#9 D:/josej/Documents/Proyectos/ExamenDeGrado/C#/php/ugb/vendor/laravel/framework/src/Illuminate/Queue/Worker.php(410): Illuminate/Queue/Worker->getNextJob(Object(Illuminate/Queue/DatabaseQueue), 'default')
#10 D:/josej/Documents/Proyectos/ExamenDeGrado/C#/php/ugb/vendor/laravel/framework/src/Illuminate/Queue/Console/WorkCommand.php(149): Illuminate/Queue/Worker->runNextJob('database', 'default', Object(Illuminate/Queue/WorkerOptions))
#11 D:/josej/Documents/Proyectos/ExamenDeGrado/C#/php/ugb/vendor/laravel/framework/src/Illuminate/Queue/Console/WorkCommand.php(132): Illuminate/Queue/Console/WorkCommand->runWorker('database', 'default')
#12 D:/josej/Documents/Proyectos/ExamenDeGrado/C#/php/ugb/vendor/laravel/framework/src/Illuminate/Container/BoundMethod.php(36): Illuminate/Queue/Console/WorkCommand->handle()
#13 D:/josej/Documents/Proyectos/ExamenDeGrado/C#/php/ugb/vendor/laravel/framework/src/Illuminate/Container/Util.php(43): Illuminate/Container/BoundMethod::{closure:Illuminate/Container/BoundMethod::call():35}()
#14 D:/josej/Documents/Proyectos/ExamenDeGrado/C#/php/ugb/vendor/laravel/framework/src/Illuminate/Container/BoundMethod.php(96): Illuminate/Container/Util::unwrapIfClosure(Object(Closure))
#15 D:/josej/Documents/Proyectos/ExamenDeGrado/C#/php/ugb/vendor/laravel/framework/src/Illuminate/Container/BoundMethod.php(35): Illuminate/Container/BoundMethod::callBoundMethod(Object(Illuminate/Foundation/Application), Array, Object(Closure))
#16 D:/josej/Documents/Proyectos/ExamenDeGrado/C#/php/ugb/vendor/laravel/framework/src/Illuminate/Container/Container.php(801): Illuminate/Container/BoundMethod::call(Object(Illuminate/Foundation/Application), Array, Array, NULL)
#17 D:/josej/Documents/Proyectos/ExamenDeGrado/C#/php/ugb/vendor/laravel/framework/src/Illuminate/Console/Command.php(292): Illuminate/Container/Container->call(Array)
#18 D:/josej/Documents/Proyectos/ExamenDeGrado/C#/php/ugb/vendor/symfony/console/Command/Command.php(284): Illuminate/Console/Command->execute(Object(Symfony/Component/Console/Input/ArgvInput), Object(Illuminate/Console/OutputStyle))
#19 D:/josej/Documents/Proyectos/ExamenDeGrado/C#/php/ugb/vendor/laravel/framework/src/Illuminate/Console/Command.php(261): Symfony/Component/Console/Command/Command->run(Object(Symfony/Component/Console/Input/ArgvInput), Object(Illuminate/Console/OutputStyle))
#20 D:/josej/Documents/Proyectos/ExamenDeGrado/C#/php/ugb/vendor/symfony/console/Application.php(1144): Illuminate/Console/Command->run(Object(Symfony/Component/Console/Input/ArgvInput), Object(Symfony/Component/Console/Output/ConsoleOutput))
#21 D:/josej/Documents/Proyectos/ExamenDeGrado/C#/php/ugb/vendor/symfony/console/Application.php(379): Symfony/Component/Console/Application->doRunCommand(Object(Illuminate/Queue/Console/WorkCommand), Object(Symfony/Component/Console/Input/ArgvInput), Object(Symfony/Component/Console/Output/ConsoleOutput))
#22 D:/josej/Documents/Proyectos/ExamenDeGrado/C#/php/ugb/vendor/symfony/console/Application.php(218): Symfony/Component/Console/Application->doRun(Object(Symfony/Component/Console/Input/ArgvInput), Object(Symfony/Component/Console/Output/ConsoleOutput))
#23 D:/josej/Documents/Proyectos/ExamenDeGrado/C#/php/ugb/vendor/laravel/framework/src/Illuminate/Foundation/Console/Kernel.php(198): Symfony/Component/Console/Application->run(Object(Symfony/Component/Console/Input/ArgvInput), Object(Symfony/Component/Console/Output/ConsoleOutput))
#24 D:/josej/Documents/Proyectos/ExamenDeGrado/C#/php/ugb/vendor/laravel/framework/src/Illuminate/Foundation/Application.php(1242): Illuminate/Foundation/Console/Kernel->handle(Object(Symfony/Component/Console/Input/ArgvInput), Object(Symfony/Component/Console/Output/ConsoleOutput))
#25 D:/josej/Documents/Proyectos/ExamenDeGrado/C#/php/ugb/artisan(16): Illuminate/Foundation/Application->handleCommand(Object(Symfony/Component/Console/Input/ArgvInput))
#26 {main}

[previous exception] [object] (PDOException(code: HY000): SQLSTATE[HY000]: General error: 1 no such table: cache at D:/josej/Documents/Proyectos/ExamenDeGrado/C#/php/ugb/vendor/laravel/framework/src/Illuminate/Database/Connection.php:435)
[stacktrace]
#0 D:/josej/Documents/Proyectos/ExamenDeGrado/C#/php/ugb/vendor/laravel/framework/src/Illuminate/Database/Connection.php(435): PDO->prepare('select * from \"...')
#1 D:/josej/Documents/Proyectos/ExamenDeGrado/C#/php/ugb/vendor/laravel/framework/src/Illuminate/Database/Connection.php(846): Illuminate/Database/Connection->{closure:Illuminate/Database/Connection::select():426}('select * from \"...', Array)
#2 D:/josej/Documents/Proyectos/ExamenDeGrado/C#/php/ugb/vendor/laravel/framework/src/Illuminate/Database/Connection.php(813): Illuminate/Database/Connection->runQueryCallback('select * from \"...', Array, Object(Closure))
#3 D:/josej/Documents/Proyectos/ExamenDeGrado/C#/php/ugb/vendor/laravel/framework/src/Illuminate/Database/Connection.php(426): Illuminate/Database/Connection->run('select * from \"...', Array, Object(Closure))
#4 D:/josej/Documents/Proyectos/ExamenDeGrado/C#/php/ugb/vendor/laravel/framework/src/Illuminate/Database/Query/Builder.php(3573): Illuminate/Database/Connection->select('select * from \"...', Array, true, Array)
#5 D:/josej/Documents/Proyectos/ExamenDeGrado/C#/php/ugb/vendor/laravel/framework/src/Illuminate/Database/Query/Builder.php(3557): Illuminate/Database/Query/Builder->runSelect()
#6 D:/josej/Documents/Proyectos/ExamenDeGrado/C#/php/ugb/vendor/laravel/framework/src/Illuminate/Cache/DatabaseStore.php(142): Illuminate/Database/Query/Builder->get()
#7 D:/josej/Documents/Proyectos/ExamenDeGrado/C#/php/ugb/vendor/laravel/framework/src/Illuminate/Cache/Repository.php(167): Illuminate/Cache/DatabaseStore->many(Array)
#8 D:/josej/Documents/Proyectos/ExamenDeGrado/C#/php/ugb/vendor/laravel/framework/src/Illuminate/Queue/QueueManager.php(335): Illuminate/Cache/Repository->many(Array)
#9 D:/josej/Documents/Proyectos/ExamenDeGrado/C#/php/ugb/vendor/laravel/framework/src/Illuminate/Queue/Worker.php(489): Illuminate/Queue/QueueManager->getPausedQueues('database', Array)
#10 D:/josej/Documents/Proyectos/ExamenDeGrado/C#/php/ugb/vendor/laravel/framework/src/Illuminate/Queue/Worker.php(450): Illuminate/Queue/Worker->getPausedQueues('database', Array)
#11 D:/josej/Documents/Proyectos/ExamenDeGrado/C#/php/ugb/vendor/laravel/framework/src/Illuminate/Queue/Worker.php(410): Illuminate/Queue/Worker->getNextJob(Object(Illuminate/Queue/DatabaseQueue), 'default')
#12 D:/josej/Documents/Proyectos/ExamenDeGrado/C#/php/ugb/vendor/laravel/framework/src/Illuminate/Queue/Console/WorkCommand.php(149): Illuminate/Queue/Worker->runNextJob('database', 'default', Object(Illuminate/Queue/WorkerOptions))
#13 D:/josej/Documents/Proyectos/ExamenDeGrado/C#/php/ugb/vendor/laravel/framework/src/Illuminate/Queue/Console/WorkCommand.php(132): Illuminate/Queue/Console/WorkCommand->runWorker('database', 'default')
#14 D:/josej/Documents/Proyectos/ExamenDeGrado/C#/php/ugb/vendor/laravel/framework/src/Illuminate/Container/BoundMethod.php(36): Illuminate/Queue/Console/WorkCommand->handle()
#15 D:/josej/Documents/Proyectos/ExamenDeGrado/C#/php/ugb/vendor/laravel/framework/src/Illuminate/Container/Util.php(43): Illuminate/Container/BoundMethod::{closure:Illuminate/Container/BoundMethod::call():35}()
#16 D:/josej/Documents/Proyectos/ExamenDeGrado/C#/php/ugb/vendor/laravel/framework/src/Illuminate/Container/BoundMethod.php(96): Illuminate/Container/Util::unwrapIfClosure(Object(Closure))
#17 D:/josej/Documents/Proyectos/ExamenDeGrado/C#/php/ugb/vendor/laravel/framework/src/Illuminate/Container/BoundMethod.php(35): Illuminate/Container/BoundMethod::callBoundMethod(Object(Illuminate/Foundation/Application), Array, Object(Closure))
#18 D:/josej/Documents/Proyectos/ExamenDeGrado/C#/php/ugb/vendor/laravel/framework/src/Illuminate/Container/Container.php(801): Illuminate/Container/BoundMethod::call(Object(Illuminate/Foundation/Application), Array, Array, NULL)
#19 D:/josej/Documents/Proyectos/ExamenDeGrado/C#/php/ugb/vendor/laravel/framework/src/Illuminate/Console/Command.php(292): Illuminate/Container/Container->call(Array)
#20 D:/josej/Documents/Proyectos/ExamenDeGrado/C#/php/ugb/vendor/symfony/console/Command/Command.php(284): Illuminate/Console/Command->execute(Object(Symfony/Component/Console/Input/ArgvInput), Object(Illuminate/Console/OutputStyle))
#21 D:/josej/Documents/Proyectos/ExamenDeGrado/C#/php/ugb/vendor/laravel/framework/src/Illuminate/Console/Command.php(261): Symfony/Component/Console/Command/Command->run(Object(Symfony/Component/Console/Input/ArgvInput), Object(Illuminate/Console/OutputStyle))
#22 D:/josej/Documents/Proyectos/ExamenDeGrado/C#/php/ugb/vendor/symfony/console/Application.php(1144): Illuminate/Console/Command->run(Object(Symfony/Component/Console/Input/ArgvInput), Object(Symfony/Component/Console/Output/ConsoleOutput))
#23 D:/josej/Documents/Proyectos/ExamenDeGrado/C#/php/ugb/vendor/symfony/console/Application.php(379): Symfony/Component/Console/Application->doRunCommand(Object(Illuminate/Queue/Console/WorkCommand), Object(Symfony/Component/Console/Input/ArgvInput), Object(Symfony/Component/Console/Output/ConsoleOutput))
#24 D:/josej/Documents/Proyectos/ExamenDeGrado/C#/php/ugb/vendor/symfony/console/Application.php(218): Symfony/Component/Console/Application->doRun(Object(Symfony/Component/Console/Input/ArgvInput), Object(Symfony/Component/Console/Output/ConsoleOutput))
#25 D:/josej/Documents/Proyectos/ExamenDeGrado/C#/php/ugb/vendor/laravel/framework/src/Illuminate/Foundation/Console/Kernel.php(198): Symfony/Component/Console/Application->run(Object(Symfony/Component/Console/Input/ArgvInput), Object(Symfony/Component/Console/Output/ConsoleOutput))
#26 D:/josej/Documents/Proyectos/ExamenDeGrado/C#/php/ugb/vendor/laravel/framework/src/Illuminate/Foundation/Application.php(1242): Illuminate/Foundation/Console/Kernel->handle(Object(Symfony/Component/Console/Input/ArgvInput), Object(Symfony/Component/Console/Output/ConsoleOutput))
#27 D:/josej/Documents/Proyectos/ExamenDeGrado/C#/php/ugb/artisan(16): Illuminate/Foundation/Application->handleCommand(Object(Symfony/Component/Console/Input/ArgvInput))
#28 {main}
"} 
[2026-08-17 01:44:49] local.ERROR: SQLSTATE[HY000]: General error: 1 no such table: cache (Connection: sqlite, Database: D:\josej\Documents\Proyectos\ExamenDeGrado\C#\php\ugb\database\database.sqlite, SQL: select * from "cache" where "key" in (laravel-cache-illuminate:queues:paused, laravel-cache-illuminate:queue:paused:database:default)) {"exception":"[object] (Illuminate\\Database\\QueryException(code: HY000): SQLSTATE[HY000]: General error: 1 no such table: cache (Connection: sqlite, Database: D:\\josej\\Documents\\Proyectos\\ExamenDeGrado\\C#\\php\\ugb\\database\\database.sqlite, SQL: select * from \"cache\" where \"key\" in (laravel-cache-illuminate:queues:paused, laravel-cache-illuminate:queue:paused:database:default)) at D:/josej/Documents/Proyectos/ExamenDeGrado/C#/php/ugb/vendor/laravel/framework/src/Illuminate/Database/Connection.php:857)
[stacktrace]
#0 D:/josej/Documents/Proyectos/ExamenDeGrado/C#/php/ugb/vendor/laravel/framework/src/Illuminate/Database/Connection.php(813): Illuminate/Database/Connection->runQueryCallback('select * from \"...', Array, Object(Closure))
#1 D:/josej/Documents/Proyectos/ExamenDeGrado/C#/php/ugb/vendor/laravel/framework/src/Illuminate/Database/Connection.php(426): Illuminate/Database/Connection->run('select * from \"...', Array, Object(Closure))
#2 D:/josej/Documents/Proyectos/ExamenDeGrado/C#/php/ugb/vendor/laravel/framework/src/Illuminate/Database/Query/Builder.php(3573): Illuminate/Database/Connection->select('select * from \"...', Array, true, Array)
#3 D:/josej/Documents/Proyectos/ExamenDeGrado/C#/php/ugb/vendor/laravel/framework/src/Illuminate/Database/Query/Builder.php(3557): Illuminate/Database/Query/Builder->runSelect()
#4 D:/josej/Documents/Proyectos/ExamenDeGrado/C#/php/ugb/vendor/laravel/framework/src/Illuminate/Cache/DatabaseStore.php(142): Illuminate/Database/Query/Builder->get()
#5 D:/josej/Documents/Proyectos/ExamenDeGrado/C#/php/ugb/vendor/laravel/framework/src/Illuminate/Cache/Repository.php(167): Illuminate/Cache/DatabaseStore->many(Array)
#6 D:/josej/Documents/Proyectos/ExamenDeGrado/C#/php/ugb/vendor/laravel/framework/src/Illuminate/Queue/QueueManager.php(335): Illuminate/Cache/Repository->many(Array)
#7 D:/josej/Documents/Proyectos/ExamenDeGrado/C#/php/ugb/vendor/laravel/framework/src/Illuminate/Queue/Worker.php(489): Illuminate/Queue/QueueManager->getPausedQueues('database', Array)
#8 D:/josej/Documents/Proyectos/ExamenDeGrado/C#/php/ugb/vendor/laravel/framework/src/Illuminate/Queue/Worker.php(450): Illuminate/Queue/Worker->getPausedQueues('database', Array)
#9 D:/josej/Documents/Proyectos/ExamenDeGrado/C#/php/ugb/vendor/laravel/framework/src/Illuminate/Queue/Worker.php(410): Illuminate/Queue/Worker->getNextJob(Object(Illuminate/Queue/DatabaseQueue), 'default')
#10 D:/josej/Documents/Proyectos/ExamenDeGrado/C#/php/ugb/vendor/laravel/framework/src/Illuminate/Queue/Console/WorkCommand.php(149): Illuminate/Queue/Worker->runNextJob('database', 'default', Object(Illuminate/Queue/WorkerOptions))
#11 D:/josej/Documents/Proyectos/ExamenDeGrado/C#/php/ugb/vendor/laravel/framework/src/Illuminate/Queue/Console/WorkCommand.php(132): Illuminate/Queue/Console/WorkCommand->runWorker('database', 'default')
#12 D:/josej/Documents/Proyectos/ExamenDeGrado/C#/php/ugb/vendor/laravel/framework/src/Illuminate/Container/BoundMethod.php(36): Illuminate/Queue/Console/WorkCommand->handle()
#13 D:/josej/Documents/Proyectos/ExamenDeGrado/C#/php/ugb/vendor/laravel/framework/src/Illuminate/Container/Util.php(43): Illuminate/Container/BoundMethod::{closure:Illuminate/Container/BoundMethod::call():35}()
#14 D:/josej/Documents/Proyectos/ExamenDeGrado/C#/php/ugb/vendor/laravel/framework/src/Illuminate/Container/BoundMethod.php(96): Illuminate/Container/Util::unwrapIfClosure(Object(Closure))
#15 D:/josej/Documents/Proyectos/ExamenDeGrado/C#/php/ugb/vendor/laravel/framework/src/Illuminate/Container/BoundMethod.php(35): Illuminate/Container/BoundMethod::callBoundMethod(Object(Illuminate/Foundation/Application), Array, Object(Closure))
#16 D:/josej/Documents/Proyectos/ExamenDeGrado/C#/php/ugb/vendor/laravel/framework/src/Illuminate/Container/Container.php(801): Illuminate/Container/BoundMethod::call(Object(Illuminate/Foundation/Application), Array, Array, NULL)
#17 D:/josej/Documents/Proyectos/ExamenDeGrado/C#/php/ugb/vendor/laravel/framework/src/Illuminate/Console/Command.php(292): Illuminate/Container/Container->call(Array)
#18 D:/josej/Documents/Proyectos/ExamenDeGrado/C#/php/ugb/vendor/symfony/console/Command/Command.php(284): Illuminate/Console/Command->execute(Object(Symfony/Component/Console/Input/ArgvInput), Object(Illuminate/Console/OutputStyle))
#19 D:/josej/Documents/Proyectos/ExamenDeGrado/C#/php/ugb/vendor/laravel/framework/src/Illuminate/Console/Command.php(261): Symfony/Component/Console/Command/Command->run(Object(Symfony/Component/Console/Input/ArgvInput), Object(Illuminate/Console/OutputStyle))
#20 D:/josej/Documents/Proyectos/ExamenDeGrado/C#/php/ugb/vendor/symfony/console/Application.php(1144): Illuminate/Console/Command->run(Object(Symfony/Component/Console/Input/ArgvInput), Object(Symfony/Component/Console/Output/ConsoleOutput))
#21 D:/josej/Documents/Proyectos/ExamenDeGrado/C#/php/ugb/vendor/symfony/console/Application.php(379): Symfony/Component/Console/Application->doRunCommand(Object(Illuminate/Queue/Console/WorkCommand), Object(Symfony/Component/Console/Input/ArgvInput), Object(Symfony/Component/Console/Output/ConsoleOutput))
#22 D:/josej/Documents/Proyectos/ExamenDeGrado/C#/php/ugb/vendor/symfony/console/Application.php(218): Symfony/Component/Console/Application->doRun(Object(Symfony/Component/Console/Input/ArgvInput), Object(Symfony/Component/Console/Output/ConsoleOutput))
#23 D:/josej/Documents/Proyectos/ExamenDeGrado/C#/php/ugb/vendor/laravel/framework/src/Illuminate/Foundation/Console/Kernel.php(198): Symfony/Component/Console/Application->run(Object(Symfony/Component/Console/Input/ArgvInput), Object(Symfony/Component/Console/Output/ConsoleOutput))
#24 D:/josej/Documents/Proyectos/ExamenDeGrado/C#/php/ugb/vendor/laravel/framework/src/Illuminate/Foundation/Application.php(1242): Illuminate/Foundation/Console/Kernel->handle(Object(Symfony/Component/Console/Input/ArgvInput), Object(Symfony/Component/Console/Output/ConsoleOutput))
#25 D:/josej/Documents/Proyectos/ExamenDeGrado/C#/php/ugb/artisan(16): Illuminate/Foundation/Application->handleCommand(Object(Symfony/Component/Console/Input/ArgvInput))
#26 {main}

[previous exception] [object] (PDOException(code: HY000): SQLSTATE[HY000]: General error: 1 no such table: cache at D:/josej/Documents/Proyectos/ExamenDeGrado/C#/php/ugb/vendor/laravel/framework/src/Illuminate/Database/Connection.php:435)
[stacktrace]
#0 D:/josej/Documents/Proyectos/ExamenDeGrado/C#/php/ugb/vendor/laravel/framework/src/Illuminate/Database/Connection.php(435): PDO->prepare('select * from \"...')
#1 D:/josej/Documents/Proyectos/ExamenDeGrado/C#/php/ugb/vendor/laravel/framework/src/Illuminate/Database/Connection.php(846): Illuminate/Database/Connection->{closure:Illuminate/Database/Connection::select():426}('select * from \"...', Array)
#2 D:/josej/Documents/Proyectos/ExamenDeGrado/C#/php/ugb/vendor/laravel/framework/src/Illuminate/Database/Connection.php(813): Illuminate/Database/Connection->runQueryCallback('select * from \"...', Array, Object(Closure))
#3 D:/josej/Documents/Proyectos/ExamenDeGrado/C#/php/ugb/vendor/laravel/framework/src/Illuminate/Database/Connection.php(426): Illuminate/Database/Connection->run('select * from \"...', Array, Object(Closure))
#4 D:/josej/Documents/Proyectos/ExamenDeGrado/C#/php/ugb/vendor/laravel/framework/src/Illuminate/Database/Query/Builder.php(3573): Illuminate/Database/Connection->select('select * from \"...', Array, true, Array)
#5 D:/josej/Documents/Proyectos/ExamenDeGrado/C#/php/ugb/vendor/laravel/framework/src/Illuminate/Database/Query/Builder.php(3557): Illuminate/Database/Query/Builder->runSelect()
#6 D:/josej/Documents/Proyectos/ExamenDeGrado/C#/php/ugb/vendor/laravel/framework/src/Illuminate/Cache/DatabaseStore.php(142): Illuminate/Database/Query/Builder->get()
#7 D:/josej/Documents/Proyectos/ExamenDeGrado/C#/php/ugb/vendor/laravel/framework/src/Illuminate/Cache/Repository.php(167): Illuminate/Cache/DatabaseStore->many(Array)
#8 D:/josej/Documents/Proyectos/ExamenDeGrado/C#/php/ugb/vendor/laravel/framework/src/Illuminate/Queue/QueueManager.php(335): Illuminate/Cache/Repository->many(Array)
#9 D:/josej/Documents/Proyectos/ExamenDeGrado/C#/php/ugb/vendor/laravel/framework/src/Illuminate/Queue/Worker.php(489): Illuminate/Queue/QueueManager->getPausedQueues('database', Array)
#10 D:/josej/Documents/Proyectos/ExamenDeGrado/C#/php/ugb/vendor/laravel/framework/src/Illuminate/Queue/Worker.php(450): Illuminate/Queue/Worker->getPausedQueues('database', Array)
#11 D:/josej/Documents/Proyectos/ExamenDeGrado/C#/php/ugb/vendor/laravel/framework/src/Illuminate/Queue/Worker.php(410): Illuminate/Queue/Worker->getNextJob(Object(Illuminate/Queue/DatabaseQueue), 'default')
#12 D:/josej/Documents/Proyectos/ExamenDeGrado/C#/php/ugb/vendor/laravel/framework/src/Illuminate/Queue/Console/WorkCommand.php(149): Illuminate/Queue/Worker->runNextJob('database', 'default', Object(Illuminate/Queue/WorkerOptions))
#13 D:/josej/Documents/Proyectos/ExamenDeGrado/C#/php/ugb/vendor/laravel/framework/src/Illuminate/Queue/Console/WorkCommand.php(132): Illuminate/Queue/Console/WorkCommand->runWorker('database', 'default')
#14 D:/josej/Documents/Proyectos/ExamenDeGrado/C#/php/ugb/vendor/laravel/framework/src/Illuminate/Container/BoundMethod.php(36): Illuminate/Queue/Console/WorkCommand->handle()
#15 D:/josej/Documents/Proyectos/ExamenDeGrado/C#/php/ugb/vendor/laravel/framework/src/Illuminate/Container/Util.php(43): Illuminate/Container/BoundMethod::{closure:Illuminate/Container/BoundMethod::call():35}()
#16 D:/josej/Documents/Proyectos/ExamenDeGrado/C#/php/ugb/vendor/laravel/framework/src/Illuminate/Container/BoundMethod.php(96): Illuminate/Container/Util::unwrapIfClosure(Object(Closure))
#17 D:/josej/Documents/Proyectos/ExamenDeGrado/C#/php/ugb/vendor/laravel/framework/src/Illuminate/Container/BoundMethod.php(35): Illuminate/Container/BoundMethod::callBoundMethod(Object(Illuminate/Foundation/Application), Array, Object(Closure))
#18 D:/josej/Documents/Proyectos/ExamenDeGrado/C#/php/ugb/vendor/laravel/framework/src/Illuminate/Container/Container.php(801): Illuminate/Container/BoundMethod::call(Object(Illuminate/Foundation/Application), Array, Array, NULL)
#19 D:/josej/Documents/Proyectos/ExamenDeGrado/C#/php/ugb/vendor/laravel/framework/src/Illuminate/Console/Command.php(292): Illuminate/Container/Container->call(Array)
#20 D:/josej/Documents/Proyectos/ExamenDeGrado/C#/php/ugb/vendor/symfony/console/Command/Command.php(284): Illuminate/Console/Command->execute(Object(Symfony/Component/Console/Input/ArgvInput), Object(Illuminate/Console/OutputStyle))
#21 D:/josej/Documents/Proyectos/ExamenDeGrado/C#/php/ugb/vendor/laravel/framework/src/Illuminate/Console/Command.php(261): Symfony/Component/Console/Command/Command->run(Object(Symfony/Component/Console/Input/ArgvInput), Object(Illuminate/Console/OutputStyle))
#22 D:/josej/Documents/Proyectos/ExamenDeGrado/C#/php/ugb/vendor/symfony/console/Application.php(1144): Illuminate/Console/Command->run(Object(Symfony/Component/Console/Input/ArgvInput), Object(Symfony/Component/Console/Output/ConsoleOutput))
#23 D:/josej/Documents/Proyectos/ExamenDeGrado/C#/php/ugb/vendor/symfony/console/Application.php(379): Symfony/Component/Console/Application->doRunCommand(Object(Illuminate/Queue/Console/WorkCommand), Object(Symfony/Component/Console/Input/ArgvInput), Object(Symfony/Component/Console/Output/ConsoleOutput))
#24 D:/josej/Documents/Proyectos/ExamenDeGrado/C#/php/ugb/vendor/symfony/console/Application.php(218): Symfony/Component/Console/Application->doRun(Object(Symfony/Component/Console/Input/ArgvInput), Object(Symfony/Component/Console/Output/ConsoleOutput))
#25 D:/josej/Documents/Proyectos/ExamenDeGrado/C#/php/ugb/vendor/laravel/framework/src/Illuminate/Foundation/Console/Kernel.php(198): Symfony/Component/Console/Application->run(Object(Symfony/Component/Console/Input/ArgvInput), Object(Symfony/Component/Console/Output/ConsoleOutput))
#26 D:/josej/Documents/Proyectos/ExamenDeGrado/C#/php/ugb/vendor/laravel/framework/src/Illuminate/Foundation/Application.php(1242): Illuminate/Foundation/Console/Kernel->handle(Object(Symfony/Component/Console/Input/ArgvInput), Object(Symfony/Component/Console/Output/ConsoleOutput))
#27 D:/josej/Documents/Proyectos/ExamenDeGrado/C#/php/ugb/artisan(16): Illuminate/Foundation/Application->handleCommand(Object(Symfony/Component/Console/Input/ArgvInput))
#28 {main}
"} 
[2026-08-17 01:44:50] local.ERROR: SQLSTATE[HY000]: General error: 1 no such table: sessions (Connection: sqlite, Database: D:\josej\Documents\Proyectos\ExamenDeGrado\C#\php\ugb\database\database.sqlite, SQL: select * from "sessions" where "id" = LWvUHcEYyTuNYcZstr8uLWQ9yAnRDTEPp1mRUxVn limit 1) {"exception":"[object] (Illuminate\\Database\\QueryException(code: HY000): SQLSTATE[HY000]: General error: 1 no such table: sessions (Connection: sqlite, Database: D:\\josej\\Documents\\Proyectos\\ExamenDeGrado\\C#\\php\\ugb\\database\\database.sqlite, SQL: select * from \"sessions\" where \"id\" = LWvUHcEYyTuNYcZstr8uLWQ9yAnRDTEPp1mRUxVn limit 1) at D:/josej/Documents/Proyectos/ExamenDeGrado/C#/php/ugb/vendor/laravel/framework/src/Illuminate/Database/Connection.php:857)
[stacktrace]
#0 D:/josej/Documents/Proyectos/ExamenDeGrado/C#/php/ugb/vendor/laravel/framework/src/Illuminate/Database/Connection.php(813): Illuminate/Database/Connection->runQueryCallback('select * from \"...', Array, Object(Closure))
#1 D:/josej/Documents/Proyectos/ExamenDeGrado/C#/php/ugb/vendor/laravel/framework/src/Illuminate/Database/Connection.php(426): Illuminate/Database/Connection->run('select * from \"...', Array, Object(Closure))
#2 D:/josej/Documents/Proyectos/ExamenDeGrado/C#/php/ugb/vendor/laravel/framework/src/Illuminate/Database/Query/Builder.php(3573): Illuminate/Database/Connection->select('select * from \"...', Array, false, Array)
#3 D:/josej/Documents/Proyectos/ExamenDeGrado/C#/php/ugb/vendor/laravel/framework/src/Illuminate/Database/Query/Builder.php(3557): Illuminate/Database/Query/Builder->runSelect()
#4 D:/josej/Documents/Proyectos/ExamenDeGrado/C#/php/ugb/vendor/laravel/framework/src/Illuminate/Database/Concerns/BuildsQueries.php(366): Illuminate/Database/Query/Builder->get(Array)
#5 D:/josej/Documents/Proyectos/ExamenDeGrado/C#/php/ugb/vendor/laravel/framework/src/Illuminate/Database/Query/Builder.php(3475): Illuminate/Database/Query/Builder->first(Array)
#6 D:/josej/Documents/Proyectos/ExamenDeGrado/C#/php/ugb/vendor/laravel/framework/src/Illuminate/Session/DatabaseSessionHandler.php(96): Illuminate/Database/Query/Builder->find('LWvUHcEYyTuNYcZ...')
#7 D:/josej/Documents/Proyectos/ExamenDeGrado/C#/php/ugb/vendor/laravel/framework/src/Illuminate/Session/Store.php(128): Illuminate/Session/DatabaseSessionHandler->read('LWvUHcEYyTuNYcZ...')
#8 D:/josej/Documents/Proyectos/ExamenDeGrado/C#/php/ugb/vendor/laravel/framework/src/Illuminate/Session/Store.php(116): Illuminate/Session/Store->readFromHandler()
#9 D:/josej/Documents/Proyectos/ExamenDeGrado/C#/php/ugb/vendor/laravel/framework/src/Illuminate/Session/Store.php(100): Illuminate/Session/Store->loadSession()
#10 D:/josej/Documents/Proyectos/ExamenDeGrado/C#/php/ugb/vendor/laravel/framework/src/Illuminate/Session/Middleware/StartSession.php(146): Illuminate/Session/Store->start()
#11 D:/josej/Documents/Proyectos/ExamenDeGrado/C#/php/ugb/vendor/laravel/framework/src/Illuminate/Support/helpers.php(393): Illuminate/Session/Middleware/StartSession->{closure:Illuminate/Session/Middleware/StartSession::startSession():143}(Object(Illuminate/Session/Store))
#12 D:/josej/Documents/Proyectos/ExamenDeGrado/C#/php/ugb/vendor/laravel/framework/src/Illuminate/Session/Middleware/StartSession.php(143): tap(Object(Illuminate/Session/Store), Object(Closure))
#13 D:/josej/Documents/Proyectos/ExamenDeGrado/C#/php/ugb/vendor/laravel/framework/src/Illuminate/Session/Middleware/StartSession.php(115): Illuminate/Session/Middleware/StartSession->startSession(Object(Illuminate/Http/Request), Object(Illuminate/Session/Store))
#14 D:/josej/Documents/Proyectos/ExamenDeGrado/C#/php/ugb/vendor/laravel/framework/src/Illuminate/Session/Middleware/StartSession.php(63): Illuminate/Session/Middleware/StartSession->handleStatefulRequest(Object(Illuminate/Http/Request), Object(Illuminate/Session/Store), Object(Closure))
#15 D:/josej/Documents/Proyectos/ExamenDeGrado/C#/php/ugb/vendor/laravel/framework/src/Illuminate/Pipeline/Pipeline.php(219): Illuminate/Session/Middleware/StartSession->handle(Object(Illuminate/Http/Request), Object(Closure))
#16 D:/josej/Documents/Proyectos/ExamenDeGrado/C#/php/ugb/vendor/laravel/framework/src/Illuminate/Cookie/Middleware/AddQueuedCookiesToResponse.php(36): Illuminate/Pipeline/Pipeline->{closure:{closure:Illuminate/Pipeline/Pipeline::carry():194}:195}(Object(Illuminate/Http/Request))
#17 D:/josej/Documents/Proyectos/ExamenDeGrado/C#/php/ugb/vendor/laravel/framework/src/Illuminate/Pipeline/Pipeline.php(219): Illuminate/Cookie/Middleware/AddQueuedCookiesToResponse->handle(Object(Illuminate/Http/Request), Object(Closure))
#18 D:/josej/Documents/Proyectos/ExamenDeGrado/C#/php/ugb/vendor/laravel/framework/src/Illuminate/Cookie/Middleware/EncryptCookies.php(74): Illuminate/Pipeline/Pipeline->{closure:{closure:Illuminate/Pipeline/Pipeline::carry():194}:195}(Object(Illuminate/Http/Request))
#19 D:/josej/Documents/Proyectos/ExamenDeGrado/C#/php/ugb/vendor/laravel/framework/src/Illuminate/Pipeline/Pipeline.php(219): Illuminate/Cookie/Middleware/EncryptCookies->handle(Object(Illuminate/Http/Request), Object(Closure))
#20 D:/josej/Documents/Proyectos/ExamenDeGrado/C#/php/ugb/vendor/laravel/framework/src/Illuminate/Pipeline/Pipeline.php(137): Illuminate/Pipeline/Pipeline->{closure:{closure:Illuminate/Pipeline/Pipeline::carry():194}:195}(Object(Illuminate/Http/Request))
#21 D:/josej/Documents/Proyectos/ExamenDeGrado/C#/php/ugb/vendor/laravel/framework/src/Illuminate/Routing/Router.php(821): Illuminate/Pipeline/Pipeline->then(Object(Closure))
#22 D:/josej/Documents/Proyectos/ExamenDeGrado/C#/php/ugb/vendor/laravel/framework/src/Illuminate/Routing/Router.php(800): Illuminate/Routing/Router->runRouteWithinStack(Object(Illuminate/Routing/Route), Object(Illuminate/Http/Request))
#23 D:/josej/Documents/Proyectos/ExamenDeGrado/C#/php/ugb/vendor/laravel/framework/src/Illuminate/Routing/Router.php(764): Illuminate/Routing/Router->runRoute(Object(Illuminate/Http/Request), Object(Illuminate/Routing/Route))
#24 D:/josej/Documents/Proyectos/ExamenDeGrado/C#/php/ugb/vendor/laravel/framework/src/Illuminate/Routing/Router.php(753): Illuminate/Routing/Router->dispatchToRoute(Object(Illuminate/Http/Request))
#25 D:/josej/Documents/Proyectos/ExamenDeGrado/C#/php/ugb/vendor/laravel/framework/src/Illuminate/Foundation/Http/Kernel.php(200): Illuminate/Routing/Router->dispatch(Object(Illuminate/Http/Request))
#26 D:/josej/Documents/Proyectos/ExamenDeGrado/C#/php/ugb/vendor/laravel/framework/src/Illuminate/Pipeline/Pipeline.php(180): Illuminate/Foundation/Http/Kernel->{closure:Illuminate/Foundation/Http/Kernel::dispatchToRouter():197}(Object(Illuminate/Http/Request))
#27 D:/josej/Documents/Proyectos/ExamenDeGrado/C#/php/ugb/vendor/laravel/framework/src/Illuminate/Foundation/Http/Middleware/TransformsRequest.php(21): Illuminate/Pipeline/Pipeline->{closure:Illuminate/Pipeline/Pipeline::prepareDestination():178}(Object(Illuminate/Http/Request))
#28 D:/josej/Documents/Proyectos/ExamenDeGrado/C#/php/ugb/vendor/laravel/framework/src/Illuminate/Foundation/Http/Middleware/ConvertEmptyStringsToNull.php(31): Illuminate/Foundation/Http/Middleware/TransformsRequest->handle(Object(Illuminate/Http/Request), Object(Closure))
#29 D:/josej/Documents/Proyectos/ExamenDeGrado/C#/php/ugb/vendor/laravel/framework/src/Illuminate/Pipeline/Pipeline.php(219): Illuminate/Foundation/Http/Middleware/ConvertEmptyStringsToNull->handle(Object(Illuminate/Http/Request), Object(Closure))
#30 D:/josej/Documents/Proyectos/ExamenDeGrado/C#/php/ugb/vendor/laravel/framework/src/Illuminate/Foundation/Http/Middleware/TransformsRequest.php(21): Illuminate/Pipeline/Pipeline->{closure:{closure:Illuminate/Pipeline/Pipeline::carry():194}:195}(Object(Illuminate/Http/Request))
#31 D:/josej/Documents/Proyectos/ExamenDeGrado/C#/php/ugb/vendor/laravel/framework/src/Illuminate/Foundation/Http/Middleware/TrimStrings.php(51): Illuminate/Foundation/Http/Middleware/TransformsRequest->handle(Object(Illuminate/Http/Request), Object(Closure))
#32 D:/josej/Documents/Proyectos/ExamenDeGrado/C#/php/ugb/vendor/laravel/framework/src/Illuminate/Pipeline/Pipeline.php(219): Illuminate/Foundation/Http/Middleware/TrimStrings->handle(Object(Illuminate/Http/Request), Object(Closure))
#33 D:/josej/Documents/Proyectos/ExamenDeGrado/C#/php/ugb/vendor/laravel/framework/src/Illuminate/Http/Middleware/ValidatePostSize.php(27): Illuminate/Pipeline/Pipeline->{closure:{closure:Illuminate/Pipeline/Pipeline::carry():194}:195}(Object(Illuminate/Http/Request))
#34 D:/josej/Documents/Proyectos/ExamenDeGrado/C#/php/ugb/vendor/laravel/framework/src/Illuminate/Pipeline/Pipeline.php(219): Illuminate/Http/Middleware/ValidatePostSize->handle(Object(Illuminate/Http/Request), Object(Closure))
#35 D:/josej/Documents/Proyectos/ExamenDeGrado/C#/php/ugb/vendor/laravel/framework/src/Illuminate/Foundation/Http/Middleware/PreventRequestsDuringMaintenance.php(110): Illuminate/Pipeline/Pipeline->{closure:{closure:Illuminate/Pipeline/Pipeline::carry():194}:195}(Object(Illuminate/Http/Request))
#36 D:/josej/Documents/Proyectos/ExamenDeGrado/C#/php/ugb/vendor/laravel/framework/src/Illuminate/Pipeline/Pipeline.php(219): Illuminate/Foundation/Http/Middleware/PreventRequestsDuringMaintenance->handle(Object(Illuminate/Http/Request), Object(Closure))
#37 D:/josej/Documents/Proyectos/ExamenDeGrado/C#/php/ugb/vendor/laravel/framework/src/Illuminate/Http/Middleware/HandleCors.php(61): Illuminate/Pipeline/Pipeline->{closure:{closure:Illuminate/Pipeline/Pipeline::carry():194}:195}(Object(Illuminate/Http/Request))
#38 D:/josej/Documents/Proyectos/ExamenDeGrado/C#/php/ugb/vendor/laravel/framework/src/Illuminate/Pipeline/Pipeline.php(219): Illuminate/Http/Middleware/HandleCors->handle(Object(Illuminate/Http/Request), Object(Closure))
#39 D:/josej/Documents/Proyectos/ExamenDeGrado/C#/php/ugb/vendor/laravel/framework/src/Illuminate/Http/Middleware/TrustProxies.php(58): Illuminate/Pipeline/Pipeline->{closure:{closure:Illuminate/Pipeline/Pipeline::carry():194}:195}(Object(Illuminate/Http/Request))
#40 D:/josej/Documents/Proyectos/ExamenDeGrado/C#/php/ugb/vendor/laravel/framework/src/Illuminate/Pipeline/Pipeline.php(219): Illuminate/Http/Middleware/TrustProxies->handle(Object(Illuminate/Http/Request), Object(Closure))
#41 D:/josej/Documents/Proyectos/ExamenDeGrado/C#/php/ugb/vendor/laravel/framework/src/Illuminate/Foundation/Http/Middleware/InvokeDeferredCallbacks.php(22): Illuminate/Pipeline/Pipeline->{closure:{closure:Illuminate/Pipeline/Pipeline::carry():194}:195}(Object(Illuminate/Http/Request))
#42 D:/josej/Documents/Proyectos/ExamenDeGrado/C#/php/ugb/vendor/laravel/framework/src/Illuminate/Pipeline/Pipeline.php(219): Illuminate/Foundation/Http/Middleware/InvokeDeferredCallbacks->handle(Object(Illuminate/Http/Request), Object(Closure))
#43 D:/josej/Documents/Proyectos/ExamenDeGrado/C#/php/ugb/vendor/laravel/framework/src/Illuminate/Http/Middleware/ValidatePathEncoding.php(28): Illuminate/Pipeline/Pipeline->{closure:{closure:Illuminate/Pipeline/Pipeline::carry():194}:195}(Object(Illuminate/Http/Request))
#44 D:/josej/Documents/Proyectos/ExamenDeGrado/C#/php/ugb/vendor/laravel/framework/src/Illuminate/Pipeline/Pipeline.php(219): Illuminate/Http/Middleware/ValidatePathEncoding->handle(Object(Illuminate/Http/Request), Object(Closure))
#45 D:/josej/Documents/Proyectos/ExamenDeGrado/C#/php/ugb/vendor/laravel/framework/src/Illuminate/Pipeline/Pipeline.php(137): Illuminate/Pipeline/Pipeline->{closure:{closure:Illuminate/Pipeline/Pipeline::carry():194}:195}(Object(Illuminate/Http/Request))
#46 D:/josej/Documents/Proyectos/ExamenDeGrado/C#/php/ugb/vendor/laravel/framework/src/Illuminate/Foundation/Http/Kernel.php(175): Illuminate/Pipeline/Pipeline->then(Object(Closure))
#47 D:/josej/Documents/Proyectos/ExamenDeGrado/C#/php/ugb/vendor/laravel/framework/src/Illuminate/Foundation/Http/Kernel.php(144): Illuminate/Foundation/Http/Kernel->sendRequestThroughRouter(Object(Illuminate/Http/Request))
#48 D:/josej/Documents/Proyectos/ExamenDeGrado/C#/php/ugb/vendor/laravel/framework/src/Illuminate/Foundation/Application.php(1227): Illuminate/Foundation/Http/Kernel->handle(Object(Illuminate/Http/Request))
#49 D:/josej/Documents/Proyectos/ExamenDeGrado/C#/php/ugb/public/index.php(20): Illuminate/Foundation/Application->handleRequest(Object(Illuminate/Http/Request))
#50 D:/josej/Documents/Proyectos/ExamenDeGrado/C#/php/ugb/vendor/laravel/framework/src/Illuminate/Foundation/resources/server.php(23): require_once('D://josej//Docume...')
#51 {main}

[previous exception] [object] (PDOException(code: HY000): SQLSTATE[HY000]: General error: 1 no such table: sessions at D:/josej/Documents/Proyectos/ExamenDeGrado/C#/php/ugb/vendor/laravel/framework/src/Illuminate/Database/Connection.php:435)
[stacktrace]
#0 D:/josej/Documents/Proyectos/ExamenDeGrado/C#/php/ugb/vendor/laravel/framework/src/Illuminate/Database/Connection.php(435): PDO->prepare('select * from \"...')
#1 D:/josej/Documents/Proyectos/ExamenDeGrado/C#/php/ugb/vendor/laravel/framework/src/Illuminate/Database/Connection.php(846): Illuminate/Database/Connection->{closure:Illuminate/Database/Connection::select():426}('select * from \"...', Array)
#2 D:/josej/Documents/Proyectos/ExamenDeGrado/C#/php/ugb/vendor/laravel/framework/src/Illuminate/Database/Connection.php(813): Illuminate/Database/Connection->runQueryCallback('select * from \"...', Array, Object(Closure))
#3 D:/josej/Documents/Proyectos/ExamenDeGrado/C#/php/ugb/vendor/laravel/framework/src/Illuminate/Database/Connection.php(426): Illuminate/Database/Connection->run('select * from \"...', Array, Object(Closure))
#4 D:/josej/Documents/Proyectos/ExamenDeGrado/C#/php/ugb/vendor/laravel/framework/src/Illuminate/Database/Query/Builder.php(3573): Illuminate/Database/Connection->select('select * from \"...', Array, false, Array)
#5 D:/josej/Documents/Proyectos/ExamenDeGrado/C#/php/ugb/vendor/laravel/framework/src/Illuminate/Database/Query/Builder.php(3557): Illuminate/Database/Query/Builder->runSelect()
#6 D:/josej/Documents/Proyectos/ExamenDeGrado/C#/php/ugb/vendor/laravel/framework/src/Illuminate/Database/Concerns/BuildsQueries.php(366): Illuminate/Database/Query/Builder->get(Array)
#7 D:/josej/Documents/Proyectos/ExamenDeGrado/C#/php/ugb/vendor/laravel/framework/src/Illuminate/Database/Query/Builder.php(3475): Illuminate/Database/Query/Builder->first(Array)
#8 D:/josej/Documents/Proyectos/ExamenDeGrado/C#/php/ugb/vendor/laravel/framework/src/Illuminate/Session/DatabaseSessionHandler.php(96): Illuminate/Database/Query/Builder->find('LWvUHcEYyTuNYcZ...')
#9 D:/josej/Documents/Proyectos/ExamenDeGrado/C#/php/ugb/vendor/laravel/framework/src/Illuminate/Session/Store.php(128): Illuminate/Session/DatabaseSessionHandler->read('LWvUHcEYyTuNYcZ...')
#10 D:/josej/Documents/Proyectos/ExamenDeGrado/C#/php/ugb/vendor/laravel/framework/src/Illuminate/Session/Store.php(116): Illuminate/Session/Store->readFromHandler()
#11 D:/josej/Documents/Proyectos/ExamenDeGrado/C#/php/ugb/vendor/laravel/framework/src/Illuminate/Session/Store.php(100): Illuminate/Session/Store->loadSession()
#12 D:/josej/Documents/Proyectos/ExamenDeGrado/C#/php/ugb/vendor/laravel/framework/src/Illuminate/Session/Middleware/StartSession.php(146): Illuminate/Session/Store->start()
#13 D:/josej/Documents/Proyectos/ExamenDeGrado/C#/php/ugb/vendor/laravel/framework/src/Illuminate/Support/helpers.php(393): Illuminate/Session/Middleware/StartSession->{closure:Illuminate/Session/Middleware/StartSession::startSession():143}(Object(Illuminate/Session/Store))
#14 D:/josej/Documents/Proyectos/ExamenDeGrado/C#/php/ugb/vendor/laravel/framework/src/Illuminate/Session/Middleware/StartSession.php(143): tap(Object(Illuminate/Session/Store), Object(Closure))
#15 D:/josej/Documents/Proyectos/ExamenDeGrado/C#/php/ugb/vendor/laravel/framework/src/Illuminate/Session/Middleware/StartSession.php(115): Illuminate/Session/Middleware/StartSession->startSession(Object(Illuminate/Http/Request), Object(Illuminate/Session/Store))
#16 D:/josej/Documents/Proyectos/ExamenDeGrado/C#/php/ugb/vendor/laravel/framework/src/Illuminate/Session/Middleware/StartSession.php(63): Illuminate/Session/Middleware/StartSession->handleStatefulRequest(Object(Illuminate/Http/Request), Object(Illuminate/Session/Store), Object(Closure))
#17 D:/josej/Documents/Proyectos/ExamenDeGrado/C#/php/ugb/vendor/laravel/framework/src/Illuminate/Pipeline/Pipeline.php(219): Illuminate/Session/Middleware/StartSession->handle(Object(Illuminate/Http/Request), Object(Closure))
#18 D:/josej/Documents/Proyectos/ExamenDeGrado/C#/php/ugb/vendor/laravel/framework/src/Illuminate/Cookie/Middleware/AddQueuedCookiesToResponse.php(36): Illuminate/Pipeline/Pipeline->{closure:{closure:Illuminate/Pipeline/Pipeline::carry():194}:195}(Object(Illuminate/Http/Request))
#19 D:/josej/Documents/Proyectos/ExamenDeGrado/C#/php/ugb/vendor/laravel/framework/src/Illuminate/Pipeline/Pipeline.php(219): Illuminate/Cookie/Middleware/AddQueuedCookiesToResponse->handle(Object(Illuminate/Http/Request), Object(Closure))
#20 D:/josej/Documents/Proyectos/ExamenDeGrado/C#/php/ugb/vendor/laravel/framework/src/Illuminate/Cookie/Middleware/EncryptCookies.php(74): Illuminate/Pipeline/Pipeline->{closure:{closure:Illuminate/Pipeline/Pipeline::carry():194}:195}(Object(Illuminate/Http/Request))
#21 D:/josej/Documents/Proyectos/ExamenDeGrado/C#/php/ugb/vendor/laravel/framework/src/Illuminate/Pipeline/Pipeline.php(219): Illuminate/Cookie/Middleware/EncryptCookies->handle(Object(Illuminate/Http/Request), Object(Closure))
#22 D:/josej/Documents/Proyectos/ExamenDeGrado/C#/php/ugb/vendor/laravel/framework/src/Illuminate/Pipeline/Pipeline.php(137): Illuminate/Pipeline/Pipeline->{closure:{closure:Illuminate/Pipeline/Pipeline::carry():194}:195}(Object(Illuminate/Http/Request))
#23 D:/josej/Documents/Proyectos/ExamenDeGrado/C#/php/ugb/vendor/laravel/framework/src/Illuminate/Routing/Router.php(821): Illuminate/Pipeline/Pipeline->then(Object(Closure))
#24 D:/josej/Documents/Proyectos/ExamenDeGrado/C#/php/ugb/vendor/laravel/framework/src/Illuminate/Routing/Router.php(800): Illuminate/Routing/Router->runRouteWithinStack(Object(Illuminate/Routing/Route), Object(Illuminate/Http/Request))
#25 D:/josej/Documents/Proyectos/ExamenDeGrado/C#/php/ugb/vendor/laravel/framework/src/Illuminate/Routing/Router.php(764): Illuminate/Routing/Router->runRoute(Object(Illuminate/Http/Request), Object(Illuminate/Routing/Route))
#26 D:/josej/Documents/Proyectos/ExamenDeGrado/C#/php/ugb/vendor/laravel/framework/src/Illuminate/Routing/Router.php(753): Illuminate/Routing/Router->dispatchToRoute(Object(Illuminate/Http/Request))
#27 D:/josej/Documents/Proyectos/ExamenDeGrado/C#/php/ugb/vendor/laravel/framework/src/Illuminate/Foundation/Http/Kernel.php(200): Illuminate/Routing/Router->dispatch(Object(Illuminate/Http/Request))
#28 D:/josej/Documents/Proyectos/ExamenDeGrado/C#/php/ugb/vendor/laravel/framework/src/Illuminate/Pipeline/Pipeline.php(180): Illuminate/Foundation/Http/Kernel->{closure:Illuminate/Foundation/Http/Kernel::dispatchToRouter():197}(Object(Illuminate/Http/Request))
#29 D:/josej/Documents/Proyectos/ExamenDeGrado/C#/php/ugb/vendor/laravel/framework/src/Illuminate/Foundation/Http/Middleware/TransformsRequest.php(21): Illuminate/Pipeline/Pipeline->{closure:Illuminate/Pipeline/Pipeline::prepareDestination():178}(Object(Illuminate/Http/Request))
#30 D:/josej/Documents/Proyectos/ExamenDeGrado/C#/php/ugb/vendor/laravel/framework/src/Illuminate/Foundation/Http/Middleware/ConvertEmptyStringsToNull.php(31): Illuminate/Foundation/Http/Middleware/TransformsRequest->handle(Object(Illuminate/Http/Request), Object(Closure))
#31 D:/josej/Documents/Proyectos/ExamenDeGrado/C#/php/ugb/vendor/laravel/framework/src/Illuminate/Pipeline/Pipeline.php(219): Illuminate/Foundation/Http/Middleware/ConvertEmptyStringsToNull->handle(Object(Illuminate/Http/Request), Object(Closure))
#32 D:/josej/Documents/Proyectos/ExamenDeGrado/C#/php/ugb/vendor/laravel/framework/src/Illuminate/Foundation/Http/Middleware/TransformsRequest.php(21): Illuminate/Pipeline/Pipeline->{closure:{closure:Illuminate/Pipeline/Pipeline::carry():194}:195}(Object(Illuminate/Http/Request))
#33 D:/josej/Documents/Proyectos/ExamenDeGrado/C#/php/ugb/vendor/laravel/framework/src/Illuminate/Foundation/Http/Middleware/TrimStrings.php(51): Illuminate/Foundation/Http/Middleware/TransformsRequest->handle(Object(Illuminate/Http/Request), Object(Closure))
#34 D:/josej/Documents/Proyectos/ExamenDeGrado/C#/php/ugb/vendor/laravel/framework/src/Illuminate/Pipeline/Pipeline.php(219): Illuminate/Foundation/Http/Middleware/TrimStrings->handle(Object(Illuminate/Http/Request), Object(Closure))
#35 D:/josej/Documents/Proyectos/ExamenDeGrado/C#/php/ugb/vendor/laravel/framework/src/Illuminate/Http/Middleware/ValidatePostSize.php(27): Illuminate/Pipeline/Pipeline->{closure:{closure:Illuminate/Pipeline/Pipeline::carry():194}:195}(Object(Illuminate/Http/Request))
#36 D:/josej/Documents/Proyectos/ExamenDeGrado/C#/php/ugb/vendor/laravel/framework/src/Illuminate/Pipeline/Pipeline.php(219): Illuminate/Http/Middleware/ValidatePostSize->handle(Object(Illuminate/Http/Request), Object(Closure))
#37 D:/josej/Documents/Proyectos/ExamenDeGrado/C#/php/ugb/vendor/laravel/framework/src/Illuminate/Foundation/Http/Middleware/PreventRequestsDuringMaintenance.php(110): Illuminate/Pipeline/Pipeline->{closure:{closure:Illuminate/Pipeline/Pipeline::carry():194}:195}(Object(Illuminate/Http/Request))
#38 D:/josej/Documents/Proyectos/ExamenDeGrado/C#/php/ugb/vendor/laravel/framework/src/Illuminate/Pipeline/Pipeline.php(219): Illuminate/Foundation/Http/Middleware/PreventRequestsDuringMaintenance->handle(Object(Illuminate/Http/Request), Object(Closure))
#39 D:/josej/Documents/Proyectos/ExamenDeGrado/C#/php/ugb/vendor/laravel/framework/src/Illuminate/Http/Middleware/HandleCors.php(61): Illuminate/Pipeline/Pipeline->{closure:{closure:Illuminate/Pipeline/Pipeline::carry():194}:195}(Object(Illuminate/Http/Request))
#40 D:/josej/Documents/Proyectos/ExamenDeGrado/C#/php/ugb/vendor/laravel/framework/src/Illuminate/Pipeline/Pipeline.php(219): Illuminate/Http/Middleware/HandleCors->handle(Object(Illuminate/Http/Request), Object(Closure))
#41 D:/josej/Documents/Proyectos/ExamenDeGrado/C#/php/ugb/vendor/laravel/framework/src/Illuminate/Http/Middleware/TrustProxies.php(58): Illuminate/Pipeline/Pipeline->{closure:{closure:Illuminate/Pipeline/Pipeline::carry():194}:195}(Object(Illuminate/Http/Request))
#42 D:/josej/Documents/Proyectos/ExamenDeGrado/C#/php/ugb/vendor/laravel/framework/src/Illuminate/Pipeline/Pipeline.php(219): Illuminate/Http/Middleware/TrustProxies->handle(Object(Illuminate/Http/Request), Object(Closure))
#43 D:/josej/Documents/Proyectos/ExamenDeGrado/C#/php/ugb/vendor/laravel/framework/src/Illuminate/Foundation/Http/Middleware/InvokeDeferredCallbacks.php(22): Illuminate/Pipeline/Pipeline->{closure:{closure:Illuminate/Pipeline/Pipeline::carry():194}:195}(Object(Illuminate/Http/Request))
#44 D:/josej/Documents/Proyectos/ExamenDeGrado/C#/php/ugb/vendor/laravel/framework/src/Illuminate/Pipeline/Pipeline.php(219): Illuminate/Foundation/Http/Middleware/InvokeDeferredCallbacks->handle(Object(Illuminate/Http/Request), Object(Closure))
#45 D:/josej/Documents/Proyectos/ExamenDeGrado/C#/php/ugb/vendor/laravel/framework/src/Illuminate/Http/Middleware/ValidatePathEncoding.php(28): Illuminate/Pipeline/Pipeline->{closure:{closure:Illuminate/Pipeline/Pipeline::carry():194}:195}(Object(Illuminate/Http/Request))
#46 D:/josej/Documents/Proyectos/ExamenDeGrado/C#/php/ugb/vendor/laravel/framework/src/Illuminate/Pipeline/Pipeline.php(219): Illuminate/Http/Middleware/ValidatePathEncoding->handle(Object(Illuminate/Http/Request), Object(Closure))
#47 D:/josej/Documents/Proyectos/ExamenDeGrado/C#/php/ugb/vendor/laravel/framework/src/Illuminate/Pipeline/Pipeline.php(137): Illuminate/Pipeline/Pipeline->{closure:{closure:Illuminate/Pipeline/Pipeline::carry():194}:195}(Object(Illuminate/Http/Request))
#48 D:/josej/Documents/Proyectos/ExamenDeGrado/C#/php/ugb/vendor/laravel/framework/src/Illuminate/Foundation/Http/Kernel.php(175): Illuminate/Pipeline/Pipeline->then(Object(Closure))
#49 D:/josej/Documents/Proyectos/ExamenDeGrado/C#/php/ugb/vendor/laravel/framework/src/Illuminate/Foundation/Http/Kernel.php(144): Illuminate/Foundation/Http/Kernel->sendRequestThroughRouter(Object(Illuminate/Http/Request))
#50 D:/josej/Documents/Proyectos/ExamenDeGrado/C#/php/ugb/vendor/laravel/framework/src/Illuminate/Foundation/Application.php(1227): Illuminate/Foundation/Http/Kernel->handle(Object(Illuminate/Http/Request))
#51 D:/josej/Documents/Proyectos/ExamenDeGrado/C#/php/ugb/public/index.php(20): Illuminate/Foundation/Application->handleRequest(Object(Illuminate/Http/Request))
#52 D:/josej/Documents/Proyectos/ExamenDeGrado/C#/php/ugb/vendor/laravel/framework/src/Illuminate/Foundation/resources/server.php(23): require_once('D://josej//Docume...')
#53 {main}
"} 
[2026-08-17 01:44:57] local.ERROR: SQLSTATE[HY000]: General error: 1 no such table: cache (Connection: sqlite, Database: D:\josej\Documents\Proyectos\ExamenDeGrado\C#\php\ugb\database\database.sqlite, SQL: select * from "cache" where "key" in (laravel-cache-illuminate:queues:paused, laravel-cache-illuminate:queue:paused:database:default)) {"exception":"[object] (Illuminate\\Database\\QueryException(code: HY000): SQLSTATE[HY000]: General error: 1 no such table: cache (Connection: sqlite, Database: D:\\josej\\Documents\\Proyectos\\ExamenDeGrado\\C#\\php\\ugb\\database\\database.sqlite, SQL: select * from \"cache\" where \"key\" in (laravel-cache-illuminate:queues:paused, laravel-cache-illuminate:queue:paused:database:default)) at D:/josej/Documents/Proyectos/ExamenDeGrado/C#/php/ugb/vendor/laravel/framework/src/Illuminate/Database/Connection.php:857)
[stacktrace]
#0 D:/josej/Documents/Proyectos/ExamenDeGrado/C#/php/ugb/vendor/laravel/framework/src/Illuminate/Database/Connection.php(813): Illuminate/Database/Connection->runQueryCallback('select * from \"...', Array, Object(Closure))
#1 D:/josej/Documents/Proyectos/ExamenDeGrado/C#/php/ugb/vendor/laravel/framework/src/Illuminate/Database/Connection.php(426): Illuminate/Database/Connection->run('select * from \"...', Array, Object(Closure))
#2 D:/josej/Documents/Proyectos/ExamenDeGrado/C#/php/ugb/vendor/laravel/framework/src/Illuminate/Database/Query/Builder.php(3573): Illuminate/Database/Connection->select('select * from \"...', Array, true, Array)
#3 D:/josej/Documents/Proyectos/ExamenDeGrado/C#/php/ugb/vendor/laravel/framework/src/Illuminate/Database/Query/Builder.php(3557): Illuminate/Database/Query/Builder->runSelect()
#4 D:/josej/Documents/Proyectos/ExamenDeGrado/C#/php/ugb/vendor/laravel/framework/src/Illuminate/Cache/DatabaseStore.php(142): Illuminate/Database/Query/Builder->get()
#5 D:/josej/Documents/Proyectos/ExamenDeGrado/C#/php/ugb/vendor/laravel/framework/src/Illuminate/Cache/Repository.php(167): Illuminate/Cache/DatabaseStore->many(Array)
#6 D:/josej/Documents/Proyectos/ExamenDeGrado/C#/php/ugb/vendor/laravel/framework/src/Illuminate/Queue/QueueManager.php(335): Illuminate/Cache/Repository->many(Array)
#7 D:/josej/Documents/Proyectos/ExamenDeGrado/C#/php/ugb/vendor/laravel/framework/src/Illuminate/Queue/Worker.php(489): Illuminate/Queue/QueueManager->getPausedQueues('database', Array)
#8 D:/josej/Documents/Proyectos/ExamenDeGrado/C#/php/ugb/vendor/laravel/framework/src/Illuminate/Queue/Worker.php(450): Illuminate/Queue/Worker->getPausedQueues('database', Array)
#9 D:/josej/Documents/Proyectos/ExamenDeGrado/C#/php/ugb/vendor/laravel/framework/src/Illuminate/Queue/Worker.php(410): Illuminate/Queue/Worker->getNextJob(Object(Illuminate/Queue/DatabaseQueue), 'default')
#10 D:/josej/Documents/Proyectos/ExamenDeGrado/C#/php/ugb/vendor/laravel/framework/src/Illuminate/Queue/Console/WorkCommand.php(149): Illuminate/Queue/Worker->runNextJob('database', 'default', Object(Illuminate/Queue/WorkerOptions))
#11 D:/josej/Documents/Proyectos/ExamenDeGrado/C#/php/ugb/vendor/laravel/framework/src/Illuminate/Queue/Console/WorkCommand.php(132): Illuminate/Queue/Console/WorkCommand->runWorker('database', 'default')
#12 D:/josej/Documents/Proyectos/ExamenDeGrado/C#/php/ugb/vendor/laravel/framework/src/Illuminate/Container/BoundMethod.php(36): Illuminate/Queue/Console/WorkCommand->handle()
#13 D:/josej/Documents/Proyectos/ExamenDeGrado/C#/php/ugb/vendor/laravel/framework/src/Illuminate/Container/Util.php(43): Illuminate/Container/BoundMethod::{closure:Illuminate/Container/BoundMethod::call():35}()
#14 D:/josej/Documents/Proyectos/ExamenDeGrado/C#/php/ugb/vendor/laravel/framework/src/Illuminate/Container/BoundMethod.php(96): Illuminate/Container/Util::unwrapIfClosure(Object(Closure))
#15 D:/josej/Documents/Proyectos/ExamenDeGrado/C#/php/ugb/vendor/laravel/framework/src/Illuminate/Container/BoundMethod.php(35): Illuminate/Container/BoundMethod::callBoundMethod(Object(Illuminate/Foundation/Application), Array, Object(Closure))
#16 D:/josej/Documents/Proyectos/ExamenDeGrado/C#/php/ugb/vendor/laravel/framework/src/Illuminate/Container/Container.php(801): Illuminate/Container/BoundMethod::call(Object(Illuminate/Foundation/Application), Array, Array, NULL)
#17 D:/josej/Documents/Proyectos/ExamenDeGrado/C#/php/ugb/vendor/laravel/framework/src/Illuminate/Console/Command.php(292): Illuminate/Container/Container->call(Array)
#18 D:/josej/Documents/Proyectos/ExamenDeGrado/C#/php/ugb/vendor/symfony/console/Command/Command.php(284): Illuminate/Console/Command->execute(Object(Symfony/Component/Console/Input/ArgvInput), Object(Illuminate/Console/OutputStyle))
#19 D:/josej/Documents/Proyectos/ExamenDeGrado/C#/php/ugb/vendor/laravel/framework/src/Illuminate/Console/Command.php(261): Symfony/Component/Console/Command/Command->run(Object(Symfony/Component/Console/Input/ArgvInput), Object(Illuminate/Console/OutputStyle))
#20 D:/josej/Documents/Proyectos/ExamenDeGrado/C#/php/ugb/vendor/symfony/console/Application.php(1144): Illuminate/Console/Command->run(Object(Symfony/Component/Console/Input/ArgvInput), Object(Symfony/Component/Console/Output/ConsoleOutput))
#21 D:/josej/Documents/Proyectos/ExamenDeGrado/C#/php/ugb/vendor/symfony/console/Application.php(379): Symfony/Component/Console/Application->doRunCommand(Object(Illuminate/Queue/Console/WorkCommand), Object(Symfony/Component/Console/Input/ArgvInput), Object(Symfony/Component/Console/Output/ConsoleOutput))
#22 D:/josej/Documents/Proyectos/ExamenDeGrado/C#/php/ugb/vendor/symfony/console/Application.php(218): Symfony/Component/Console/Application->doRun(Object(Symfony/Component/Console/Input/ArgvInput), Object(Symfony/Component/Console/Output/ConsoleOutput))
#23 D:/josej/Documents/Proyectos/ExamenDeGrado/C#/php/ugb/vendor/laravel/framework/src/Illuminate/Foundation/Console/Kernel.php(198): Symfony/Component/Console/Application->run(Object(Symfony/Component/Console/Input/ArgvInput), Object(Symfony/Component/Console/Output/ConsoleOutput))
#24 D:/josej/Documents/Proyectos/ExamenDeGrado/C#/php/ugb/vendor/laravel/framework/src/Illuminate/Foundation/Application.php(1242): Illuminate/Foundation/Console/Kernel->handle(Object(Symfony/Component/Console/Input/ArgvInput), Object(Symfony/Component/Console/Output/ConsoleOutput))
#25 D:/josej/Documents/Proyectos/ExamenDeGrado/C#/php/ugb/artisan(16): Illuminate/Foundation/Application->handleCommand(Object(Symfony/Component/Console/Input/ArgvInput))
#26 {main}

[previous exception] [object] (PDOException(code: HY000): SQLSTATE[HY000]: General error: 1 no such table: cache at D:/josej/Documents/Proyectos/ExamenDeGrado/C#/php/ugb/vendor/laravel/framework/src/Illuminate/Database/Connection.php:435)
[stacktrace]
#0 D:/josej/Documents/Proyectos/ExamenDeGrado/C#/php/ugb/vendor/laravel/framework/src/Illuminate/Database/Connection.php(435): PDO->prepare('select * from \"...')
#1 D:/josej/Documents/Proyectos/ExamenDeGrado/C#/php/ugb/vendor/laravel/framework/src/Illuminate/Database/Connection.php(846): Illuminate/Database/Connection->{closure:Illuminate/Database/Connection::select():426}('select * from \"...', Array)
#2 D:/josej/Documents/Proyectos/ExamenDeGrado/C#/php/ugb/vendor/laravel/framework/src/Illuminate/Database/Connection.php(813): Illuminate/Database/Connection->runQueryCallback('select * from \"...', Array, Object(Closure))
#3 D:/josej/Documents/Proyectos/ExamenDeGrado/C#/php/ugb/vendor/laravel/framework/src/Illuminate/Database/Connection.php(426): Illuminate/Database/Connection->run('select * from \"...', Array, Object(Closure))
#4 D:/josej/Documents/Proyectos/ExamenDeGrado/C#/php/ugb/vendor/laravel/framework/src/Illuminate/Database/Query/Builder.php(3573): Illuminate/Database/Connection->select('select * from \"...', Array, true, Array)
#5 D:/josej/Documents/Proyectos/ExamenDeGrado/C#/php/ugb/vendor/laravel/framework/src/Illuminate/Database/Query/Builder.php(3557): Illuminate/Database/Query/Builder->runSelect()
#6 D:/josej/Documents/Proyectos/ExamenDeGrado/C#/php/ugb/vendor/laravel/framework/src/Illuminate/Cache/DatabaseStore.php(142): Illuminate/Database/Query/Builder->get()
#7 D:/josej/Documents/Proyectos/ExamenDeGrado/C#/php/ugb/vendor/laravel/framework/src/Illuminate/Cache/Repository.php(167): Illuminate/Cache/DatabaseStore->many(Array)
#8 D:/josej/Documents/Proyectos/ExamenDeGrado/C#/php/ugb/vendor/laravel/framework/src/Illuminate/Queue/QueueManager.php(335): Illuminate/Cache/Repository->many(Array)
#9 D:/josej/Documents/Proyectos/ExamenDeGrado/C#/php/ugb/vendor/laravel/framework/src/Illuminate/Queue/Worker.php(489): Illuminate/Queue/QueueManager->getPausedQueues('database', Array)
#10 D:/josej/Documents/Proyectos/ExamenDeGrado/C#/php/ugb/vendor/laravel/framework/src/Illuminate/Queue/Worker.php(450): Illuminate/Queue/Worker->getPausedQueues('database', Array)
#11 D:/josej/Documents/Proyectos/ExamenDeGrado/C#/php/ugb/vendor/laravel/framework/src/Illuminate/Queue/Worker.php(410): Illuminate/Queue/Worker->getNextJob(Object(Illuminate/Queue/DatabaseQueue), 'default')
#12 D:/josej/Documents/Proyectos/ExamenDeGrado/C#/php/ugb/vendor/laravel/framework/src/Illuminate/Queue/Console/WorkCommand.php(149): Illuminate/Queue/Worker->runNextJob('database', 'default', Object(Illuminate/Queue/WorkerOptions))
#13 D:/josej/Documents/Proyectos/ExamenDeGrado/C#/php/ugb/vendor/laravel/framework/src/Illuminate/Queue/Console/WorkCommand.php(132): Illuminate/Queue/Console/WorkCommand->runWorker('database', 'default')
#14 D:/josej/Documents/Proyectos/ExamenDeGrado/C#/php/ugb/vendor/laravel/framework/src/Illuminate/Container/BoundMethod.php(36): Illuminate/Queue/Console/WorkCommand->handle()
#15 D:/josej/Documents/Proyectos/ExamenDeGrado/C#/php/ugb/vendor/laravel/framework/src/Illuminate/Container/Util.php(43): Illuminate/Container/BoundMethod::{closure:Illuminate/Container/BoundMethod::call():35}()
#16 D:/josej/Documents/Proyectos/ExamenDeGrado/C#/php/ugb/vendor/laravel/framework/src/Illuminate/Container/BoundMethod.php(96): Illuminate/Container/Util::unwrapIfClosure(Object(Closure))
#17 D:/josej/Documents/Proyectos/ExamenDeGrado/C#/php/ugb/vendor/laravel/framework/src/Illuminate/Container/BoundMethod.php(35): Illuminate/Container/BoundMethod::callBoundMethod(Object(Illuminate/Foundation/Application), Array, Object(Closure))
#18 D:/josej/Documents/Proyectos/ExamenDeGrado/C#/php/ugb/vendor/laravel/framework/src/Illuminate/Container/Container.php(801): Illuminate/Container/BoundMethod::call(Object(Illuminate/Foundation/Application), Array, Array, NULL)
#19 D:/josej/Documents/Proyectos/ExamenDeGrado/C#/php/ugb/vendor/laravel/framework/src/Illuminate/Console/Command.php(292): Illuminate/Container/Container->call(Array)
#20 D:/josej/Documents/Proyectos/ExamenDeGrado/C#/php/ugb/vendor/symfony/console/Command/Command.php(284): Illuminate/Console/Command->execute(Object(Symfony/Component/Console/Input/ArgvInput), Object(Illuminate/Console/OutputStyle))
#21 D:/josej/Documents/Proyectos/ExamenDeGrado/C#/php/ugb/vendor/laravel/framework/src/Illuminate/Console/Command.php(261): Symfony/Component/Console/Command/Command->run(Object(Symfony/Component/Console/Input/ArgvInput), Object(Illuminate/Console/OutputStyle))
#22 D:/josej/Documents/Proyectos/ExamenDeGrado/C#/php/ugb/vendor/symfony/console/Application.php(1144): Illuminate/Console/Command->run(Object(Symfony/Component/Console/Input/ArgvInput), Object(Symfony/Component/Console/Output/ConsoleOutput))
#23 D:/josej/Documents/Proyectos/ExamenDeGrado/C#/php/ugb/vendor/symfony/console/Application.php(379): Symfony/Component/Console/Application->doRunCommand(Object(Illuminate/Queue/Console/WorkCommand), Object(Symfony/Component/Console/Input/ArgvInput), Object(Symfony/Component/Console/Output/ConsoleOutput))
#24 D:/josej/Documents/Proyectos/ExamenDeGrado/C#/php/ugb/vendor/symfony/console/Application.php(218): Symfony/Component/Console/Application->doRun(Object(Symfony/Component/Console/Input/ArgvInput), Object(Symfony/Component/Console/Output/ConsoleOutput))
#25 D:/josej/Documents/Proyectos/ExamenDeGrado/C#/php/ugb/vendor/laravel/framework/src/Illuminate/Foundation/Console/Kernel.php(198): Symfony/Component/Console/Application->run(Object(Symfony/Component/Console/Input/ArgvInput), Object(Symfony/Component/Console/Output/ConsoleOutput))
#26 D:/josej/Documents/Proyectos/ExamenDeGrado/C#/php/ugb/vendor/laravel/framework/src/Illuminate/Foundation/Application.php(1242): Illuminate/Foundation/Console/Kernel->handle(Object(Symfony/Component/Console/Input/ArgvInput), Object(Symfony/Component/Console/Output/ConsoleOutput))
#27 D:/josej/Documents/Proyectos/ExamenDeGrado/C#/php/ugb/artisan(16): Illuminate/Foundation/Application->handleCommand(Object(Symfony/Component/Console/Input/ArgvInput))
#28 {main}
"} 
[2026-08-17 01:45:00] local.ERROR: SQLSTATE[HY000]: General error: 1 no such table: sessions (Connection: sqlite, Database: D:\josej\Documents\Proyectos\ExamenDeGrado\C#\php\ugb\database\database.sqlite, SQL: select * from "sessions" where "id" = KF2L0CUhtWcNFjjL5kx2D0g7iCCWikGZdLo1URo5 limit 1) {"exception":"[object] (Illuminate\\Database\\QueryException(code: HY000): SQLSTATE[HY000]: General error: 1 no such table: sessions (Connection: sqlite, Database: D:\\josej\\Documents\\Proyectos\\ExamenDeGrado\\C#\\php\\ugb\\database\\database.sqlite, SQL: select * from \"sessions\" where \"id\" = KF2L0CUhtWcNFjjL5kx2D0g7iCCWikGZdLo1URo5 limit 1) at D:/josej/Documents/Proyectos/ExamenDeGrado/C#/php/ugb/vendor/laravel/framework/src/Illuminate/Database/Connection.php:857)
[stacktrace]
#0 D:/josej/Documents/Proyectos/ExamenDeGrado/C#/php/ugb/vendor/laravel/framework/src/Illuminate/Database/Connection.php(813): Illuminate/Database/Connection->runQueryCallback('select * from \"...', Array, Object(Closure))
#1 D:/josej/Documents/Proyectos/ExamenDeGrado/C#/php/ugb/vendor/laravel/framework/src/Illuminate/Database/Connection.php(426): Illuminate/Database/Connection->run('select * from \"...', Array, Object(Closure))
#2 D:/josej/Documents/Proyectos/ExamenDeGrado/C#/php/ugb/vendor/laravel/framework/src/Illuminate/Database/Query/Builder.php(3573): Illuminate/Database/Connection->select('select * from \"...', Array, false, Array)
#3 D:/josej/Documents/Proyectos/ExamenDeGrado/C#/php/ugb/vendor/laravel/framework/src/Illuminate/Database/Query/Builder.php(3557): Illuminate/Database/Query/Builder->runSelect()
#4 D:/josej/Documents/Proyectos/ExamenDeGrado/C#/php/ugb/vendor/laravel/framework/src/Illuminate/Database/Concerns/BuildsQueries.php(366): Illuminate/Database/Query/Builder->get(Array)
#5 D:/josej/Documents/Proyectos/ExamenDeGrado/C#/php/ugb/vendor/laravel/framework/src/Illuminate/Database/Query/Builder.php(3475): Illuminate/Database/Query/Builder->first(Array)
#6 D:/josej/Documents/Proyectos/ExamenDeGrado/C#/php/ugb/vendor/laravel/framework/src/Illuminate/Session/DatabaseSessionHandler.php(96): Illuminate/Database/Query/Builder->find('KF2L0CUhtWcNFjj...')
#7 D:/josej/Documents/Proyectos/ExamenDeGrado/C#/php/ugb/vendor/laravel/framework/src/Illuminate/Session/Store.php(128): Illuminate/Session/DatabaseSessionHandler->read('KF2L0CUhtWcNFjj...')
#8 D:/josej/Documents/Proyectos/ExamenDeGrado/C#/php/ugb/vendor/laravel/framework/src/Illuminate/Session/Store.php(116): Illuminate/Session/Store->readFromHandler()
#9 D:/josej/Documents/Proyectos/ExamenDeGrado/C#/php/ugb/vendor/laravel/framework/src/Illuminate/Session/Store.php(100): Illuminate/Session/Store->loadSession()
#10 D:/josej/Documents/Proyectos/ExamenDeGrado/C#/php/ugb/vendor/laravel/framework/src/Illuminate/Session/Middleware/StartSession.php(146): Illuminate/Session/Store->start()
#11 D:/josej/Documents/Proyectos/ExamenDeGrado/C#/php/ugb/vendor/laravel/framework/src/Illuminate/Support/helpers.php(393): Illuminate/Session/Middleware/StartSession->{closure:Illuminate/Session/Middleware/StartSession::startSession():143}(Object(Illuminate/Session/Store))
#12 D:/josej/Documents/Proyectos/ExamenDeGrado/C#/php/ugb/vendor/laravel/framework/src/Illuminate/Session/Middleware/StartSession.php(143): tap(Object(Illuminate/Session/Store), Object(Closure))
#13 D:/josej/Documents/Proyectos/ExamenDeGrado/C#/php/ugb/vendor/laravel/framework/src/Illuminate/Session/Middleware/StartSession.php(115): Illuminate/Session/Middleware/StartSession->startSession(Object(Illuminate/Http/Request), Object(Illuminate/Session/Store))
#14 D:/josej/Documents/Proyectos/ExamenDeGrado/C#/php/ugb/vendor/laravel/framework/src/Illuminate/Session/Middleware/StartSession.php(63): Illuminate/Session/Middleware/StartSession->handleStatefulRequest(Object(Illuminate/Http/Request), Object(Illuminate/Session/Store), Object(Closure))
#15 D:/josej/Documents/Proyectos/ExamenDeGrado/C#/php/ugb/vendor/laravel/framework/src/Illuminate/Pipeline/Pipeline.php(219): Illuminate/Session/Middleware/StartSession->handle(Object(Illuminate/Http/Request), Object(Closure))
#16 D:/josej/Documents/Proyectos/ExamenDeGrado/C#/php/ugb/vendor/laravel/framework/src/Illuminate/Cookie/Middleware/AddQueuedCookiesToResponse.php(36): Illuminate/Pipeline/Pipeline->{closure:{closure:Illuminate/Pipeline/Pipeline::carry():194}:195}(Object(Illuminate/Http/Request))
#17 D:/josej/Documents/Proyectos/ExamenDeGrado/C#/php/ugb/vendor/laravel/framework/src/Illuminate/Pipeline/Pipeline.php(219): Illuminate/Cookie/Middleware/AddQueuedCookiesToResponse->handle(Object(Illuminate/Http/Request), Object(Closure))
#18 D:/josej/Documents/Proyectos/ExamenDeGrado/C#/php/ugb/vendor/laravel/framework/src/Illuminate/Cookie/Middleware/EncryptCookies.php(74): Illuminate/Pipeline/Pipeline->{closure:{closure:Illuminate/Pipeline/Pipeline::carry():194}:195}(Object(Illuminate/Http/Request))
#19 D:/josej/Documents/Proyectos/ExamenDeGrado/C#/php/ugb/vendor/laravel/framework/src/Illuminate/Pipeline/Pipeline.php(219): Illuminate/Cookie/Middleware/EncryptCookies->handle(Object(Illuminate/Http/Request), Object(Closure))
#20 D:/josej/Documents/Proyectos/ExamenDeGrado/C#/php/ugb/vendor/laravel/framework/src/Illuminate/Pipeline/Pipeline.php(137): Illuminate/Pipeline/Pipeline->{closure:{closure:Illuminate/Pipeline/Pipeline::carry():194}:195}(Object(Illuminate/Http/Request))
#21 D:/josej/Documents/Proyectos/ExamenDeGrado/C#/php/ugb/vendor/laravel/framework/src/Illuminate/Routing/Router.php(821): Illuminate/Pipeline/Pipeline->then(Object(Closure))
#22 D:/josej/Documents/Proyectos/ExamenDeGrado/C#/php/ugb/vendor/laravel/framework/src/Illuminate/Routing/Router.php(800): Illuminate/Routing/Router->runRouteWithinStack(Object(Illuminate/Routing/Route), Object(Illuminate/Http/Request))
#23 D:/josej/Documents/Proyectos/ExamenDeGrado/C#/php/ugb/vendor/laravel/framework/src/Illuminate/Routing/Router.php(764): Illuminate/Routing/Router->runRoute(Object(Illuminate/Http/Request), Object(Illuminate/Routing/Route))
#24 D:/josej/Documents/Proyectos/ExamenDeGrado/C#/php/ugb/vendor/laravel/framework/src/Illuminate/Routing/Router.php(753): Illuminate/Routing/Router->dispatchToRoute(Object(Illuminate/Http/Request))
#25 D:/josej/Documents/Proyectos/ExamenDeGrado/C#/php/ugb/vendor/laravel/framework/src/Illuminate/Foundation/Http/Kernel.php(200): Illuminate/Routing/Router->dispatch(Object(Illuminate/Http/Request))
#26 D:/josej/Documents/Proyectos/ExamenDeGrado/C#/php/ugb/vendor/laravel/framework/src/Illuminate/Pipeline/Pipeline.php(180): Illuminate/Foundation/Http/Kernel->{closure:Illuminate/Foundation/Http/Kernel::dispatchToRouter():197}(Object(Illuminate/Http/Request))
#27 D:/josej/Documents/Proyectos/ExamenDeGrado/C#/php/ugb/vendor/laravel/framework/src/Illuminate/Foundation/Http/Middleware/TransformsRequest.php(21): Illuminate/Pipeline/Pipeline->{closure:Illuminate/Pipeline/Pipeline::prepareDestination():178}(Object(Illuminate/Http/Request))
#28 D:/josej/Documents/Proyectos/ExamenDeGrado/C#/php/ugb/vendor/laravel/framework/src/Illuminate/Foundation/Http/Middleware/ConvertEmptyStringsToNull.php(31): Illuminate/Foundation/Http/Middleware/TransformsRequest->handle(Object(Illuminate/Http/Request), Object(Closure))
#29 D:/josej/Documents/Proyectos/ExamenDeGrado/C#/php/ugb/vendor/laravel/framework/src/Illuminate/Pipeline/Pipeline.php(219): Illuminate/Foundation/Http/Middleware/ConvertEmptyStringsToNull->handle(Object(Illuminate/Http/Request), Object(Closure))
#30 D:/josej/Documents/Proyectos/ExamenDeGrado/C#/php/ugb/vendor/laravel/framework/src/Illuminate/Foundation/Http/Middleware/TransformsRequest.php(21): Illuminate/Pipeline/Pipeline->{closure:{closure:Illuminate/Pipeline/Pipeline::carry():194}:195}(Object(Illuminate/Http/Request))
#31 D:/josej/Documents/Proyectos/ExamenDeGrado/C#/php/ugb/vendor/laravel/framework/src/Illuminate/Foundation/Http/Middleware/TrimStrings.php(51): Illuminate/Foundation/Http/Middleware/TransformsRequest->handle(Object(Illuminate/Http/Request), Object(Closure))
#32 D:/josej/Documents/Proyectos/ExamenDeGrado/C#/php/ugb/vendor/laravel/framework/src/Illuminate/Pipeline/Pipeline.php(219): Illuminate/Foundation/Http/Middleware/TrimStrings->handle(Object(Illuminate/Http/Request), Object(Closure))
#33 D:/josej/Documents/Proyectos/ExamenDeGrado/C#/php/ugb/vendor/laravel/framework/src/Illuminate/Http/Middleware/ValidatePostSize.php(27): Illuminate/Pipeline/Pipeline->{closure:{closure:Illuminate/Pipeline/Pipeline::carry():194}:195}(Object(Illuminate/Http/Request))
#34 D:/josej/Documents/Proyectos/ExamenDeGrado/C#/php/ugb/vendor/laravel/framework/src/Illuminate/Pipeline/Pipeline.php(219): Illuminate/Http/Middleware/ValidatePostSize->handle(Object(Illuminate/Http/Request), Object(Closure))
#35 D:/josej/Documents/Proyectos/ExamenDeGrado/C#/php/ugb/vendor/laravel/framework/src/Illuminate/Foundation/Http/Middleware/PreventRequestsDuringMaintenance.php(110): Illuminate/Pipeline/Pipeline->{closure:{closure:Illuminate/Pipeline/Pipeline::carry():194}:195}(Object(Illuminate/Http/Request))
#36 D:/josej/Documents/Proyectos/ExamenDeGrado/C#/php/ugb/vendor/laravel/framework/src/Illuminate/Pipeline/Pipeline.php(219): Illuminate/Foundation/Http/Middleware/PreventRequestsDuringMaintenance->handle(Object(Illuminate/Http/Request), Object(Closure))
#37 D:/josej/Documents/Proyectos/ExamenDeGrado/C#/php/ugb/vendor/laravel/framework/src/Illuminate/Http/Middleware/HandleCors.php(61): Illuminate/Pipeline/Pipeline->{closure:{closure:Illuminate/Pipeline/Pipeline::carry():194}:195}(Object(Illuminate/Http/Request))
#38 D:/josej/Documents/Proyectos/ExamenDeGrado/C#/php/ugb/vendor/laravel/framework/src/Illuminate/Pipeline/Pipeline.php(219): Illuminate/Http/Middleware/HandleCors->handle(Object(Illuminate/Http/Request), Object(Closure))
#39 D:/josej/Documents/Proyectos/ExamenDeGrado/C#/php/ugb/vendor/laravel/framework/src/Illuminate/Http/Middleware/TrustProxies.php(58): Illuminate/Pipeline/Pipeline->{closure:{closure:Illuminate/Pipeline/Pipeline::carry():194}:195}(Object(Illuminate/Http/Request))
#40 D:/josej/Documents/Proyectos/ExamenDeGrado/C#/php/ugb/vendor/laravel/framework/src/Illuminate/Pipeline/Pipeline.php(219): Illuminate/Http/Middleware/TrustProxies->handle(Object(Illuminate/Http/Request), Object(Closure))
#41 D:/josej/Documents/Proyectos/ExamenDeGrado/C#/php/ugb/vendor/laravel/framework/src/Illuminate/Foundation/Http/Middleware/InvokeDeferredCallbacks.php(22): Illuminate/Pipeline/Pipeline->{closure:{closure:Illuminate/Pipeline/Pipeline::carry():194}:195}(Object(Illuminate/Http/Request))
#42 D:/josej/Documents/Proyectos/ExamenDeGrado/C#/php/ugb/vendor/laravel/framework/src/Illuminate/Pipeline/Pipeline.php(219): Illuminate/Foundation/Http/Middleware/InvokeDeferredCallbacks->handle(Object(Illuminate/Http/Request), Object(Closure))
#43 D:/josej/Documents/Proyectos/ExamenDeGrado/C#/php/ugb/vendor/laravel/framework/src/Illuminate/Http/Middleware/ValidatePathEncoding.php(28): Illuminate/Pipeline/Pipeline->{closure:{closure:Illuminate/Pipeline/Pipeline::carry():194}:195}(Object(Illuminate/Http/Request))
#44 D:/josej/Documents/Proyectos/ExamenDeGrado/C#/php/ugb/vendor/laravel/framework/src/Illuminate/Pipeline/Pipeline.php(219): Illuminate/Http/Middleware/ValidatePathEncoding->handle(Object(Illuminate/Http/Request), Object(Closure))
#45 D:/josej/Documents/Proyectos/ExamenDeGrado/C#/php/ugb/vendor/laravel/framework/src/Illuminate/Pipeline/Pipeline.php(137): Illuminate/Pipeline/Pipeline->{closure:{closure:Illuminate/Pipeline/Pipeline::carry():194}:195}(Object(Illuminate/Http/Request))
#46 D:/josej/Documents/Proyectos/ExamenDeGrado/C#/php/ugb/vendor/laravel/framework/src/Illuminate/Foundation/Http/Kernel.php(175): Illuminate/Pipeline/Pipeline->then(Object(Closure))
#47 D:/josej/Documents/Proyectos/ExamenDeGrado/C#/php/ugb/vendor/laravel/framework/src/Illuminate/Foundation/Http/Kernel.php(144): Illuminate/Foundation/Http/Kernel->sendRequestThroughRouter(Object(Illuminate/Http/Request))
#48 D:/josej/Documents/Proyectos/ExamenDeGrado/C#/php/ugb/vendor/laravel/framework/src/Illuminate/Foundation/Application.php(1227): Illuminate/Foundation/Http/Kernel->handle(Object(Illuminate/Http/Request))
#49 D:/josej/Documents/Proyectos/ExamenDeGrado/C#/php/ugb/public/index.php(20): Illuminate/Foundation/Application->handleRequest(Object(Illuminate/Http/Request))
#50 D:/josej/Documents/Proyectos/ExamenDeGrado/C#/php/ugb/vendor/laravel/framework/src/Illuminate/Foundation/resources/server.php(23): require_once('D://josej//Docume...')
#51 {main}

[previous exception] [object] (PDOException(code: HY000): SQLSTATE[HY000]: General error: 1 no such table: sessions at D:/josej/Documents/Proyectos/ExamenDeGrado/C#/php/ugb/vendor/laravel/framework/src/Illuminate/Database/Connection.php:435)
[stacktrace]
#0 D:/josej/Documents/Proyectos/ExamenDeGrado/C#/php/ugb/vendor/laravel/framework/src/Illuminate/Database/Connection.php(435): PDO->prepare('select * from \"...')
#1 D:/josej/Documents/Proyectos/ExamenDeGrado/C#/php/ugb/vendor/laravel/framework/src/Illuminate/Database/Connection.php(846): Illuminate/Database/Connection->{closure:Illuminate/Database/Connection::select():426}('select * from \"...', Array)
#2 D:/josej/Documents/Proyectos/ExamenDeGrado/C#/php/ugb/vendor/laravel/framework/src/Illuminate/Database/Connection.php(813): Illuminate/Database/Connection->runQueryCallback('select * from \"...', Array, Object(Closure))
#3 D:/josej/Documents/Proyectos/ExamenDeGrado/C#/php/ugb/vendor/laravel/framework/src/Illuminate/Database/Connection.php(426): Illuminate/Database/Connection->run('select * from \"...', Array, Object(Closure))
#4 D:/josej/Documents/Proyectos/ExamenDeGrado/C#/php/ugb/vendor/laravel/framework/src/Illuminate/Database/Query/Builder.php(3573): Illuminate/Database/Connection->select('select * from \"...', Array, false, Array)
#5 D:/josej/Documents/Proyectos/ExamenDeGrado/C#/php/ugb/vendor/laravel/framework/src/Illuminate/Database/Query/Builder.php(3557): Illuminate/Database/Query/Builder->runSelect()
#6 D:/josej/Documents/Proyectos/ExamenDeGrado/C#/php/ugb/vendor/laravel/framework/src/Illuminate/Database/Concerns/BuildsQueries.php(366): Illuminate/Database/Query/Builder->get(Array)
#7 D:/josej/Documents/Proyectos/ExamenDeGrado/C#/php/ugb/vendor/laravel/framework/src/Illuminate/Database/Query/Builder.php(3475): Illuminate/Database/Query/Builder->first(Array)
#8 D:/josej/Documents/Proyectos/ExamenDeGrado/C#/php/ugb/vendor/laravel/framework/src/Illuminate/Session/DatabaseSessionHandler.php(96): Illuminate/Database/Query/Builder->find('KF2L0CUhtWcNFjj...')
#9 D:/josej/Documents/Proyectos/ExamenDeGrado/C#/php/ugb/vendor/laravel/framework/src/Illuminate/Session/Store.php(128): Illuminate/Session/DatabaseSessionHandler->read('KF2L0CUhtWcNFjj...')
#10 D:/josej/Documents/Proyectos/ExamenDeGrado/C#/php/ugb/vendor/laravel/framework/src/Illuminate/Session/Store.php(116): Illuminate/Session/Store->readFromHandler()
#11 D:/josej/Documents/Proyectos/ExamenDeGrado/C#/php/ugb/vendor/laravel/framework/src/Illuminate/Session/Store.php(100): Illuminate/Session/Store->loadSession()
#12 D:/josej/Documents/Proyectos/ExamenDeGrado/C#/php/ugb/vendor/laravel/framework/src/Illuminate/Session/Middleware/StartSession.php(146): Illuminate/Session/Store->start()
#13 D:/josej/Documents/Proyectos/ExamenDeGrado/C#/php/ugb/vendor/laravel/framework/src/Illuminate/Support/helpers.php(393): Illuminate/Session/Middleware/StartSession->{closure:Illuminate/Session/Middleware/StartSession::startSession():143}(Object(Illuminate/Session/Store))
#14 D:/josej/Documents/Proyectos/ExamenDeGrado/C#/php/ugb/vendor/laravel/framework/src/Illuminate/Session/Middleware/StartSession.php(143): tap(Object(Illuminate/Session/Store), Object(Closure))
#15 D:/josej/Documents/Proyectos/ExamenDeGrado/C#/php/ugb/vendor/laravel/framework/src/Illuminate/Session/Middleware/StartSession.php(115): Illuminate/Session/Middleware/StartSession->startSession(Object(Illuminate/Http/Request), Object(Illuminate/Session/Store))
#16 D:/josej/Documents/Proyectos/ExamenDeGrado/C#/php/ugb/vendor/laravel/framework/src/Illuminate/Session/Middleware/StartSession.php(63): Illuminate/Session/Middleware/StartSession->handleStatefulRequest(Object(Illuminate/Http/Request), Object(Illuminate/Session/Store), Object(Closure))
#17 D:/josej/Documents/Proyectos/ExamenDeGrado/C#/php/ugb/vendor/laravel/framework/src/Illuminate/Pipeline/Pipeline.php(219): Illuminate/Session/Middleware/StartSession->handle(Object(Illuminate/Http/Request), Object(Closure))
#18 D:/josej/Documents/Proyectos/ExamenDeGrado/C#/php/ugb/vendor/laravel/framework/src/Illuminate/Cookie/Middleware/AddQueuedCookiesToResponse.php(36): Illuminate/Pipeline/Pipeline->{closure:{closure:Illuminate/Pipeline/Pipeline::carry():194}:195}(Object(Illuminate/Http/Request))
#19 D:/josej/Documents/Proyectos/ExamenDeGrado/C#/php/ugb/vendor/laravel/framework/src/Illuminate/Pipeline/Pipeline.php(219): Illuminate/Cookie/Middleware/AddQueuedCookiesToResponse->handle(Object(Illuminate/Http/Request), Object(Closure))
#20 D:/josej/Documents/Proyectos/ExamenDeGrado/C#/php/ugb/vendor/laravel/framework/src/Illuminate/Cookie/Middleware/EncryptCookies.php(74): Illuminate/Pipeline/Pipeline->{closure:{closure:Illuminate/Pipeline/Pipeline::carry():194}:195}(Object(Illuminate/Http/Request))
#21 D:/josej/Documents/Proyectos/ExamenDeGrado/C#/php/ugb/vendor/laravel/framework/src/Illuminate/Pipeline/Pipeline.php(219): Illuminate/Cookie/Middleware/EncryptCookies->handle(Object(Illuminate/Http/Request), Object(Closure))
#22 D:/josej/Documents/Proyectos/ExamenDeGrado/C#/php/ugb/vendor/laravel/framework/src/Illuminate/Pipeline/Pipeline.php(137): Illuminate/Pipeline/Pipeline->{closure:{closure:Illuminate/Pipeline/Pipeline::carry():194}:195}(Object(Illuminate/Http/Request))
#23 D:/josej/Documents/Proyectos/ExamenDeGrado/C#/php/ugb/vendor/laravel/framework/src/Illuminate/Routing/Router.php(821): Illuminate/Pipeline/Pipeline->then(Object(Closure))
#24 D:/josej/Documents/Proyectos/ExamenDeGrado/C#/php/ugb/vendor/laravel/framework/src/Illuminate/Routing/Router.php(800): Illuminate/Routing/Router->runRouteWithinStack(Object(Illuminate/Routing/Route), Object(Illuminate/Http/Request))
#25 D:/josej/Documents/Proyectos/ExamenDeGrado/C#/php/ugb/vendor/laravel/framework/src/Illuminate/Routing/Router.php(764): Illuminate/Routing/Router->runRoute(Object(Illuminate/Http/Request), Object(Illuminate/Routing/Route))
#26 D:/josej/Documents/Proyectos/ExamenDeGrado/C#/php/ugb/vendor/laravel/framework/src/Illuminate/Routing/Router.php(753): Illuminate/Routing/Router->dispatchToRoute(Object(Illuminate/Http/Request))
#27 D:/josej/Documents/Proyectos/ExamenDeGrado/C#/php/ugb/vendor/laravel/framework/src/Illuminate/Foundation/Http/Kernel.php(200): Illuminate/Routing/Router->dispatch(Object(Illuminate/Http/Request))
#28 D:/josej/Documents/Proyectos/ExamenDeGrado/C#/php/ugb/vendor/laravel/framework/src/Illuminate/Pipeline/Pipeline.php(180): Illuminate/Foundation/Http/Kernel->{closure:Illuminate/Foundation/Http/Kernel::dispatchToRouter():197}(Object(Illuminate/Http/Request))
#29 D:/josej/Documents/Proyectos/ExamenDeGrado/C#/php/ugb/vendor/laravel/framework/src/Illuminate/Foundation/Http/Middleware/TransformsRequest.php(21): Illuminate/Pipeline/Pipeline->{closure:Illuminate/Pipeline/Pipeline::prepareDestination():178}(Object(Illuminate/Http/Request))
#30 D:/josej/Documents/Proyectos/ExamenDeGrado/C#/php/ugb/vendor/laravel/framework/src/Illuminate/Foundation/Http/Middleware/ConvertEmptyStringsToNull.php(31): Illuminate/Foundation/Http/Middleware/TransformsRequest->handle(Object(Illuminate/Http/Request), Object(Closure))
#31 D:/josej/Documents/Proyectos/ExamenDeGrado/C#/php/ugb/vendor/laravel/framework/src/Illuminate/Pipeline/Pipeline.php(219): Illuminate/Foundation/Http/Middleware/ConvertEmptyStringsToNull->handle(Object(Illuminate/Http/Request), Object(Closure))
#32 D:/josej/Documents/Proyectos/ExamenDeGrado/C#/php/ugb/vendor/laravel/framework/src/Illuminate/Foundation/Http/Middleware/TransformsRequest.php(21): Illuminate/Pipeline/Pipeline->{closure:{closure:Illuminate/Pipeline/Pipeline::carry():194}:195}(Object(Illuminate/Http/Request))
#33 D:/josej/Documents/Proyectos/ExamenDeGrado/C#/php/ugb/vendor/laravel/framework/src/Illuminate/Foundation/Http/Middleware/TrimStrings.php(51): Illuminate/Foundation/Http/Middleware/TransformsRequest->handle(Object(Illuminate/Http/Request), Object(Closure))
#34 D:/josej/Documents/Proyectos/ExamenDeGrado/C#/php/ugb/vendor/laravel/framework/src/Illuminate/Pipeline/Pipeline.php(219): Illuminate/Foundation/Http/Middleware/TrimStrings->handle(Object(Illuminate/Http/Request), Object(Closure))
#35 D:/josej/Documents/Proyectos/ExamenDeGrado/C#/php/ugb/vendor/laravel/framework/src/Illuminate/Http/Middleware/ValidatePostSize.php(27): Illuminate/Pipeline/Pipeline->{closure:{closure:Illuminate/Pipeline/Pipeline::carry():194}:195}(Object(Illuminate/Http/Request))
#36 D:/josej/Documents/Proyectos/ExamenDeGrado/C#/php/ugb/vendor/laravel/framework/src/Illuminate/Pipeline/Pipeline.php(219): Illuminate/Http/Middleware/ValidatePostSize->handle(Object(Illuminate/Http/Request), Object(Closure))
#37 D:/josej/Documents/Proyectos/ExamenDeGrado/C#/php/ugb/vendor/laravel/framework/src/Illuminate/Foundation/Http/Middleware/PreventRequestsDuringMaintenance.php(110): Illuminate/Pipeline/Pipeline->{closure:{closure:Illuminate/Pipeline/Pipeline::carry():194}:195}(Object(Illuminate/Http/Request))
#38 D:/josej/Documents/Proyectos/ExamenDeGrado/C#/php/ugb/vendor/laravel/framework/src/Illuminate/Pipeline/Pipeline.php(219): Illuminate/Foundation/Http/Middleware/PreventRequestsDuringMaintenance->handle(Object(Illuminate/Http/Request), Object(Closure))
#39 D:/josej/Documents/Proyectos/ExamenDeGrado/C#/php/ugb/vendor/laravel/framework/src/Illuminate/Http/Middleware/HandleCors.php(61): Illuminate/Pipeline/Pipeline->{closure:{closure:Illuminate/Pipeline/Pipeline::carry():194}:195}(Object(Illuminate/Http/Request))
#40 D:/josej/Documents/Proyectos/ExamenDeGrado/C#/php/ugb/vendor/laravel/framework/src/Illuminate/Pipeline/Pipeline.php(219): Illuminate/Http/Middleware/HandleCors->handle(Object(Illuminate/Http/Request), Object(Closure))
#41 D:/josej/Documents/Proyectos/ExamenDeGrado/C#/php/ugb/vendor/laravel/framework/src/Illuminate/Http/Middleware/TrustProxies.php(58): Illuminate/Pipeline/Pipeline->{closure:{closure:Illuminate/Pipeline/Pipeline::carry():194}:195}(Object(Illuminate/Http/Request))
#42 D:/josej/Documents/Proyectos/ExamenDeGrado/C#/php/ugb/vendor/laravel/framework/src/Illuminate/Pipeline/Pipeline.php(219): Illuminate/Http/Middleware/TrustProxies->handle(Object(Illuminate/Http/Request), Object(Closure))
#43 D:/josej/Documents/Proyectos/ExamenDeGrado/C#/php/ugb/vendor/laravel/framework/src/Illuminate/Foundation/Http/Middleware/InvokeDeferredCallbacks.php(22): Illuminate/Pipeline/Pipeline->{closure:{closure:Illuminate/Pipeline/Pipeline::carry():194}:195}(Object(Illuminate/Http/Request))
#44 D:/josej/Documents/Proyectos/ExamenDeGrado/C#/php/ugb/vendor/laravel/framework/src/Illuminate/Pipeline/Pipeline.php(219): Illuminate/Foundation/Http/Middleware/InvokeDeferredCallbacks->handle(Object(Illuminate/Http/Request), Object(Closure))
#45 D:/josej/Documents/Proyectos/ExamenDeGrado/C#/php/ugb/vendor/laravel/framework/src/Illuminate/Http/Middleware/ValidatePathEncoding.php(28): Illuminate/Pipeline/Pipeline->{closure:{closure:Illuminate/Pipeline/Pipeline::carry():194}:195}(Object(Illuminate/Http/Request))
#46 D:/josej/Documents/Proyectos/ExamenDeGrado/C#/php/ugb/vendor/laravel/framework/src/Illuminate/Pipeline/Pipeline.php(219): Illuminate/Http/Middleware/ValidatePathEncoding->handle(Object(Illuminate/Http/Request), Object(Closure))
#47 D:/josej/Documents/Proyectos/ExamenDeGrado/C#/php/ugb/vendor/laravel/framework/src/Illuminate/Pipeline/Pipeline.php(137): Illuminate/Pipeline/Pipeline->{closure:{closure:Illuminate/Pipeline/Pipeline::carry():194}:195}(Object(Illuminate/Http/Request))
#48 D:/josej/Documents/Proyectos/ExamenDeGrado/C#/php/ugb/vendor/laravel/framework/src/Illuminate/Foundation/Http/Kernel.php(175): Illuminate/Pipeline/Pipeline->then(Object(Closure))
#49 D:/josej/Documents/Proyectos/ExamenDeGrado/C#/php/ugb/vendor/laravel/framework/src/Illuminate/Foundation/Http/Kernel.php(144): Illuminate/Foundation/Http/Kernel->sendRequestThroughRouter(Object(Illuminate/Http/Request))
#50 D:/josej/Documents/Proyectos/ExamenDeGrado/C#/php/ugb/vendor/laravel/framework/src/Illuminate/Foundation/Application.php(1227): Illuminate/Foundation/Http/Kernel->handle(Object(Illuminate/Http/Request))
#51 D:/josej/Documents/Proyectos/ExamenDeGrado/C#/php/ugb/public/index.php(20): Illuminate/Foundation/Application->handleRequest(Object(Illuminate/Http/Request))
#52 D:/josej/Documents/Proyectos/ExamenDeGrado/C#/php/ugb/vendor/laravel/framework/src/Illuminate/Foundation/resources/server.php(23): require_once('D://josej//Docume...')
#53 {main}
"} 
[2026-08-17 01:45:02] local.ERROR: SQLSTATE[HY000]: General error: 1 no such table: cache (Connection: sqlite, Database: D:\josej\Documents\Proyectos\ExamenDeGrado\C#\php\ugb\database\database.sqlite, SQL: select * from "cache" where "key" in (laravel-cache-illuminate:queues:paused, laravel-cache-illuminate:queue:paused:database:default)) {"exception":"[object] (Illuminate\\Database\\QueryException(code: HY000): SQLSTATE[HY000]: General error: 1 no such table: cache (Connection: sqlite, Database: D:\\josej\\Documents\\Proyectos\\ExamenDeGrado\\C#\\php\\ugb\\database\\database.sqlite, SQL: select * from \"cache\" where \"key\" in (laravel-cache-illuminate:queues:paused, laravel-cache-illuminate:queue:paused:database:default)) at D:/josej/Documents/Proyectos/ExamenDeGrado/C#/php/ugb/vendor/laravel/framework/src/Illuminate/Database/Connection.php:857)
[stacktrace]
#0 D:/josej/Documents/Proyectos/ExamenDeGrado/C#/php/ugb/vendor/laravel/framework/src/Illuminate/Database/Connection.php(813): Illuminate/Database/Connection->runQueryCallback('select * from \"...', Array, Object(Closure))
#1 D:/josej/Documents/Proyectos/ExamenDeGrado/C#/php/ugb/vendor/laravel/framework/src/Illuminate/Database/Connection.php(426): Illuminate/Database/Connection->run('select * from \"...', Array, Object(Closure))
#2 D:/josej/Documents/Proyectos/ExamenDeGrado/C#/php/ugb/vendor/laravel/framework/src/Illuminate/Database/Query/Builder.php(3573): Illuminate/Database/Connection->select('select * from \"...', Array, true, Array)
#3 D:/josej/Documents/Proyectos/ExamenDeGrado/C#/php/ugb/vendor/laravel/framework/src/Illuminate/Database/Query/Builder.php(3557): Illuminate/Database/Query/Builder->runSelect()
#4 D:/josej/Documents/Proyectos/ExamenDeGrado/C#/php/ugb/vendor/laravel/framework/src/Illuminate/Cache/DatabaseStore.php(142): Illuminate/Database/Query/Builder->get()
#5 D:/josej/Documents/Proyectos/ExamenDeGrado/C#/php/ugb/vendor/laravel/framework/src/Illuminate/Cache/Repository.php(167): Illuminate/Cache/DatabaseStore->many(Array)
#6 D:/josej/Documents/Proyectos/ExamenDeGrado/C#/php/ugb/vendor/laravel/framework/src/Illuminate/Queue/QueueManager.php(335): Illuminate/Cache/Repository->many(Array)
#7 D:/josej/Documents/Proyectos/ExamenDeGrado/C#/php/ugb/vendor/laravel/framework/src/Illuminate/Queue/Worker.php(489): Illuminate/Queue/QueueManager->getPausedQueues('database', Array)
#8 D:/josej/Documents/Proyectos/ExamenDeGrado/C#/php/ugb/vendor/laravel/framework/src/Illuminate/Queue/Worker.php(450): Illuminate/Queue/Worker->getPausedQueues('database', Array)
#9 D:/josej/Documents/Proyectos/ExamenDeGrado/C#/php/ugb/vendor/laravel/framework/src/Illuminate/Queue/Worker.php(410): Illuminate/Queue/Worker->getNextJob(Object(Illuminate/Queue/DatabaseQueue), 'default')
#10 D:/josej/Documents/Proyectos/ExamenDeGrado/C#/php/ugb/vendor/laravel/framework/src/Illuminate/Queue/Console/WorkCommand.php(149): Illuminate/Queue/Worker->runNextJob('database', 'default', Object(Illuminate/Queue/WorkerOptions))
#11 D:/josej/Documents/Proyectos/ExamenDeGrado/C#/php/ugb/vendor/laravel/framework/src/Illuminate/Queue/Console/WorkCommand.php(132): Illuminate/Queue/Console/WorkCommand->runWorker('database', 'default')
#12 D:/josej/Documents/Proyectos/ExamenDeGrado/C#/php/ugb/vendor/laravel/framework/src/Illuminate/Container/BoundMethod.php(36): Illuminate/Queue/Console/WorkCommand->handle()
#13 D:/josej/Documents/Proyectos/ExamenDeGrado/C#/php/ugb/vendor/laravel/framework/src/Illuminate/Container/Util.php(43): Illuminate/Container/BoundMethod::{closure:Illuminate/Container/BoundMethod::call():35}()
#14 D:/josej/Documents/Proyectos/ExamenDeGrado/C#/php/ugb/vendor/laravel/framework/src/Illuminate/Container/BoundMethod.php(96): Illuminate/Container/Util::unwrapIfClosure(Object(Closure))
#15 D:/josej/Documents/Proyectos/ExamenDeGrado/C#/php/ugb/vendor/laravel/framework/src/Illuminate/Container/BoundMethod.php(35): Illuminate/Container/BoundMethod::callBoundMethod(Object(Illuminate/Foundation/Application), Array, Object(Closure))
#16 D:/josej/Documents/Proyectos/ExamenDeGrado/C#/php/ugb/vendor/laravel/framework/src/Illuminate/Container/Container.php(801): Illuminate/Container/BoundMethod::call(Object(Illuminate/Foundation/Application), Array, Array, NULL)
#17 D:/josej/Documents/Proyectos/ExamenDeGrado/C#/php/ugb/vendor/laravel/framework/src/Illuminate/Console/Command.php(292): Illuminate/Container/Container->call(Array)
#18 D:/josej/Documents/Proyectos/ExamenDeGrado/C#/php/ugb/vendor/symfony/console/Command/Command.php(284): Illuminate/Console/Command->execute(Object(Symfony/Component/Console/Input/ArgvInput), Object(Illuminate/Console/OutputStyle))
#19 D:/josej/Documents/Proyectos/ExamenDeGrado/C#/php/ugb/vendor/laravel/framework/src/Illuminate/Console/Command.php(261): Symfony/Component/Console/Command/Command->run(Object(Symfony/Component/Console/Input/ArgvInput), Object(Illuminate/Console/OutputStyle))
#20 D:/josej/Documents/Proyectos/ExamenDeGrado/C#/php/ugb/vendor/symfony/console/Application.php(1144): Illuminate/Console/Command->run(Object(Symfony/Component/Console/Input/ArgvInput), Object(Symfony/Component/Console/Output/ConsoleOutput))
#21 D:/josej/Documents/Proyectos/ExamenDeGrado/C#/php/ugb/vendor/symfony/console/Application.php(379): Symfony/Component/Console/Application->doRunCommand(Object(Illuminate/Queue/Console/WorkCommand), Object(Symfony/Component/Console/Input/ArgvInput), Object(Symfony/Component/Console/Output/ConsoleOutput))
#22 D:/josej/Documents/Proyectos/ExamenDeGrado/C#/php/ugb/vendor/symfony/console/Application.php(218): Symfony/Component/Console/Application->doRun(Object(Symfony/Component/Console/Input/ArgvInput), Object(Symfony/Component/Console/Output/ConsoleOutput))
#23 D:/josej/Documents/Proyectos/ExamenDeGrado/C#/php/ugb/vendor/laravel/framework/src/Illuminate/Foundation/Console/Kernel.php(198): Symfony/Component/Console/Application->run(Object(Symfony/Component/Console/Input/ArgvInput), Object(Symfony/Component/Console/Output/ConsoleOutput))
#24 D:/josej/Documents/Proyectos/ExamenDeGrado/C#/php/ugb/vendor/laravel/framework/src/Illuminate/Foundation/Application.php(1242): Illuminate/Foundation/Console/Kernel->handle(Object(Symfony/Component/Console/Input/ArgvInput), Object(Symfony/Component/Console/Output/ConsoleOutput))
#25 D:/josej/Documents/Proyectos/ExamenDeGrado/C#/php/ugb/artisan(16): Illuminate/Foundation/Application->handleCommand(Object(Symfony/Component/Console/Input/ArgvInput))
#26 {main}

[previous exception] [object] (PDOException(code: HY000): SQLSTATE[HY000]: General error: 1 no such table: cache at D:/josej/Documents/Proyectos/ExamenDeGrado/C#/php/ugb/vendor/laravel/framework/src/Illuminate/Database/Connection.php:435)
[stacktrace]
#0 D:/josej/Documents/Proyectos/ExamenDeGrado/C#/php/ugb/vendor/laravel/framework/src/Illuminate/Database/Connection.php(435): PDO->prepare('select * from \"...')
#1 D:/josej/Documents/Proyectos/ExamenDeGrado/C#/php/ugb/vendor/laravel/framework/src/Illuminate/Database/Connection.php(846): Illuminate/Database/Connection->{closure:Illuminate/Database/Connection::select():426}('select * from \"...', Array)
#2 D:/josej/Documents/Proyectos/ExamenDeGrado/C#/php/ugb/vendor/laravel/framework/src/Illuminate/Database/Connection.php(813): Illuminate/Database/Connection->runQueryCallback('select * from \"...', Array, Object(Closure))
#3 D:/josej/Documents/Proyectos/ExamenDeGrado/C#/php/ugb/vendor/laravel/framework/src/Illuminate/Database/Connection.php(426): Illuminate/Database/Connection->run('select * from \"...', Array, Object(Closure))
#4 D:/josej/Documents/Proyectos/ExamenDeGrado/C#/php/ugb/vendor/laravel/framework/src/Illuminate/Database/Query/Builder.php(3573): Illuminate/Database/Connection->select('select * from \"...', Array, true, Array)
#5 D:/josej/Documents/Proyectos/ExamenDeGrado/C#/php/ugb/vendor/laravel/framework/src/Illuminate/Database/Query/Builder.php(3557): Illuminate/Database/Query/Builder->runSelect()
#6 D:/josej/Documents/Proyectos/ExamenDeGrado/C#/php/ugb/vendor/laravel/framework/src/Illuminate/Cache/DatabaseStore.php(142): Illuminate/Database/Query/Builder->get()
#7 D:/josej/Documents/Proyectos/ExamenDeGrado/C#/php/ugb/vendor/laravel/framework/src/Illuminate/Cache/Repository.php(167): Illuminate/Cache/DatabaseStore->many(Array)
#8 D:/josej/Documents/Proyectos/ExamenDeGrado/C#/php/ugb/vendor/laravel/framework/src/Illuminate/Queue/QueueManager.php(335): Illuminate/Cache/Repository->many(Array)
#9 D:/josej/Documents/Proyectos/ExamenDeGrado/C#/php/ugb/vendor/laravel/framework/src/Illuminate/Queue/Worker.php(489): Illuminate/Queue/QueueManager->getPausedQueues('database', Array)
#10 D:/josej/Documents/Proyectos/ExamenDeGrado/C#/php/ugb/vendor/laravel/framework/src/Illuminate/Queue/Worker.php(450): Illuminate/Queue/Worker->getPausedQueues('database', Array)
#11 D:/josej/Documents/Proyectos/ExamenDeGrado/C#/php/ugb/vendor/laravel/framework/src/Illuminate/Queue/Worker.php(410): Illuminate/Queue/Worker->getNextJob(Object(Illuminate/Queue/DatabaseQueue), 'default')
#12 D:/josej/Documents/Proyectos/ExamenDeGrado/C#/php/ugb/vendor/laravel/framework/src/Illuminate/Queue/Console/WorkCommand.php(149): Illuminate/Queue/Worker->runNextJob('database', 'default', Object(Illuminate/Queue/WorkerOptions))
#13 D:/josej/Documents/Proyectos/ExamenDeGrado/C#/php/ugb/vendor/laravel/framework/src/Illuminate/Queue/Console/WorkCommand.php(132): Illuminate/Queue/Console/WorkCommand->runWorker('database', 'default')
#14 D:/josej/Documents/Proyectos/ExamenDeGrado/C#/php/ugb/vendor/laravel/framework/src/Illuminate/Container/BoundMethod.php(36): Illuminate/Queue/Console/WorkCommand->handle()
#15 D:/josej/Documents/Proyectos/ExamenDeGrado/C#/php/ugb/vendor/laravel/framework/src/Illuminate/Container/Util.php(43): Illuminate/Container/BoundMethod::{closure:Illuminate/Container/BoundMethod::call():35}()
#16 D:/josej/Documents/Proyectos/ExamenDeGrado/C#/php/ugb/vendor/laravel/framework/src/Illuminate/Container/BoundMethod.php(96): Illuminate/Container/Util::unwrapIfClosure(Object(Closure))
#17 D:/josej/Documents/Proyectos/ExamenDeGrado/C#/php/ugb/vendor/laravel/framework/src/Illuminate/Container/BoundMethod.php(35): Illuminate/Container/BoundMethod::callBoundMethod(Object(Illuminate/Foundation/Application), Array, Object(Closure))
#18 D:/josej/Documents/Proyectos/ExamenDeGrado/C#/php/ugb/vendor/laravel/framework/src/Illuminate/Container/Container.php(801): Illuminate/Container/BoundMethod::call(Object(Illuminate/Foundation/Application), Array, Array, NULL)
#19 D:/josej/Documents/Proyectos/ExamenDeGrado/C#/php/ugb/vendor/laravel/framework/src/Illuminate/Console/Command.php(292): Illuminate/Container/Container->call(Array)
#20 D:/josej/Documents/Proyectos/ExamenDeGrado/C#/php/ugb/vendor/symfony/console/Command/Command.php(284): Illuminate/Console/Command->execute(Object(Symfony/Component/Console/Input/ArgvInput), Object(Illuminate/Console/OutputStyle))
#21 D:/josej/Documents/Proyectos/ExamenDeGrado/C#/php/ugb/vendor/laravel/framework/src/Illuminate/Console/Command.php(261): Symfony/Component/Console/Command/Command->run(Object(Symfony/Component/Console/Input/ArgvInput), Object(Illuminate/Console/OutputStyle))
#22 D:/josej/Documents/Proyectos/ExamenDeGrado/C#/php/ugb/vendor/symfony/console/Application.php(1144): Illuminate/Console/Command->run(Object(Symfony/Component/Console/Input/ArgvInput), Object(Symfony/Component/Console/Output/ConsoleOutput))
#23 D:/josej/Documents/Proyectos/ExamenDeGrado/C#/php/ugb/vendor/symfony/console/Application.php(379): Symfony/Component/Console/Application->doRunCommand(Object(Illuminate/Queue/Console/WorkCommand), Object(Symfony/Component/Console/Input/ArgvInput), Object(Symfony/Component/Console/Output/ConsoleOutput))
#24 D:/josej/Documents/Proyectos/ExamenDeGrado/C#/php/ugb/vendor/symfony/console/Application.php(218): Symfony/Component/Console/Application->doRun(Object(Symfony/Component/Console/Input/ArgvInput), Object(Symfony/Component/Console/Output/ConsoleOutput))
#25 D:/josej/Documents/Proyectos/ExamenDeGrado/C#/php/ugb/vendor/laravel/framework/src/Illuminate/Foundation/Console/Kernel.php(198): Symfony/Component/Console/Application->run(Object(Symfony/Component/Console/Input/ArgvInput), Object(Symfony/Component/Console/Output/ConsoleOutput))
#26 D:/josej/Documents/Proyectos/ExamenDeGrado/C#/php/ugb/vendor/laravel/framework/src/Illuminate/Foundation/Application.php(1242): Illuminate/Foundation/Console/Kernel->handle(Object(Symfony/Component/Console/Input/ArgvInput), Object(Symfony/Component/Console/Output/ConsoleOutput))
#27 D:/josej/Documents/Proyectos/ExamenDeGrado/C#/php/ugb/artisan(16): Illuminate/Foundation/Application->handleCommand(Object(Symfony/Component/Console/Input/ArgvInput))
#28 {main}
"} 
[2026-08-17 01:45:06] local.ERROR: SQLSTATE[HY000]: General error: 1 no such table: cache (Connection: sqlite, Database: D:\josej\Documents\Proyectos\ExamenDeGrado\C#\php\ugb\database\database.sqlite, SQL: select * from "cache" where "key" in (laravel-cache-illuminate:queues:paused, laravel-cache-illuminate:queue:paused:database:default)) {"exception":"[object] (Illuminate\\Database\\QueryException(code: HY000): SQLSTATE[HY000]: General error: 1 no such table: cache (Connection: sqlite, Database: D:\\josej\\Documents\\Proyectos\\ExamenDeGrado\\C#\\php\\ugb\\database\\database.sqlite, SQL: select * from \"cache\" where \"key\" in (laravel-cache-illuminate:queues:paused, laravel-cache-illuminate:queue:paused:database:default)) at D:/josej/Documents/Proyectos/ExamenDeGrado/C#/php/ugb/vendor/laravel/framework/src/Illuminate/Database/Connection.php:857)
[stacktrace]
#0 D:/josej/Documents/Proyectos/ExamenDeGrado/C#/php/ugb/vendor/laravel/framework/src/Illuminate/Database/Connection.php(813): Illuminate/Database/Connection->runQueryCallback('select * from \"...', Array, Object(Closure))
#1 D:/josej/Documents/Proyectos/ExamenDeGrado/C#/php/ugb/vendor/laravel/framework/src/Illuminate/Database/Connection.php(426): Illuminate/Database/Connection->run('select * from \"...', Array, Object(Closure))
#2 D:/josej/Documents/Proyectos/ExamenDeGrado/C#/php/ugb/vendor/laravel/framework/src/Illuminate/Database/Query/Builder.php(3573): Illuminate/Database/Connection->select('select * from \"...', Array, true, Array)
#3 D:/josej/Documents/Proyectos/ExamenDeGrado/C#/php/ugb/vendor/laravel/framework/src/Illuminate/Database/Query/Builder.php(3557): Illuminate/Database/Query/Builder->runSelect()
#4 D:/josej/Documents/Proyectos/ExamenDeGrado/C#/php/ugb/vendor/laravel/framework/src/Illuminate/Cache/DatabaseStore.php(142): Illuminate/Database/Query/Builder->get()
#5 D:/josej/Documents/Proyectos/ExamenDeGrado/C#/php/ugb/vendor/laravel/framework/src/Illuminate/Cache/Repository.php(167): Illuminate/Cache/DatabaseStore->many(Array)
#6 D:/josej/Documents/Proyectos/ExamenDeGrado/C#/php/ugb/vendor/laravel/framework/src/Illuminate/Queue/QueueManager.php(335): Illuminate/Cache/Repository->many(Array)
#7 D:/josej/Documents/Proyectos/ExamenDeGrado/C#/php/ugb/vendor/laravel/framework/src/Illuminate/Queue/Worker.php(489): Illuminate/Queue/QueueManager->getPausedQueues('database', Array)
#8 D:/josej/Documents/Proyectos/ExamenDeGrado/C#/php/ugb/vendor/laravel/framework/src/Illuminate/Queue/Worker.php(450): Illuminate/Queue/Worker->getPausedQueues('database', Array)
#9 D:/josej/Documents/Proyectos/ExamenDeGrado/C#/php/ugb/vendor/laravel/framework/src/Illuminate/Queue/Worker.php(410): Illuminate/Queue/Worker->getNextJob(Object(Illuminate/Queue/DatabaseQueue), 'default')
#10 D:/josej/Documents/Proyectos/ExamenDeGrado/C#/php/ugb/vendor/laravel/framework/src/Illuminate/Queue/Console/WorkCommand.php(149): Illuminate/Queue/Worker->runNextJob('database', 'default', Object(Illuminate/Queue/WorkerOptions))
#11 D:/josej/Documents/Proyectos/ExamenDeGrado/C#/php/ugb/vendor/laravel/framework/src/Illuminate/Queue/Console/WorkCommand.php(132): Illuminate/Queue/Console/WorkCommand->runWorker('database', 'default')
#12 D:/josej/Documents/Proyectos/ExamenDeGrado/C#/php/ugb/vendor/laravel/framework/src/Illuminate/Container/BoundMethod.php(36): Illuminate/Queue/Console/WorkCommand->handle()
#13 D:/josej/Documents/Proyectos/ExamenDeGrado/C#/php/ugb/vendor/laravel/framework/src/Illuminate/Container/Util.php(43): Illuminate/Container/BoundMethod::{closure:Illuminate/Container/BoundMethod::call():35}()
#14 D:/josej/Documents/Proyectos/ExamenDeGrado/C#/php/ugb/vendor/laravel/framework/src/Illuminate/Container/BoundMethod.php(96): Illuminate/Container/Util::unwrapIfClosure(Object(Closure))
#15 D:/josej/Documents/Proyectos/ExamenDeGrado/C#/php/ugb/vendor/laravel/framework/src/Illuminate/Container/BoundMethod.php(35): Illuminate/Container/BoundMethod::callBoundMethod(Object(Illuminate/Foundation/Application), Array, Object(Closure))
#16 D:/josej/Documents/Proyectos/ExamenDeGrado/C#/php/ugb/vendor/laravel/framework/src/Illuminate/Container/Container.php(801): Illuminate/Container/BoundMethod::call(Object(Illuminate/Foundation/Application), Array, Array, NULL)
#17 D:/josej/Documents/Proyectos/ExamenDeGrado/C#/php/ugb/vendor/laravel/framework/src/Illuminate/Console/Command.php(292): Illuminate/Container/Container->call(Array)
#18 D:/josej/Documents/Proyectos/ExamenDeGrado/C#/php/ugb/vendor/symfony/console/Command/Command.php(284): Illuminate/Console/Command->execute(Object(Symfony/Component/Console/Input/ArgvInput), Object(Illuminate/Console/OutputStyle))
#19 D:/josej/Documents/Proyectos/ExamenDeGrado/C#/php/ugb/vendor/laravel/framework/src/Illuminate/Console/Command.php(261): Symfony/Component/Console/Command/Command->run(Object(Symfony/Component/Console/Input/ArgvInput), Object(Illuminate/Console/OutputStyle))
#20 D:/josej/Documents/Proyectos/ExamenDeGrado/C#/php/ugb/vendor/symfony/console/Application.php(1144): Illuminate/Console/Command->run(Object(Symfony/Component/Console/Input/ArgvInput), Object(Symfony/Component/Console/Output/ConsoleOutput))
#21 D:/josej/Documents/Proyectos/ExamenDeGrado/C#/php/ugb/vendor/symfony/console/Application.php(379): Symfony/Component/Console/Application->doRunCommand(Object(Illuminate/Queue/Console/WorkCommand), Object(Symfony/Component/Console/Input/ArgvInput), Object(Symfony/Component/Console/Output/ConsoleOutput))
#22 D:/josej/Documents/Proyectos/ExamenDeGrado/C#/php/ugb/vendor/symfony/console/Application.php(218): Symfony/Component/Console/Application->doRun(Object(Symfony/Component/Console/Input/ArgvInput), Object(Symfony/Component/Console/Output/ConsoleOutput))
#23 D:/josej/Documents/Proyectos/ExamenDeGrado/C#/php/ugb/vendor/laravel/framework/src/Illuminate/Foundation/Console/Kernel.php(198): Symfony/Component/Console/Application->run(Object(Symfony/Component/Console/Input/ArgvInput), Object(Symfony/Component/Console/Output/ConsoleOutput))
#24 D:/josej/Documents/Proyectos/ExamenDeGrado/C#/php/ugb/vendor/laravel/framework/src/Illuminate/Foundation/Application.php(1242): Illuminate/Foundation/Console/Kernel->handle(Object(Symfony/Component/Console/Input/ArgvInput), Object(Symfony/Component/Console/Output/ConsoleOutput))
#25 D:/josej/Documents/Proyectos/ExamenDeGrado/C#/php/ugb/artisan(16): Illuminate/Foundation/Application->handleCommand(Object(Symfony/Component/Console/Input/ArgvInput))
#26 {main}

[previous exception] [object] (PDOException(code: HY000): SQLSTATE[HY000]: General error: 1 no such table: cache at D:/josej/Documents/Proyectos/ExamenDeGrado/C#/php/ugb/vendor/laravel/framework/src/Illuminate/Database/Connection.php:435)
[stacktrace]
#0 D:/josej/Documents/Proyectos/ExamenDeGrado/C#/php/ugb/vendor/laravel/framework/src/Illuminate/Database/Connection.php(435): PDO->prepare('select * from \"...')
#1 D:/josej/Documents/Proyectos/ExamenDeGrado/C#/php/ugb/vendor/laravel/framework/src/Illuminate/Database/Connection.php(846): Illuminate/Database/Connection->{closure:Illuminate/Database/Connection::select():426}('select * from \"...', Array)
#2 D:/josej/Documents/Proyectos/ExamenDeGrado/C#/php/ugb/vendor/laravel/framework/src/Illuminate/Database/Connection.php(813): Illuminate/Database/Connection->runQueryCallback('select * from \"...', Array, Object(Closure))
#3 D:/josej/Documents/Proyectos/ExamenDeGrado/C#/php/ugb/vendor/laravel/framework/src/Illuminate/Database/Connection.php(426): Illuminate/Database/Connection->run('select * from \"...', Array, Object(Closure))
#4 D:/josej/Documents/Proyectos/ExamenDeGrado/C#/php/ugb/vendor/laravel/framework/src/Illuminate/Database/Query/Builder.php(3573): Illuminate/Database/Connection->select('select * from \"...', Array, true, Array)
#5 D:/josej/Documents/Proyectos/ExamenDeGrado/C#/php/ugb/vendor/laravel/framework/src/Illuminate/Database/Query/Builder.php(3557): Illuminate/Database/Query/Builder->runSelect()
#6 D:/josej/Documents/Proyectos/ExamenDeGrado/C#/php/ugb/vendor/laravel/framework/src/Illuminate/Cache/DatabaseStore.php(142): Illuminate/Database/Query/Builder->get()
#7 D:/josej/Documents/Proyectos/ExamenDeGrado/C#/php/ugb/vendor/laravel/framework/src/Illuminate/Cache/Repository.php(167): Illuminate/Cache/DatabaseStore->many(Array)
#8 D:/josej/Documents/Proyectos/ExamenDeGrado/C#/php/ugb/vendor/laravel/framework/src/Illuminate/Queue/QueueManager.php(335): Illuminate/Cache/Repository->many(Array)
#9 D:/josej/Documents/Proyectos/ExamenDeGrado/C#/php/ugb/vendor/laravel/framework/src/Illuminate/Queue/Worker.php(489): Illuminate/Queue/QueueManager->getPausedQueues('database', Array)
#10 D:/josej/Documents/Proyectos/ExamenDeGrado/C#/php/ugb/vendor/laravel/framework/src/Illuminate/Queue/Worker.php(450): Illuminate/Queue/Worker->getPausedQueues('database', Array)
#11 D:/josej/Documents/Proyectos/ExamenDeGrado/C#/php/ugb/vendor/laravel/framework/src/Illuminate/Queue/Worker.php(410): Illuminate/Queue/Worker->getNextJob(Object(Illuminate/Queue/DatabaseQueue), 'default')
#12 D:/josej/Documents/Proyectos/ExamenDeGrado/C#/php/ugb/vendor/laravel/framework/src/Illuminate/Queue/Console/WorkCommand.php(149): Illuminate/Queue/Worker->runNextJob('database', 'default', Object(Illuminate/Queue/WorkerOptions))
#13 D:/josej/Documents/Proyectos/ExamenDeGrado/C#/php/ugb/vendor/laravel/framework/src/Illuminate/Queue/Console/WorkCommand.php(132): Illuminate/Queue/Console/WorkCommand->runWorker('database', 'default')
#14 D:/josej/Documents/Proyectos/ExamenDeGrado/C#/php/ugb/vendor/laravel/framework/src/Illuminate/Container/BoundMethod.php(36): Illuminate/Queue/Console/WorkCommand->handle()
#15 D:/josej/Documents/Proyectos/ExamenDeGrado/C#/php/ugb/vendor/laravel/framework/src/Illuminate/Container/Util.php(43): Illuminate/Container/BoundMethod::{closure:Illuminate/Container/BoundMethod::call():35}()
#16 D:/josej/Documents/Proyectos/ExamenDeGrado/C#/php/ugb/vendor/laravel/framework/src/Illuminate/Container/BoundMethod.php(96): Illuminate/Container/Util::unwrapIfClosure(Object(Closure))
#17 D:/josej/Documents/Proyectos/ExamenDeGrado/C#/php/ugb/vendor/laravel/framework/src/Illuminate/Container/BoundMethod.php(35): Illuminate/Container/BoundMethod::callBoundMethod(Object(Illuminate/Foundation/Application), Array, Object(Closure))
#18 D:/josej/Documents/Proyectos/ExamenDeGrado/C#/php/ugb/vendor/laravel/framework/src/Illuminate/Container/Container.php(801): Illuminate/Container/BoundMethod::call(Object(Illuminate/Foundation/Application), Array, Array, NULL)
#19 D:/josej/Documents/Proyectos/ExamenDeGrado/C#/php/ugb/vendor/laravel/framework/src/Illuminate/Console/Command.php(292): Illuminate/Container/Container->call(Array)
#20 D:/josej/Documents/Proyectos/ExamenDeGrado/C#/php/ugb/vendor/symfony/console/Command/Command.php(284): Illuminate/Console/Command->execute(Object(Symfony/Component/Console/Input/ArgvInput), Object(Illuminate/Console/OutputStyle))
#21 D:/josej/Documents/Proyectos/ExamenDeGrado/C#/php/ugb/vendor/laravel/framework/src/Illuminate/Console/Command.php(261): Symfony/Component/Console/Command/Command->run(Object(Symfony/Component/Console/Input/ArgvInput), Object(Illuminate/Console/OutputStyle))
#22 D:/josej/Documents/Proyectos/ExamenDeGrado/C#/php/ugb/vendor/symfony/console/Application.php(1144): Illuminate/Console/Command->run(Object(Symfony/Component/Console/Input/ArgvInput), Object(Symfony/Component/Console/Output/ConsoleOutput))
#23 D:/josej/Documents/Proyectos/ExamenDeGrado/C#/php/ugb/vendor/symfony/console/Application.php(379): Symfony/Component/Console/Application->doRunCommand(Object(Illuminate/Queue/Console/WorkCommand), Object(Symfony/Component/Console/Input/ArgvInput), Object(Symfony/Component/Console/Output/ConsoleOutput))
#24 D:/josej/Documents/Proyectos/ExamenDeGrado/C#/php/ugb/vendor/symfony/console/Application.php(218): Symfony/Component/Console/Application->doRun(Object(Symfony/Component/Console/Input/ArgvInput), Object(Symfony/Component/Console/Output/ConsoleOutput))
#25 D:/josej/Documents/Proyectos/ExamenDeGrado/C#/php/ugb/vendor/laravel/framework/src/Illuminate/Foundation/Console/Kernel.php(198): Symfony/Component/Console/Application->run(Object(Symfony/Component/Console/Input/ArgvInput), Object(Symfony/Component/Console/Output/ConsoleOutput))
#26 D:/josej/Documents/Proyectos/ExamenDeGrado/C#/php/ugb/vendor/laravel/framework/src/Illuminate/Foundation/Application.php(1242): Illuminate/Foundation/Console/Kernel->handle(Object(Symfony/Component/Console/Input/ArgvInput), Object(Symfony/Component/Console/Output/ConsoleOutput))
#27 D:/josej/Documents/Proyectos/ExamenDeGrado/C#/php/ugb/artisan(16): Illuminate/Foundation/Application->handleCommand(Object(Symfony/Component/Console/Input/ArgvInput))
#28 {main}
"} 
[2026-08-17 01:45:10] local.ERROR: SQLSTATE[HY000]: General error: 1 no such table: cache (Connection: sqlite, Database: D:\josej\Documents\Proyectos\ExamenDeGrado\C#\php\ugb\database\database.sqlite, SQL: select * from "cache" where "key" in (laravel-cache-illuminate:queues:paused, laravel-cache-illuminate:queue:paused:database:default)) {"exception":"[object] (Illuminate\\Database\\QueryException(code: HY000): SQLSTATE[HY000]: General error: 1 no such table: cache (Connection: sqlite, Database: D:\\josej\\Documents\\Proyectos\\ExamenDeGrado\\C#\\php\\ugb\\database\\database.sqlite, SQL: select * from \"cache\" where \"key\" in (laravel-cache-illuminate:queues:paused, laravel-cache-illuminate:queue:paused:database:default)) at D:/josej/Documents/Proyectos/ExamenDeGrado/C#/php/ugb/vendor/laravel/framework/src/Illuminate/Database/Connection.php:857)
[stacktrace]
#0 D:/josej/Documents/Proyectos/ExamenDeGrado/C#/php/ugb/vendor/laravel/framework/src/Illuminate/Database/Connection.php(813): Illuminate/Database/Connection->runQueryCallback('select * from \"...', Array, Object(Closure))
#1 D:/josej/Documents/Proyectos/ExamenDeGrado/C#/php/ugb/vendor/laravel/framework/src/Illuminate/Database/Connection.php(426): Illuminate/Database/Connection->run('select * from \"...', Array, Object(Closure))
#2 D:/josej/Documents/Proyectos/ExamenDeGrado/C#/php/ugb/vendor/laravel/framework/src/Illuminate/Database/Query/Builder.php(3573): Illuminate/Database/Connection->select('select * from \"...', Array, true, Array)
#3 D:/josej/Documents/Proyectos/ExamenDeGrado/C#/php/ugb/vendor/laravel/framework/src/Illuminate/Database/Query/Builder.php(3557): Illuminate/Database/Query/Builder->runSelect()
#4 D:/josej/Documents/Proyectos/ExamenDeGrado/C#/php/ugb/vendor/laravel/framework/src/Illuminate/Cache/DatabaseStore.php(142): Illuminate/Database/Query/Builder->get()
#5 D:/josej/Documents/Proyectos/ExamenDeGrado/C#/php/ugb/vendor/laravel/framework/src/Illuminate/Cache/Repository.php(167): Illuminate/Cache/DatabaseStore->many(Array)
#6 D:/josej/Documents/Proyectos/ExamenDeGrado/C#/php/ugb/vendor/laravel/framework/src/Illuminate/Queue/QueueManager.php(335): Illuminate/Cache/Repository->many(Array)
#7 D:/josej/Documents/Proyectos/ExamenDeGrado/C#/php/ugb/vendor/laravel/framework/src/Illuminate/Queue/Worker.php(489): Illuminate/Queue/QueueManager->getPausedQueues('database', Array)
#8 D:/josej/Documents/Proyectos/ExamenDeGrado/C#/php/ugb/vendor/laravel/framework/src/Illuminate/Queue/Worker.php(450): Illuminate/Queue/Worker->getPausedQueues('database', Array)
#9 D:/josej/Documents/Proyectos/ExamenDeGrado/C#/php/ugb/vendor/laravel/framework/src/Illuminate/Queue/Worker.php(410): Illuminate/Queue/Worker->getNextJob(Object(Illuminate/Queue/DatabaseQueue), 'default')
#10 D:/josej/Documents/Proyectos/ExamenDeGrado/C#/php/ugb/vendor/laravel/framework/src/Illuminate/Queue/Console/WorkCommand.php(149): Illuminate/Queue/Worker->runNextJob('database', 'default', Object(Illuminate/Queue/WorkerOptions))
#11 D:/josej/Documents/Proyectos/ExamenDeGrado/C#/php/ugb/vendor/laravel/framework/src/Illuminate/Queue/Console/WorkCommand.php(132): Illuminate/Queue/Console/WorkCommand->runWorker('database', 'default')
#12 D:/josej/Documents/Proyectos/ExamenDeGrado/C#/php/ugb/vendor/laravel/framework/src/Illuminate/Container/BoundMethod.php(36): Illuminate/Queue/Console/WorkCommand->handle()
#13 D:/josej/Documents/Proyectos/ExamenDeGrado/C#/php/ugb/vendor/laravel/framework/src/Illuminate/Container/Util.php(43): Illuminate/Container/BoundMethod::{closure:Illuminate/Container/BoundMethod::call():35}()
#14 D:/josej/Documents/Proyectos/ExamenDeGrado/C#/php/ugb/vendor/laravel/framework/src/Illuminate/Container/BoundMethod.php(96): Illuminate/Container/Util::unwrapIfClosure(Object(Closure))
#15 D:/josej/Documents/Proyectos/ExamenDeGrado/C#/php/ugb/vendor/laravel/framework/src/Illuminate/Container/BoundMethod.php(35): Illuminate/Container/BoundMethod::callBoundMethod(Object(Illuminate/Foundation/Application), Array, Object(Closure))
#16 D:/josej/Documents/Proyectos/ExamenDeGrado/C#/php/ugb/vendor/laravel/framework/src/Illuminate/Container/Container.php(801): Illuminate/Container/BoundMethod::call(Object(Illuminate/Foundation/Application), Array, Array, NULL)
#17 D:/josej/Documents/Proyectos/ExamenDeGrado/C#/php/ugb/vendor/laravel/framework/src/Illuminate/Console/Command.php(292): Illuminate/Container/Container->call(Array)
#18 D:/josej/Documents/Proyectos/ExamenDeGrado/C#/php/ugb/vendor/symfony/console/Command/Command.php(284): Illuminate/Console/Command->execute(Object(Symfony/Component/Console/Input/ArgvInput), Object(Illuminate/Console/OutputStyle))
#19 D:/josej/Documents/Proyectos/ExamenDeGrado/C#/php/ugb/vendor/laravel/framework/src/Illuminate/Console/Command.php(261): Symfony/Component/Console/Command/Command->run(Object(Symfony/Component/Console/Input/ArgvInput), Object(Illuminate/Console/OutputStyle))
#20 D:/josej/Documents/Proyectos/ExamenDeGrado/C#/php/ugb/vendor/symfony/console/Application.php(1144): Illuminate/Console/Command->run(Object(Symfony/Component/Console/Input/ArgvInput), Object(Symfony/Component/Console/Output/ConsoleOutput))
#21 D:/josej/Documents/Proyectos/ExamenDeGrado/C#/php/ugb/vendor/symfony/console/Application.php(379): Symfony/Component/Console/Application->doRunCommand(Object(Illuminate/Queue/Console/WorkCommand), Object(Symfony/Component/Console/Input/ArgvInput), Object(Symfony/Component/Console/Output/ConsoleOutput))
#22 D:/josej/Documents/Proyectos/ExamenDeGrado/C#/php/ugb/vendor/symfony/console/Application.php(218): Symfony/Component/Console/Application->doRun(Object(Symfony/Component/Console/Input/ArgvInput), Object(Symfony/Component/Console/Output/ConsoleOutput))
#23 D:/josej/Documents/Proyectos/ExamenDeGrado/C#/php/ugb/vendor/laravel/framework/src/Illuminate/Foundation/Console/Kernel.php(198): Symfony/Component/Console/Application->run(Object(Symfony/Component/Console/Input/ArgvInput), Object(Symfony/Component/Console/Output/ConsoleOutput))
#24 D:/josej/Documents/Proyectos/ExamenDeGrado/C#/php/ugb/vendor/laravel/framework/src/Illuminate/Foundation/Application.php(1242): Illuminate/Foundation/Console/Kernel->handle(Object(Symfony/Component/Console/Input/ArgvInput), Object(Symfony/Component/Console/Output/ConsoleOutput))
#25 D:/josej/Documents/Proyectos/ExamenDeGrado/C#/php/ugb/artisan(16): Illuminate/Foundation/Application->handleCommand(Object(Symfony/Component/Console/Input/ArgvInput))
#26 {main}

[previous exception] [object] (PDOException(code: HY000): SQLSTATE[HY000]: General error: 1 no such table: cache at D:/josej/Documents/Proyectos/ExamenDeGrado/C#/php/ugb/vendor/laravel/framework/src/Illuminate/Database/Connection.php:435)
[stacktrace]
#0 D:/josej/Documents/Proyectos/ExamenDeGrado/C#/php/ugb/vendor/laravel/framework/src/Illuminate/Database/Connection.php(435): PDO->prepare('select * from \"...')
#1 D:/josej/Documents/Proyectos/ExamenDeGrado/C#/php/ugb/vendor/laravel/framework/src/Illuminate/Database/Connection.php(846): Illuminate/Database/Connection->{closure:Illuminate/Database/Connection::select():426}('select * from \"...', Array)
#2 D:/josej/Documents/Proyectos/ExamenDeGrado/C#/php/ugb/vendor/laravel/framework/src/Illuminate/Database/Connection.php(813): Illuminate/Database/Connection->runQueryCallback('select * from \"...', Array, Object(Closure))
#3 D:/josej/Documents/Proyectos/ExamenDeGrado/C#/php/ugb/vendor/laravel/framework/src/Illuminate/Database/Connection.php(426): Illuminate/Database/Connection->run('select * from \"...', Array, Object(Closure))
#4 D:/josej/Documents/Proyectos/ExamenDeGrado/C#/php/ugb/vendor/laravel/framework/src/Illuminate/Database/Query/Builder.php(3573): Illuminate/Database/Connection->select('select * from \"...', Array, true, Array)
#5 D:/josej/Documents/Proyectos/ExamenDeGrado/C#/php/ugb/vendor/laravel/framework/src/Illuminate/Database/Query/Builder.php(3557): Illuminate/Database/Query/Builder->runSelect()
#6 D:/josej/Documents/Proyectos/ExamenDeGrado/C#/php/ugb/vendor/laravel/framework/src/Illuminate/Cache/DatabaseStore.php(142): Illuminate/Database/Query/Builder->get()
#7 D:/josej/Documents/Proyectos/ExamenDeGrado/C#/php/ugb/vendor/laravel/framework/src/Illuminate/Cache/Repository.php(167): Illuminate/Cache/DatabaseStore->many(Array)
#8 D:/josej/Documents/Proyectos/ExamenDeGrado/C#/php/ugb/vendor/laravel/framework/src/Illuminate/Queue/QueueManager.php(335): Illuminate/Cache/Repository->many(Array)
#9 D:/josej/Documents/Proyectos/ExamenDeGrado/C#/php/ugb/vendor/laravel/framework/src/Illuminate/Queue/Worker.php(489): Illuminate/Queue/QueueManager->getPausedQueues('database', Array)
#10 D:/josej/Documents/Proyectos/ExamenDeGrado/C#/php/ugb/vendor/laravel/framework/src/Illuminate/Queue/Worker.php(450): Illuminate/Queue/Worker->getPausedQueues('database', Array)
#11 D:/josej/Documents/Proyectos/ExamenDeGrado/C#/php/ugb/vendor/laravel/framework/src/Illuminate/Queue/Worker.php(410): Illuminate/Queue/Worker->getNextJob(Object(Illuminate/Queue/DatabaseQueue), 'default')
#12 D:/josej/Documents/Proyectos/ExamenDeGrado/C#/php/ugb/vendor/laravel/framework/src/Illuminate/Queue/Console/WorkCommand.php(149): Illuminate/Queue/Worker->runNextJob('database', 'default', Object(Illuminate/Queue/WorkerOptions))
#13 D:/josej/Documents/Proyectos/ExamenDeGrado/C#/php/ugb/vendor/laravel/framework/src/Illuminate/Queue/Console/WorkCommand.php(132): Illuminate/Queue/Console/WorkCommand->runWorker('database', 'default')
#14 D:/josej/Documents/Proyectos/ExamenDeGrado/C#/php/ugb/vendor/laravel/framework/src/Illuminate/Container/BoundMethod.php(36): Illuminate/Queue/Console/WorkCommand->handle()
#15 D:/josej/Documents/Proyectos/ExamenDeGrado/C#/php/ugb/vendor/laravel/framework/src/Illuminate/Container/Util.php(43): Illuminate/Container/BoundMethod::{closure:Illuminate/Container/BoundMethod::call():35}()
#16 D:/josej/Documents/Proyectos/ExamenDeGrado/C#/php/ugb/vendor/laravel/framework/src/Illuminate/Container/BoundMethod.php(96): Illuminate/Container/Util::unwrapIfClosure(Object(Closure))
#17 D:/josej/Documents/Proyectos/ExamenDeGrado/C#/php/ugb/vendor/laravel/framework/src/Illuminate/Container/BoundMethod.php(35): Illuminate/Container/BoundMethod::callBoundMethod(Object(Illuminate/Foundation/Application), Array, Object(Closure))
#18 D:/josej/Documents/Proyectos/ExamenDeGrado/C#/php/ugb/vendor/laravel/framework/src/Illuminate/Container/Container.php(801): Illuminate/Container/BoundMethod::call(Object(Illuminate/Foundation/Application), Array, Array, NULL)
#19 D:/josej/Documents/Proyectos/ExamenDeGrado/C#/php/ugb/vendor/laravel/framework/src/Illuminate/Console/Command.php(292): Illuminate/Container/Container->call(Array)
#20 D:/josej/Documents/Proyectos/ExamenDeGrado/C#/php/ugb/vendor/symfony/console/Command/Command.php(284): Illuminate/Console/Command->execute(Object(Symfony/Component/Console/Input/ArgvInput), Object(Illuminate/Console/OutputStyle))
#21 D:/josej/Documents/Proyectos/ExamenDeGrado/C#/php/ugb/vendor/laravel/framework/src/Illuminate/Console/Command.php(261): Symfony/Component/Console/Command/Command->run(Object(Symfony/Component/Console/Input/ArgvInput), Object(Illuminate/Console/OutputStyle))
#22 D:/josej/Documents/Proyectos/ExamenDeGrado/C#/php/ugb/vendor/symfony/console/Application.php(1144): Illuminate/Console/Command->run(Object(Symfony/Component/Console/Input/ArgvInput), Object(Symfony/Component/Console/Output/ConsoleOutput))
#23 D:/josej/Documents/Proyectos/ExamenDeGrado/C#/php/ugb/vendor/symfony/console/Application.php(379): Symfony/Component/Console/Application->doRunCommand(Object(Illuminate/Queue/Console/WorkCommand), Object(Symfony/Component/Console/Input/ArgvInput), Object(Symfony/Component/Console/Output/ConsoleOutput))
#24 D:/josej/Documents/Proyectos/ExamenDeGrado/C#/php/ugb/vendor/symfony/console/Application.php(218): Symfony/Component/Console/Application->doRun(Object(Symfony/Component/Console/Input/ArgvInput), Object(Symfony/Component/Console/Output/ConsoleOutput))
#25 D:/josej/Documents/Proyectos/ExamenDeGrado/C#/php/ugb/vendor/laravel/framework/src/Illuminate/Foundation/Console/Kernel.php(198): Symfony/Component/Console/Application->run(Object(Symfony/Component/Console/Input/ArgvInput), Object(Symfony/Component/Console/Output/ConsoleOutput))
#26 D:/josej/Documents/Proyectos/ExamenDeGrado/C#/php/ugb/vendor/laravel/framework/src/Illuminate/Foundation/Application.php(1242): Illuminate/Foundation/Console/Kernel->handle(Object(Symfony/Component/Console/Input/ArgvInput), Object(Symfony/Component/Console/Output/ConsoleOutput))
#27 D:/josej/Documents/Proyectos/ExamenDeGrado/C#/php/ugb/artisan(16): Illuminate/Foundation/Application->handleCommand(Object(Symfony/Component/Console/Input/ArgvInput))
#28 {main}
"} 
[2026-08-17 01:45:14] local.ERROR: SQLSTATE[HY000]: General error: 1 no such table: cache (Connection: sqlite, Database: D:\josej\Documents\Proyectos\ExamenDeGrado\C#\php\ugb\database\database.sqlite, SQL: select * from "cache" where "key" in (laravel-cache-illuminate:queues:paused, laravel-cache-illuminate:queue:paused:database:default)) {"exception":"[object] (Illuminate\\Database\\QueryException(code: HY000): SQLSTATE[HY000]: General error: 1 no such table: cache (Connection: sqlite, Database: D:\\josej\\Documents\\Proyectos\\ExamenDeGrado\\C#\\php\\ugb\\database\\database.sqlite, SQL: select * from \"cache\" where \"key\" in (laravel-cache-illuminate:queues:paused, laravel-cache-illuminate:queue:paused:database:default)) at D:/josej/Documents/Proyectos/ExamenDeGrado/C#/php/ugb/vendor/laravel/framework/src/Illuminate/Database/Connection.php:857)
[stacktrace]
#0 D:/josej/Documents/Proyectos/ExamenDeGrado/C#/php/ugb/vendor/laravel/framework/src/Illuminate/Database/Connection.php(813): Illuminate/Database/Connection->runQueryCallback('select * from \"...', Array, Object(Closure))
#1 D:/josej/Documents/Proyectos/ExamenDeGrado/C#/php/ugb/vendor/laravel/framework/src/Illuminate/Database/Connection.php(426): Illuminate/Database/Connection->run('select * from \"...', Array, Object(Closure))
#2 D:/josej/Documents/Proyectos/ExamenDeGrado/C#/php/ugb/vendor/laravel/framework/src/Illuminate/Database/Query/Builder.php(3573): Illuminate/Database/Connection->select('select * from \"...', Array, true, Array)
#3 D:/josej/Documents/Proyectos/ExamenDeGrado/C#/php/ugb/vendor/laravel/framework/src/Illuminate/Database/Query/Builder.php(3557): Illuminate/Database/Query/Builder->runSelect()
#4 D:/josej/Documents/Proyectos/ExamenDeGrado/C#/php/ugb/vendor/laravel/framework/src/Illuminate/Cache/DatabaseStore.php(142): Illuminate/Database/Query/Builder->get()
#5 D:/josej/Documents/Proyectos/ExamenDeGrado/C#/php/ugb/vendor/laravel/framework/src/Illuminate/Cache/Repository.php(167): Illuminate/Cache/DatabaseStore->many(Array)
#6 D:/josej/Documents/Proyectos/ExamenDeGrado/C#/php/ugb/vendor/laravel/framework/src/Illuminate/Queue/QueueManager.php(335): Illuminate/Cache/Repository->many(Array)
#7 D:/josej/Documents/Proyectos/ExamenDeGrado/C#/php/ugb/vendor/laravel/framework/src/Illuminate/Queue/Worker.php(489): Illuminate/Queue/QueueManager->getPausedQueues('database', Array)
#8 D:/josej/Documents/Proyectos/ExamenDeGrado/C#/php/ugb/vendor/laravel/framework/src/Illuminate/Queue/Worker.php(450): Illuminate/Queue/Worker->getPausedQueues('database', Array)
#9 D:/josej/Documents/Proyectos/ExamenDeGrado/C#/php/ugb/vendor/laravel/framework/src/Illuminate/Queue/Worker.php(410): Illuminate/Queue/Worker->getNextJob(Object(Illuminate/Queue/DatabaseQueue), 'default')
#10 D:/josej/Documents/Proyectos/ExamenDeGrado/C#/php/ugb/vendor/laravel/framework/src/Illuminate/Queue/Console/WorkCommand.php(149): Illuminate/Queue/Worker->runNextJob('database', 'default', Object(Illuminate/Queue/WorkerOptions))
#11 D:/josej/Documents/Proyectos/ExamenDeGrado/C#/php/ugb/vendor/laravel/framework/src/Illuminate/Queue/Console/WorkCommand.php(132): Illuminate/Queue/Console/WorkCommand->runWorker('database', 'default')
#12 D:/josej/Documents/Proyectos/ExamenDeGrado/C#/php/ugb/vendor/laravel/framework/src/Illuminate/Container/BoundMethod.php(36): Illuminate/Queue/Console/WorkCommand->handle()
#13 D:/josej/Documents/Proyectos/ExamenDeGrado/C#/php/ugb/vendor/laravel/framework/src/Illuminate/Container/Util.php(43): Illuminate/Container/BoundMethod::{closure:Illuminate/Container/BoundMethod::call():35}()
#14 D:/josej/Documents/Proyectos/ExamenDeGrado/C#/php/ugb/vendor/laravel/framework/src/Illuminate/Container/BoundMethod.php(96): Illuminate/Container/Util::unwrapIfClosure(Object(Closure))
#15 D:/josej/Documents/Proyectos/ExamenDeGrado/C#/php/ugb/vendor/laravel/framework/src/Illuminate/Container/BoundMethod.php(35): Illuminate/Container/BoundMethod::callBoundMethod(Object(Illuminate/Foundation/Application), Array, Object(Closure))
#16 D:/josej/Documents/Proyectos/ExamenDeGrado/C#/php/ugb/vendor/laravel/framework/src/Illuminate/Container/Container.php(801): Illuminate/Container/BoundMethod::call(Object(Illuminate/Foundation/Application), Array, Array, NULL)
#17 D:/josej/Documents/Proyectos/ExamenDeGrado/C#/php/ugb/vendor/laravel/framework/src/Illuminate/Console/Command.php(292): Illuminate/Container/Container->call(Array)
#18 D:/josej/Documents/Proyectos/ExamenDeGrado/C#/php/ugb/vendor/symfony/console/Command/Command.php(284): Illuminate/Console/Command->execute(Object(Symfony/Component/Console/Input/ArgvInput), Object(Illuminate/Console/OutputStyle))
#19 D:/josej/Documents/Proyectos/ExamenDeGrado/C#/php/ugb/vendor/laravel/framework/src/Illuminate/Console/Command.php(261): Symfony/Component/Console/Command/Command->run(Object(Symfony/Component/Console/Input/ArgvInput), Object(Illuminate/Console/OutputStyle))
#20 D:/josej/Documents/Proyectos/ExamenDeGrado/C#/php/ugb/vendor/symfony/console/Application.php(1144): Illuminate/Console/Command->run(Object(Symfony/Component/Console/Input/ArgvInput), Object(Symfony/Component/Console/Output/ConsoleOutput))
#21 D:/josej/Documents/Proyectos/ExamenDeGrado/C#/php/ugb/vendor/symfony/console/Application.php(379): Symfony/Component/Console/Application->doRunCommand(Object(Illuminate/Queue/Console/WorkCommand), Object(Symfony/Component/Console/Input/ArgvInput), Object(Symfony/Component/Console/Output/ConsoleOutput))
#22 D:/josej/Documents/Proyectos/ExamenDeGrado/C#/php/ugb/vendor/symfony/console/Application.php(218): Symfony/Component/Console/Application->doRun(Object(Symfony/Component/Console/Input/ArgvInput), Object(Symfony/Component/Console/Output/ConsoleOutput))
#23 D:/josej/Documents/Proyectos/ExamenDeGrado/C#/php/ugb/vendor/laravel/framework/src/Illuminate/Foundation/Console/Kernel.php(198): Symfony/Component/Console/Application->run(Object(Symfony/Component/Console/Input/ArgvInput), Object(Symfony/Component/Console/Output/ConsoleOutput))
#24 D:/josej/Documents/Proyectos/ExamenDeGrado/C#/php/ugb/vendor/laravel/framework/src/Illuminate/Foundation/Application.php(1242): Illuminate/Foundation/Console/Kernel->handle(Object(Symfony/Component/Console/Input/ArgvInput), Object(Symfony/Component/Console/Output/ConsoleOutput))
#25 D:/josej/Documents/Proyectos/ExamenDeGrado/C#/php/ugb/artisan(16): Illuminate/Foundation/Application->handleCommand(Object(Symfony/Component/Console/Input/ArgvInput))
#26 {main}

[previous exception] [object] (PDOException(code: HY000): SQLSTATE[HY000]: General error: 1 no such table: cache at D:/josej/Documents/Proyectos/ExamenDeGrado/C#/php/ugb/vendor/laravel/framework/src/Illuminate/Database/Connection.php:435)
[stacktrace]
#0 D:/josej/Documents/Proyectos/ExamenDeGrado/C#/php/ugb/vendor/laravel/framework/src/Illuminate/Database/Connection.php(435): PDO->prepare('select * from \"...')
#1 D:/josej/Documents/Proyectos/ExamenDeGrado/C#/php/ugb/vendor/laravel/framework/src/Illuminate/Database/Connection.php(846): Illuminate/Database/Connection->{closure:Illuminate/Database/Connection::select():426}('select * from \"...', Array)
#2 D:/josej/Documents/Proyectos/ExamenDeGrado/C#/php/ugb/vendor/laravel/framework/src/Illuminate/Database/Connection.php(813): Illuminate/Database/Connection->runQueryCallback('select * from \"...', Array, Object(Closure))
#3 D:/josej/Documents/Proyectos/ExamenDeGrado/C#/php/ugb/vendor/laravel/framework/src/Illuminate/Database/Connection.php(426): Illuminate/Database/Connection->run('select * from \"...', Array, Object(Closure))
#4 D:/josej/Documents/Proyectos/ExamenDeGrado/C#/php/ugb/vendor/laravel/framework/src/Illuminate/Database/Query/Builder.php(3573): Illuminate/Database/Connection->select('select * from \"...', Array, true, Array)
#5 D:/josej/Documents/Proyectos/ExamenDeGrado/C#/php/ugb/vendor/laravel/framework/src/Illuminate/Database/Query/Builder.php(3557): Illuminate/Database/Query/Builder->runSelect()
#6 D:/josej/Documents/Proyectos/ExamenDeGrado/C#/php/ugb/vendor/laravel/framework/src/Illuminate/Cache/DatabaseStore.php(142): Illuminate/Database/Query/Builder->get()
#7 D:/josej/Documents/Proyectos/ExamenDeGrado/C#/php/ugb/vendor/laravel/framework/src/Illuminate/Cache/Repository.php(167): Illuminate/Cache/DatabaseStore->many(Array)
#8 D:/josej/Documents/Proyectos/ExamenDeGrado/C#/php/ugb/vendor/laravel/framework/src/Illuminate/Queue/QueueManager.php(335): Illuminate/Cache/Repository->many(Array)
#9 D:/josej/Documents/Proyectos/ExamenDeGrado/C#/php/ugb/vendor/laravel/framework/src/Illuminate/Queue/Worker.php(489): Illuminate/Queue/QueueManager->getPausedQueues('database', Array)
#10 D:/josej/Documents/Proyectos/ExamenDeGrado/C#/php/ugb/vendor/laravel/framework/src/Illuminate/Queue/Worker.php(450): Illuminate/Queue/Worker->getPausedQueues('database', Array)
#11 D:/josej/Documents/Proyectos/ExamenDeGrado/C#/php/ugb/vendor/laravel/framework/src/Illuminate/Queue/Worker.php(410): Illuminate/Queue/Worker->getNextJob(Object(Illuminate/Queue/DatabaseQueue), 'default')
#12 D:/josej/Documents/Proyectos/ExamenDeGrado/C#/php/ugb/vendor/laravel/framework/src/Illuminate/Queue/Console/WorkCommand.php(149): Illuminate/Queue/Worker->runNextJob('database', 'default', Object(Illuminate/Queue/WorkerOptions))
#13 D:/josej/Documents/Proyectos/ExamenDeGrado/C#/php/ugb/vendor/laravel/framework/src/Illuminate/Queue/Console/WorkCommand.php(132): Illuminate/Queue/Console/WorkCommand->runWorker('database', 'default')
#14 D:/josej/Documents/Proyectos/ExamenDeGrado/C#/php/ugb/vendor/laravel/framework/src/Illuminate/Container/BoundMethod.php(36): Illuminate/Queue/Console/WorkCommand->handle()
#15 D:/josej/Documents/Proyectos/ExamenDeGrado/C#/php/ugb/vendor/laravel/framework/src/Illuminate/Container/Util.php(43): Illuminate/Container/BoundMethod::{closure:Illuminate/Container/BoundMethod::call():35}()
#16 D:/josej/Documents/Proyectos/ExamenDeGrado/C#/php/ugb/vendor/laravel/framework/src/Illuminate/Container/BoundMethod.php(96): Illuminate/Container/Util::unwrapIfClosure(Object(Closure))
#17 D:/josej/Documents/Proyectos/ExamenDeGrado/C#/php/ugb/vendor/laravel/framework/src/Illuminate/Container/BoundMethod.php(35): Illuminate/Container/BoundMethod::callBoundMethod(Object(Illuminate/Foundation/Application), Array, Object(Closure))
#18 D:/josej/Documents/Proyectos/ExamenDeGrado/C#/php/ugb/vendor/laravel/framework/src/Illuminate/Container/Container.php(801): Illuminate/Container/BoundMethod::call(Object(Illuminate/Foundation/Application), Array, Array, NULL)
#19 D:/josej/Documents/Proyectos/ExamenDeGrado/C#/php/ugb/vendor/laravel/framework/src/Illuminate/Console/Command.php(292): Illuminate/Container/Container->call(Array)
#20 D:/josej/Documents/Proyectos/ExamenDeGrado/C#/php/ugb/vendor/symfony/console/Command/Command.php(284): Illuminate/Console/Command->execute(Object(Symfony/Component/Console/Input/ArgvInput), Object(Illuminate/Console/OutputStyle))
#21 D:/josej/Documents/Proyectos/ExamenDeGrado/C#/php/ugb/vendor/laravel/framework/src/Illuminate/Console/Command.php(261): Symfony/Component/Console/Command/Command->run(Object(Symfony/Component/Console/Input/ArgvInput), Object(Illuminate/Console/OutputStyle))
#22 D:/josej/Documents/Proyectos/ExamenDeGrado/C#/php/ugb/vendor/symfony/console/Application.php(1144): Illuminate/Console/Command->run(Object(Symfony/Component/Console/Input/ArgvInput), Object(Symfony/Component/Console/Output/ConsoleOutput))
#23 D:/josej/Documents/Proyectos/ExamenDeGrado/C#/php/ugb/vendor/symfony/console/Application.php(379): Symfony/Component/Console/Application->doRunCommand(Object(Illuminate/Queue/Console/WorkCommand), Object(Symfony/Component/Console/Input/ArgvInput), Object(Symfony/Component/Console/Output/ConsoleOutput))
#24 D:/josej/Documents/Proyectos/ExamenDeGrado/C#/php/ugb/vendor/symfony/console/Application.php(218): Symfony/Component/Console/Application->doRun(Object(Symfony/Component/Console/Input/ArgvInput), Object(Symfony/Component/Console/Output/ConsoleOutput))
#25 D:/josej/Documents/Proyectos/ExamenDeGrado/C#/php/ugb/vendor/laravel/framework/src/Illuminate/Foundation/Console/Kernel.php(198): Symfony/Component/Console/Application->run(Object(Symfony/Component/Console/Input/ArgvInput), Object(Symfony/Component/Console/Output/ConsoleOutput))
#26 D:/josej/Documents/Proyectos/ExamenDeGrado/C#/php/ugb/vendor/laravel/framework/src/Illuminate/Foundation/Application.php(1242): Illuminate/Foundation/Console/Kernel->handle(Object(Symfony/Component/Console/Input/ArgvInput), Object(Symfony/Component/Console/Output/ConsoleOutput))
#27 D:/josej/Documents/Proyectos/ExamenDeGrado/C#/php/ugb/artisan(16): Illuminate/Foundation/Application->handleCommand(Object(Symfony/Component/Console/Input/ArgvInput))
#28 {main}
"} 
[2026-08-17 01:45:19] local.ERROR: SQLSTATE[HY000]: General error: 1 no such table: cache (Connection: sqlite, Database: D:\josej\Documents\Proyectos\ExamenDeGrado\C#\php\ugb\database\database.sqlite, SQL: select * from "cache" where "key" in (laravel-cache-illuminate:queues:paused, laravel-cache-illuminate:queue:paused:database:default)) {"exception":"[object] (Illuminate\\Database\\QueryException(code: HY000): SQLSTATE[HY000]: General error: 1 no such table: cache (Connection: sqlite, Database: D:\\josej\\Documents\\Proyectos\\ExamenDeGrado\\C#\\php\\ugb\\database\\database.sqlite, SQL: select * from \"cache\" where \"key\" in (laravel-cache-illuminate:queues:paused, laravel-cache-illuminate:queue:paused:database:default)) at D:/josej/Documents/Proyectos/ExamenDeGrado/C#/php/ugb/vendor/laravel/framework/src/Illuminate/Database/Connection.php:857)
[stacktrace]
#0 D:/josej/Documents/Proyectos/ExamenDeGrado/C#/php/ugb/vendor/laravel/framework/src/Illuminate/Database/Connection.php(813): Illuminate/Database/Connection->runQueryCallback('select * from \"...', Array, Object(Closure))
#1 D:/josej/Documents/Proyectos/ExamenDeGrado/C#/php/ugb/vendor/laravel/framework/src/Illuminate/Database/Connection.php(426): Illuminate/Database/Connection->run('select * from \"...', Array, Object(Closure))
#2 D:/josej/Documents/Proyectos/ExamenDeGrado/C#/php/ugb/vendor/laravel/framework/src/Illuminate/Database/Query/Builder.php(3573): Illuminate/Database/Connection->select('select * from \"...', Array, true, Array)
#3 D:/josej/Documents/Proyectos/ExamenDeGrado/C#/php/ugb/vendor/laravel/framework/src/Illuminate/Database/Query/Builder.php(3557): Illuminate/Database/Query/Builder->runSelect()
#4 D:/josej/Documents/Proyectos/ExamenDeGrado/C#/php/ugb/vendor/laravel/framework/src/Illuminate/Cache/DatabaseStore.php(142): Illuminate/Database/Query/Builder->get()
#5 D:/josej/Documents/Proyectos/ExamenDeGrado/C#/php/ugb/vendor/laravel/framework/src/Illuminate/Cache/Repository.php(167): Illuminate/Cache/DatabaseStore->many(Array)
#6 D:/josej/Documents/Proyectos/ExamenDeGrado/C#/php/ugb/vendor/laravel/framework/src/Illuminate/Queue/QueueManager.php(335): Illuminate/Cache/Repository->many(Array)
#7 D:/josej/Documents/Proyectos/ExamenDeGrado/C#/php/ugb/vendor/laravel/framework/src/Illuminate/Queue/Worker.php(489): Illuminate/Queue/QueueManager->getPausedQueues('database', Array)
#8 D:/josej/Documents/Proyectos/ExamenDeGrado/C#/php/ugb/vendor/laravel/framework/src/Illuminate/Queue/Worker.php(450): Illuminate/Queue/Worker->getPausedQueues('database', Array)
#9 D:/josej/Documents/Proyectos/ExamenDeGrado/C#/php/ugb/vendor/laravel/framework/src/Illuminate/Queue/Worker.php(410): Illuminate/Queue/Worker->getNextJob(Object(Illuminate/Queue/DatabaseQueue), 'default')
#10 D:/josej/Documents/Proyectos/ExamenDeGrado/C#/php/ugb/vendor/laravel/framework/src/Illuminate/Queue/Console/WorkCommand.php(149): Illuminate/Queue/Worker->runNextJob('database', 'default', Object(Illuminate/Queue/WorkerOptions))
#11 D:/josej/Documents/Proyectos/ExamenDeGrado/C#/php/ugb/vendor/laravel/framework/src/Illuminate/Queue/Console/WorkCommand.php(132): Illuminate/Queue/Console/WorkCommand->runWorker('database', 'default')
#12 D:/josej/Documents/Proyectos/ExamenDeGrado/C#/php/ugb/vendor/laravel/framework/src/Illuminate/Container/BoundMethod.php(36): Illuminate/Queue/Console/WorkCommand->handle()
#13 D:/josej/Documents/Proyectos/ExamenDeGrado/C#/php/ugb/vendor/laravel/framework/src/Illuminate/Container/Util.php(43): Illuminate/Container/BoundMethod::{closure:Illuminate/Container/BoundMethod::call():35}()
#14 D:/josej/Documents/Proyectos/ExamenDeGrado/C#/php/ugb/vendor/laravel/framework/src/Illuminate/Container/BoundMethod.php(96): Illuminate/Container/Util::unwrapIfClosure(Object(Closure))
#15 D:/josej/Documents/Proyectos/ExamenDeGrado/C#/php/ugb/vendor/laravel/framework/src/Illuminate/Container/BoundMethod.php(35): Illuminate/Container/BoundMethod::callBoundMethod(Object(Illuminate/Foundation/Application), Array, Object(Closure))
#16 D:/josej/Documents/Proyectos/ExamenDeGrado/C#/php/ugb/vendor/laravel/framework/src/Illuminate/Container/Container.php(801): Illuminate/Container/BoundMethod::call(Object(Illuminate/Foundation/Application), Array, Array, NULL)
#17 D:/josej/Documents/Proyectos/ExamenDeGrado/C#/php/ugb/vendor/laravel/framework/src/Illuminate/Console/Command.php(292): Illuminate/Container/Container->call(Array)
#18 D:/josej/Documents/Proyectos/ExamenDeGrado/C#/php/ugb/vendor/symfony/console/Command/Command.php(284): Illuminate/Console/Command->execute(Object(Symfony/Component/Console/Input/ArgvInput), Object(Illuminate/Console/OutputStyle))
#19 D:/josej/Documents/Proyectos/ExamenDeGrado/C#/php/ugb/vendor/laravel/framework/src/Illuminate/Console/Command.php(261): Symfony/Component/Console/Command/Command->run(Object(Symfony/Component/Console/Input/ArgvInput), Object(Illuminate/Console/OutputStyle))
#20 D:/josej/Documents/Proyectos/ExamenDeGrado/C#/php/ugb/vendor/symfony/console/Application.php(1144): Illuminate/Console/Command->run(Object(Symfony/Component/Console/Input/ArgvInput), Object(Symfony/Component/Console/Output/ConsoleOutput))
#21 D:/josej/Documents/Proyectos/ExamenDeGrado/C#/php/ugb/vendor/symfony/console/Application.php(379): Symfony/Component/Console/Application->doRunCommand(Object(Illuminate/Queue/Console/WorkCommand), Object(Symfony/Component/Console/Input/ArgvInput), Object(Symfony/Component/Console/Output/ConsoleOutput))
#22 D:/josej/Documents/Proyectos/ExamenDeGrado/C#/php/ugb/vendor/symfony/console/Application.php(218): Symfony/Component/Console/Application->doRun(Object(Symfony/Component/Console/Input/ArgvInput), Object(Symfony/Component/Console/Output/ConsoleOutput))
#23 D:/josej/Documents/Proyectos/ExamenDeGrado/C#/php/ugb/vendor/laravel/framework/src/Illuminate/Foundation/Console/Kernel.php(198): Symfony/Component/Console/Application->run(Object(Symfony/Component/Console/Input/ArgvInput), Object(Symfony/Component/Console/Output/ConsoleOutput))
#24 D:/josej/Documents/Proyectos/ExamenDeGrado/C#/php/ugb/vendor/laravel/framework/src/Illuminate/Foundation/Application.php(1242): Illuminate/Foundation/Console/Kernel->handle(Object(Symfony/Component/Console/Input/ArgvInput), Object(Symfony/Component/Console/Output/ConsoleOutput))
#25 D:/josej/Documents/Proyectos/ExamenDeGrado/C#/php/ugb/artisan(16): Illuminate/Foundation/Application->handleCommand(Object(Symfony/Component/Console/Input/ArgvInput))
#26 {main}

[previous exception] [object] (PDOException(code: HY000): SQLSTATE[HY000]: General error: 1 no such table: cache at D:/josej/Documents/Proyectos/ExamenDeGrado/C#/php/ugb/vendor/laravel/framework/src/Illuminate/Database/Connection.php:435)
[stacktrace]
#0 D:/josej/Documents/Proyectos/ExamenDeGrado/C#/php/ugb/vendor/laravel/framework/src/Illuminate/Database/Connection.php(435): PDO->prepare('select * from \"...')
#1 D:/josej/Documents/Proyectos/ExamenDeGrado/C#/php/ugb/vendor/laravel/framework/src/Illuminate/Database/Connection.php(846): Illuminate/Database/Connection->{closure:Illuminate/Database/Connection::select():426}('select * from \"...', Array)
#2 D:/josej/Documents/Proyectos/ExamenDeGrado/C#/php/ugb/vendor/laravel/framework/src/Illuminate/Database/Connection.php(813): Illuminate/Database/Connection->runQueryCallback('select * from \"...', Array, Object(Closure))
#3 D:/josej/Documents/Proyectos/ExamenDeGrado/C#/php/ugb/vendor/laravel/framework/src/Illuminate/Database/Connection.php(426): Illuminate/Database/Connection->run('select * from \"...', Array, Object(Closure))
#4 D:/josej/Documents/Proyectos/ExamenDeGrado/C#/php/ugb/vendor/laravel/framework/src/Illuminate/Database/Query/Builder.php(3573): Illuminate/Database/Connection->select('select * from \"...', Array, true, Array)
#5 D:/josej/Documents/Proyectos/ExamenDeGrado/C#/php/ugb/vendor/laravel/framework/src/Illuminate/Database/Query/Builder.php(3557): Illuminate/Database/Query/Builder->runSelect()
#6 D:/josej/Documents/Proyectos/ExamenDeGrado/C#/php/ugb/vendor/laravel/framework/src/Illuminate/Cache/DatabaseStore.php(142): Illuminate/Database/Query/Builder->get()
#7 D:/josej/Documents/Proyectos/ExamenDeGrado/C#/php/ugb/vendor/laravel/framework/src/Illuminate/Cache/Repository.php(167): Illuminate/Cache/DatabaseStore->many(Array)
#8 D:/josej/Documents/Proyectos/ExamenDeGrado/C#/php/ugb/vendor/laravel/framework/src/Illuminate/Queue/QueueManager.php(335): Illuminate/Cache/Repository->many(Array)
#9 D:/josej/Documents/Proyectos/ExamenDeGrado/C#/php/ugb/vendor/laravel/framework/src/Illuminate/Queue/Worker.php(489): Illuminate/Queue/QueueManager->getPausedQueues('database', Array)
#10 D:/josej/Documents/Proyectos/ExamenDeGrado/C#/php/ugb/vendor/laravel/framework/src/Illuminate/Queue/Worker.php(450): Illuminate/Queue/Worker->getPausedQueues('database', Array)
#11 D:/josej/Documents/Proyectos/ExamenDeGrado/C#/php/ugb/vendor/laravel/framework/src/Illuminate/Queue/Worker.php(410): Illuminate/Queue/Worker->getNextJob(Object(Illuminate/Queue/DatabaseQueue), 'default')
#12 D:/josej/Documents/Proyectos/ExamenDeGrado/C#/php/ugb/vendor/laravel/framework/src/Illuminate/Queue/Console/WorkCommand.php(149): Illuminate/Queue/Worker->runNextJob('database', 'default', Object(Illuminate/Queue/WorkerOptions))
#13 D:/josej/Documents/Proyectos/ExamenDeGrado/C#/php/ugb/vendor/laravel/framework/src/Illuminate/Queue/Console/WorkCommand.php(132): Illuminate/Queue/Console/WorkCommand->runWorker('database', 'default')
#14 D:/josej/Documents/Proyectos/ExamenDeGrado/C#/php/ugb/vendor/laravel/framework/src/Illuminate/Container/BoundMethod.php(36): Illuminate/Queue/Console/WorkCommand->handle()
#15 D:/josej/Documents/Proyectos/ExamenDeGrado/C#/php/ugb/vendor/laravel/framework/src/Illuminate/Container/Util.php(43): Illuminate/Container/BoundMethod::{closure:Illuminate/Container/BoundMethod::call():35}()
#16 D:/josej/Documents/Proyectos/ExamenDeGrado/C#/php/ugb/vendor/laravel/framework/src/Illuminate/Container/BoundMethod.php(96): Illuminate/Container/Util::unwrapIfClosure(Object(Closure))
#17 D:/josej/Documents/Proyectos/ExamenDeGrado/C#/php/ugb/vendor/laravel/framework/src/Illuminate/Container/BoundMethod.php(35): Illuminate/Container/BoundMethod::callBoundMethod(Object(Illuminate/Foundation/Application), Array, Object(Closure))
#18 D:/josej/Documents/Proyectos/ExamenDeGrado/C#/php/ugb/vendor/laravel/framework/src/Illuminate/Container/Container.php(801): Illuminate/Container/BoundMethod::call(Object(Illuminate/Foundation/Application), Array, Array, NULL)
#19 D:/josej/Documents/Proyectos/ExamenDeGrado/C#/php/ugb/vendor/laravel/framework/src/Illuminate/Console/Command.php(292): Illuminate/Container/Container->call(Array)
#20 D:/josej/Documents/Proyectos/ExamenDeGrado/C#/php/ugb/vendor/symfony/console/Command/Command.php(284): Illuminate/Console/Command->execute(Object(Symfony/Component/Console/Input/ArgvInput), Object(Illuminate/Console/OutputStyle))
#21 D:/josej/Documents/Proyectos/ExamenDeGrado/C#/php/ugb/vendor/laravel/framework/src/Illuminate/Console/Command.php(261): Symfony/Component/Console/Command/Command->run(Object(Symfony/Component/Console/Input/ArgvInput), Object(Illuminate/Console/OutputStyle))
#22 D:/josej/Documents/Proyectos/ExamenDeGrado/C#/php/ugb/vendor/symfony/console/Application.php(1144): Illuminate/Console/Command->run(Object(Symfony/Component/Console/Input/ArgvInput), Object(Symfony/Component/Console/Output/ConsoleOutput))
#23 D:/josej/Documents/Proyectos/ExamenDeGrado/C#/php/ugb/vendor/symfony/console/Application.php(379): Symfony/Component/Console/Application->doRunCommand(Object(Illuminate/Queue/Console/WorkCommand), Object(Symfony/Component/Console/Input/ArgvInput), Object(Symfony/Component/Console/Output/ConsoleOutput))
#24 D:/josej/Documents/Proyectos/ExamenDeGrado/C#/php/ugb/vendor/symfony/console/Application.php(218): Symfony/Component/Console/Application->doRun(Object(Symfony/Component/Console/Input/ArgvInput), Object(Symfony/Component/Console/Output/ConsoleOutput))
#25 D:/josej/Documents/Proyectos/ExamenDeGrado/C#/php/ugb/vendor/laravel/framework/src/Illuminate/Foundation/Console/Kernel.php(198): Symfony/Component/Console/Application->run(Object(Symfony/Component/Console/Input/ArgvInput), Object(Symfony/Component/Console/Output/ConsoleOutput))
#26 D:/josej/Documents/Proyectos/ExamenDeGrado/C#/php/ugb/vendor/laravel/framework/src/Illuminate/Foundation/Application.php(1242): Illuminate/Foundation/Console/Kernel->handle(Object(Symfony/Component/Console/Input/ArgvInput), Object(Symfony/Component/Console/Output/ConsoleOutput))
#27 D:/josej/Documents/Proyectos/ExamenDeGrado/C#/php/ugb/artisan(16): Illuminate/Foundation/Application->handleCommand(Object(Symfony/Component/Console/Input/ArgvInput))
#28 {main}
"} 
[2026-08-17 01:45:23] local.ERROR: SQLSTATE[HY000]: General error: 1 no such table: cache (Connection: sqlite, Database: D:\josej\Documents\Proyectos\ExamenDeGrado\C#\php\ugb\database\database.sqlite, SQL: select * from "cache" where "key" in (laravel-cache-illuminate:queues:paused, laravel-cache-illuminate:queue:paused:database:default)) {"exception":"[object] (Illuminate\\Database\\QueryException(code: HY000): SQLSTATE[HY000]: General error: 1 no such table: cache (Connection: sqlite, Database: D:\\josej\\Documents\\Proyectos\\ExamenDeGrado\\C#\\php\\ugb\\database\\database.sqlite, SQL: select * from \"cache\" where \"key\" in (laravel-cache-illuminate:queues:paused, laravel-cache-illuminate:queue:paused:database:default)) at D:/josej/Documents/Proyectos/ExamenDeGrado/C#/php/ugb/vendor/laravel/framework/src/Illuminate/Database/Connection.php:857)
[stacktrace]
#0 D:/josej/Documents/Proyectos/ExamenDeGrado/C#/php/ugb/vendor/laravel/framework/src/Illuminate/Database/Connection.php(813): Illuminate/Database/Connection->runQueryCallback('select * from \"...', Array, Object(Closure))
#1 D:/josej/Documents/Proyectos/ExamenDeGrado/C#/php/ugb/vendor/laravel/framework/src/Illuminate/Database/Connection.php(426): Illuminate/Database/Connection->run('select * from \"...', Array, Object(Closure))
#2 D:/josej/Documents/Proyectos/ExamenDeGrado/C#/php/ugb/vendor/laravel/framework/src/Illuminate/Database/Query/Builder.php(3573): Illuminate/Database/Connection->select('select * from \"...', Array, true, Array)
#3 D:/josej/Documents/Proyectos/ExamenDeGrado/C#/php/ugb/vendor/laravel/framework/src/Illuminate/Database/Query/Builder.php(3557): Illuminate/Database/Query/Builder->runSelect()
#4 D:/josej/Documents/Proyectos/ExamenDeGrado/C#/php/ugb/vendor/laravel/framework/src/Illuminate/Cache/DatabaseStore.php(142): Illuminate/Database/Query/Builder->get()
#5 D:/josej/Documents/Proyectos/ExamenDeGrado/C#/php/ugb/vendor/laravel/framework/src/Illuminate/Cache/Repository.php(167): Illuminate/Cache/DatabaseStore->many(Array)
#6 D:/josej/Documents/Proyectos/ExamenDeGrado/C#/php/ugb/vendor/laravel/framework/src/Illuminate/Queue/QueueManager.php(335): Illuminate/Cache/Repository->many(Array)
#7 D:/josej/Documents/Proyectos/ExamenDeGrado/C#/php/ugb/vendor/laravel/framework/src/Illuminate/Queue/Worker.php(489): Illuminate/Queue/QueueManager->getPausedQueues('database', Array)
#8 D:/josej/Documents/Proyectos/ExamenDeGrado/C#/php/ugb/vendor/laravel/framework/src/Illuminate/Queue/Worker.php(450): Illuminate/Queue/Worker->getPausedQueues('database', Array)
#9 D:/josej/Documents/Proyectos/ExamenDeGrado/C#/php/ugb/vendor/laravel/framework/src/Illuminate/Queue/Worker.php(410): Illuminate/Queue/Worker->getNextJob(Object(Illuminate/Queue/DatabaseQueue), 'default')
#10 D:/josej/Documents/Proyectos/ExamenDeGrado/C#/php/ugb/vendor/laravel/framework/src/Illuminate/Queue/Console/WorkCommand.php(149): Illuminate/Queue/Worker->runNextJob('database', 'default', Object(Illuminate/Queue/WorkerOptions))
#11 D:/josej/Documents/Proyectos/ExamenDeGrado/C#/php/ugb/vendor/laravel/framework/src/Illuminate/Queue/Console/WorkCommand.php(132): Illuminate/Queue/Console/WorkCommand->runWorker('database', 'default')
#12 D:/josej/Documents/Proyectos/ExamenDeGrado/C#/php/ugb/vendor/laravel/framework/src/Illuminate/Container/BoundMethod.php(36): Illuminate/Queue/Console/WorkCommand->handle()
#13 D:/josej/Documents/Proyectos/ExamenDeGrado/C#/php/ugb/vendor/laravel/framework/src/Illuminate/Container/Util.php(43): Illuminate/Container/BoundMethod::{closure:Illuminate/Container/BoundMethod::call():35}()
#14 D:/josej/Documents/Proyectos/ExamenDeGrado/C#/php/ugb/vendor/laravel/framework/src/Illuminate/Container/BoundMethod.php(96): Illuminate/Container/Util::unwrapIfClosure(Object(Closure))
#15 D:/josej/Documents/Proyectos/ExamenDeGrado/C#/php/ugb/vendor/laravel/framework/src/Illuminate/Container/BoundMethod.php(35): Illuminate/Container/BoundMethod::callBoundMethod(Object(Illuminate/Foundation/Application), Array, Object(Closure))
#16 D:/josej/Documents/Proyectos/ExamenDeGrado/C#/php/ugb/vendor/laravel/framework/src/Illuminate/Container/Container.php(801): Illuminate/Container/BoundMethod::call(Object(Illuminate/Foundation/Application), Array, Array, NULL)
#17 D:/josej/Documents/Proyectos/ExamenDeGrado/C#/php/ugb/vendor/laravel/framework/src/Illuminate/Console/Command.php(292): Illuminate/Container/Container->call(Array)
#18 D:/josej/Documents/Proyectos/ExamenDeGrado/C#/php/ugb/vendor/symfony/console/Command/Command.php(284): Illuminate/Console/Command->execute(Object(Symfony/Component/Console/Input/ArgvInput), Object(Illuminate/Console/OutputStyle))
#19 D:/josej/Documents/Proyectos/ExamenDeGrado/C#/php/ugb/vendor/laravel/framework/src/Illuminate/Console/Command.php(261): Symfony/Component/Console/Command/Command->run(Object(Symfony/Component/Console/Input/ArgvInput), Object(Illuminate/Console/OutputStyle))
#20 D:/josej/Documents/Proyectos/ExamenDeGrado/C#/php/ugb/vendor/symfony/console/Application.php(1144): Illuminate/Console/Command->run(Object(Symfony/Component/Console/Input/ArgvInput), Object(Symfony/Component/Console/Output/ConsoleOutput))
#21 D:/josej/Documents/Proyectos/ExamenDeGrado/C#/php/ugb/vendor/symfony/console/Application.php(379): Symfony/Component/Console/Application->doRunCommand(Object(Illuminate/Queue/Console/WorkCommand), Object(Symfony/Component/Console/Input/ArgvInput), Object(Symfony/Component/Console/Output/ConsoleOutput))
#22 D:/josej/Documents/Proyectos/ExamenDeGrado/C#/php/ugb/vendor/symfony/console/Application.php(218): Symfony/Component/Console/Application->doRun(Object(Symfony/Component/Console/Input/ArgvInput), Object(Symfony/Component/Console/Output/ConsoleOutput))
#23 D:/josej/Documents/Proyectos/ExamenDeGrado/C#/php/ugb/vendor/laravel/framework/src/Illuminate/Foundation/Console/Kernel.php(198): Symfony/Component/Console/Application->run(Object(Symfony/Component/Console/Input/ArgvInput), Object(Symfony/Component/Console/Output/ConsoleOutput))
#24 D:/josej/Documents/Proyectos/ExamenDeGrado/C#/php/ugb/vendor/laravel/framework/src/Illuminate/Foundation/Application.php(1242): Illuminate/Foundation/Console/Kernel->handle(Object(Symfony/Component/Console/Input/ArgvInput), Object(Symfony/Component/Console/Output/ConsoleOutput))
#25 D:/josej/Documents/Proyectos/ExamenDeGrado/C#/php/ugb/artisan(16): Illuminate/Foundation/Application->handleCommand(Object(Symfony/Component/Console/Input/ArgvInput))
#26 {main}

[previous exception] [object] (PDOException(code: HY000): SQLSTATE[HY000]: General error: 1 no such table: cache at D:/josej/Documents/Proyectos/ExamenDeGrado/C#/php/ugb/vendor/laravel/framework/src/Illuminate/Database/Connection.php:435)
[stacktrace]
#0 D:/josej/Documents/Proyectos/ExamenDeGrado/C#/php/ugb/vendor/laravel/framework/src/Illuminate/Database/Connection.php(435): PDO->prepare('select * from \"...')
#1 D:/josej/Documents/Proyectos/ExamenDeGrado/C#/php/ugb/vendor/laravel/framework/src/Illuminate/Database/Connection.php(846): Illuminate/Database/Connection->{closure:Illuminate/Database/Connection::select():426}('select * from \"...', Array)
#2 D:/josej/Documents/Proyectos/ExamenDeGrado/C#/php/ugb/vendor/laravel/framework/src/Illuminate/Database/Connection.php(813): Illuminate/Database/Connection->runQueryCallback('select * from \"...', Array, Object(Closure))
#3 D:/josej/Documents/Proyectos/ExamenDeGrado/C#/php/ugb/vendor/laravel/framework/src/Illuminate/Database/Connection.php(426): Illuminate/Database/Connection->run('select * from \"...', Array, Object(Closure))
#4 D:/josej/Documents/Proyectos/ExamenDeGrado/C#/php/ugb/vendor/laravel/framework/src/Illuminate/Database/Query/Builder.php(3573): Illuminate/Database/Connection->select('select * from \"...', Array, true, Array)
#5 D:/josej/Documents/Proyectos/ExamenDeGrado/C#/php/ugb/vendor/laravel/framework/src/Illuminate/Database/Query/Builder.php(3557): Illuminate/Database/Query/Builder->runSelect()
#6 D:/josej/Documents/Proyectos/ExamenDeGrado/C#/php/ugb/vendor/laravel/framework/src/Illuminate/Cache/DatabaseStore.php(142): Illuminate/Database/Query/Builder->get()
#7 D:/josej/Documents/Proyectos/ExamenDeGrado/C#/php/ugb/vendor/laravel/framework/src/Illuminate/Cache/Repository.php(167): Illuminate/Cache/DatabaseStore->many(Array)
#8 D:/josej/Documents/Proyectos/ExamenDeGrado/C#/php/ugb/vendor/laravel/framework/src/Illuminate/Queue/QueueManager.php(335): Illuminate/Cache/Repository->many(Array)
#9 D:/josej/Documents/Proyectos/ExamenDeGrado/C#/php/ugb/vendor/laravel/framework/src/Illuminate/Queue/Worker.php(489): Illuminate/Queue/QueueManager->getPausedQueues('database', Array)
#10 D:/josej/Documents/Proyectos/ExamenDeGrado/C#/php/ugb/vendor/laravel/framework/src/Illuminate/Queue/Worker.php(450): Illuminate/Queue/Worker->getPausedQueues('database', Array)
#11 D:/josej/Documents/Proyectos/ExamenDeGrado/C#/php/ugb/vendor/laravel/framework/src/Illuminate/Queue/Worker.php(410): Illuminate/Queue/Worker->getNextJob(Object(Illuminate/Queue/DatabaseQueue), 'default')
#12 D:/josej/Documents/Proyectos/ExamenDeGrado/C#/php/ugb/vendor/laravel/framework/src/Illuminate/Queue/Console/WorkCommand.php(149): Illuminate/Queue/Worker->runNextJob('database', 'default', Object(Illuminate/Queue/WorkerOptions))
#13 D:/josej/Documents/Proyectos/ExamenDeGrado/C#/php/ugb/vendor/laravel/framework/src/Illuminate/Queue/Console/WorkCommand.php(132): Illuminate/Queue/Console/WorkCommand->runWorker('database', 'default')
#14 D:/josej/Documents/Proyectos/ExamenDeGrado/C#/php/ugb/vendor/laravel/framework/src/Illuminate/Container/BoundMethod.php(36): Illuminate/Queue/Console/WorkCommand->handle()
#15 D:/josej/Documents/Proyectos/ExamenDeGrado/C#/php/ugb/vendor/laravel/framework/src/Illuminate/Container/Util.php(43): Illuminate/Container/BoundMethod::{closure:Illuminate/Container/BoundMethod::call():35}()
#16 D:/josej/Documents/Proyectos/ExamenDeGrado/C#/php/ugb/vendor/laravel/framework/src/Illuminate/Container/BoundMethod.php(96): Illuminate/Container/Util::unwrapIfClosure(Object(Closure))
#17 D:/josej/Documents/Proyectos/ExamenDeGrado/C#/php/ugb/vendor/laravel/framework/src/Illuminate/Container/BoundMethod.php(35): Illuminate/Container/BoundMethod::callBoundMethod(Object(Illuminate/Foundation/Application), Array, Object(Closure))
#18 D:/josej/Documents/Proyectos/ExamenDeGrado/C#/php/ugb/vendor/laravel/framework/src/Illuminate/Container/Container.php(801): Illuminate/Container/BoundMethod::call(Object(Illuminate/Foundation/Application), Array, Array, NULL)
#19 D:/josej/Documents/Proyectos/ExamenDeGrado/C#/php/ugb/vendor/laravel/framework/src/Illuminate/Console/Command.php(292): Illuminate/Container/Container->call(Array)
#20 D:/josej/Documents/Proyectos/ExamenDeGrado/C#/php/ugb/vendor/symfony/console/Command/Command.php(284): Illuminate/Console/Command->execute(Object(Symfony/Component/Console/Input/ArgvInput), Object(Illuminate/Console/OutputStyle))
#21 D:/josej/Documents/Proyectos/ExamenDeGrado/C#/php/ugb/vendor/laravel/framework/src/Illuminate/Console/Command.php(261): Symfony/Component/Console/Command/Command->run(Object(Symfony/Component/Console/Input/ArgvInput), Object(Illuminate/Console/OutputStyle))
#22 D:/josej/Documents/Proyectos/ExamenDeGrado/C#/php/ugb/vendor/symfony/console/Application.php(1144): Illuminate/Console/Command->run(Object(Symfony/Component/Console/Input/ArgvInput), Object(Symfony/Component/Console/Output/ConsoleOutput))
#23 D:/josej/Documents/Proyectos/ExamenDeGrado/C#/php/ugb/vendor/symfony/console/Application.php(379): Symfony/Component/Console/Application->doRunCommand(Object(Illuminate/Queue/Console/WorkCommand), Object(Symfony/Component/Console/Input/ArgvInput), Object(Symfony/Component/Console/Output/ConsoleOutput))
#24 D:/josej/Documents/Proyectos/ExamenDeGrado/C#/php/ugb/vendor/symfony/console/Application.php(218): Symfony/Component/Console/Application->doRun(Object(Symfony/Component/Console/Input/ArgvInput), Object(Symfony/Component/Console/Output/ConsoleOutput))
#25 D:/josej/Documents/Proyectos/ExamenDeGrado/C#/php/ugb/vendor/laravel/framework/src/Illuminate/Foundation/Console/Kernel.php(198): Symfony/Component/Console/Application->run(Object(Symfony/Component/Console/Input/ArgvInput), Object(Symfony/Component/Console/Output/ConsoleOutput))
#26 D:/josej/Documents/Proyectos/ExamenDeGrado/C#/php/ugb/vendor/laravel/framework/src/Illuminate/Foundation/Application.php(1242): Illuminate/Foundation/Console/Kernel->handle(Object(Symfony/Component/Console/Input/ArgvInput), Object(Symfony/Component/Console/Output/ConsoleOutput))
#27 D:/josej/Documents/Proyectos/ExamenDeGrado/C#/php/ugb/artisan(16): Illuminate/Foundation/Application->handleCommand(Object(Symfony/Component/Console/Input/ArgvInput))
#28 {main}
"} 
[2026-08-17 01:45:27] local.ERROR: SQLSTATE[HY000]: General error: 1 no such table: cache (Connection: sqlite, Database: D:\josej\Documents\Proyectos\ExamenDeGrado\C#\php\ugb\database\database.sqlite, SQL: select * from "cache" where "key" in (laravel-cache-illuminate:queues:paused, laravel-cache-illuminate:queue:paused:database:default)) {"exception":"[object] (Illuminate\\Database\\QueryException(code: HY000): SQLSTATE[HY000]: General error: 1 no such table: cache (Connection: sqlite, Database: D:\\josej\\Documents\\Proyectos\\ExamenDeGrado\\C#\\php\\ugb\\database\\database.sqlite, SQL: select * from \"cache\" where \"key\" in (laravel-cache-illuminate:queues:paused, laravel-cache-illuminate:queue:paused:database:default)) at D:/josej/Documents/Proyectos/ExamenDeGrado/C#/php/ugb/vendor/laravel/framework/src/Illuminate/Database/Connection.php:857)
[stacktrace]
#0 D:/josej/Documents/Proyectos/ExamenDeGrado/C#/php/ugb/vendor/laravel/framework/src/Illuminate/Database/Connection.php(813): Illuminate/Database/Connection->runQueryCallback('select * from \"...', Array, Object(Closure))
#1 D:/josej/Documents/Proyectos/ExamenDeGrado/C#/php/ugb/vendor/laravel/framework/src/Illuminate/Database/Connection.php(426): Illuminate/Database/Connection->run('select * from \"...', Array, Object(Closure))
#2 D:/josej/Documents/Proyectos/ExamenDeGrado/C#/php/ugb/vendor/laravel/framework/src/Illuminate/Database/Query/Builder.php(3573): Illuminate/Database/Connection->select('select * from \"...', Array, true, Array)
#3 D:/josej/Documents/Proyectos/ExamenDeGrado/C#/php/ugb/vendor/laravel/framework/src/Illuminate/Database/Query/Builder.php(3557): Illuminate/Database/Query/Builder->runSelect()
#4 D:/josej/Documents/Proyectos/ExamenDeGrado/C#/php/ugb/vendor/laravel/framework/src/Illuminate/Cache/DatabaseStore.php(142): Illuminate/Database/Query/Builder->get()
#5 D:/josej/Documents/Proyectos/ExamenDeGrado/C#/php/ugb/vendor/laravel/framework/src/Illuminate/Cache/Repository.php(167): Illuminate/Cache/DatabaseStore->many(Array)
#6 D:/josej/Documents/Proyectos/ExamenDeGrado/C#/php/ugb/vendor/laravel/framework/src/Illuminate/Queue/QueueManager.php(335): Illuminate/Cache/Repository->many(Array)
#7 D:/josej/Documents/Proyectos/ExamenDeGrado/C#/php/ugb/vendor/laravel/framework/src/Illuminate/Queue/Worker.php(489): Illuminate/Queue/QueueManager->getPausedQueues('database', Array)
#8 D:/josej/Documents/Proyectos/ExamenDeGrado/C#/php/ugb/vendor/laravel/framework/src/Illuminate/Queue/Worker.php(450): Illuminate/Queue/Worker->getPausedQueues('database', Array)
#9 D:/josej/Documents/Proyectos/ExamenDeGrado/C#/php/ugb/vendor/laravel/framework/src/Illuminate/Queue/Worker.php(410): Illuminate/Queue/Worker->getNextJob(Object(Illuminate/Queue/DatabaseQueue), 'default')
#10 D:/josej/Documents/Proyectos/ExamenDeGrado/C#/php/ugb/vendor/laravel/framework/src/Illuminate/Queue/Console/WorkCommand.php(149): Illuminate/Queue/Worker->runNextJob('database', 'default', Object(Illuminate/Queue/WorkerOptions))
#11 D:/josej/Documents/Proyectos/ExamenDeGrado/C#/php/ugb/vendor/laravel/framework/src/Illuminate/Queue/Console/WorkCommand.php(132): Illuminate/Queue/Console/WorkCommand->runWorker('database', 'default')
#12 D:/josej/Documents/Proyectos/ExamenDeGrado/C#/php/ugb/vendor/laravel/framework/src/Illuminate/Container/BoundMethod.php(36): Illuminate/Queue/Console/WorkCommand->handle()
#13 D:/josej/Documents/Proyectos/ExamenDeGrado/C#/php/ugb/vendor/laravel/framework/src/Illuminate/Container/Util.php(43): Illuminate/Container/BoundMethod::{closure:Illuminate/Container/BoundMethod::call():35}()
#14 D:/josej/Documents/Proyectos/ExamenDeGrado/C#/php/ugb/vendor/laravel/framework/src/Illuminate/Container/BoundMethod.php(96): Illuminate/Container/Util::unwrapIfClosure(Object(Closure))
#15 D:/josej/Documents/Proyectos/ExamenDeGrado/C#/php/ugb/vendor/laravel/framework/src/Illuminate/Container/BoundMethod.php(35): Illuminate/Container/BoundMethod::callBoundMethod(Object(Illuminate/Foundation/Application), Array, Object(Closure))
#16 D:/josej/Documents/Proyectos/ExamenDeGrado/C#/php/ugb/vendor/laravel/framework/src/Illuminate/Container/Container.php(801): Illuminate/Container/BoundMethod::call(Object(Illuminate/Foundation/Application), Array, Array, NULL)
#17 D:/josej/Documents/Proyectos/ExamenDeGrado/C#/php/ugb/vendor/laravel/framework/src/Illuminate/Console/Command.php(292): Illuminate/Container/Container->call(Array)
#18 D:/josej/Documents/Proyectos/ExamenDeGrado/C#/php/ugb/vendor/symfony/console/Command/Command.php(284): Illuminate/Console/Command->execute(Object(Symfony/Component/Console/Input/ArgvInput), Object(Illuminate/Console/OutputStyle))
#19 D:/josej/Documents/Proyectos/ExamenDeGrado/C#/php/ugb/vendor/laravel/framework/src/Illuminate/Console/Command.php(261): Symfony/Component/Console/Command/Command->run(Object(Symfony/Component/Console/Input/ArgvInput), Object(Illuminate/Console/OutputStyle))
#20 D:/josej/Documents/Proyectos/ExamenDeGrado/C#/php/ugb/vendor/symfony/console/Application.php(1144): Illuminate/Console/Command->run(Object(Symfony/Component/Console/Input/ArgvInput), Object(Symfony/Component/Console/Output/ConsoleOutput))
#21 D:/josej/Documents/Proyectos/ExamenDeGrado/C#/php/ugb/vendor/symfony/console/Application.php(379): Symfony/Component/Console/Application->doRunCommand(Object(Illuminate/Queue/Console/WorkCommand), Object(Symfony/Component/Console/Input/ArgvInput), Object(Symfony/Component/Console/Output/ConsoleOutput))
#22 D:/josej/Documents/Proyectos/ExamenDeGrado/C#/php/ugb/vendor/symfony/console/Application.php(218): Symfony/Component/Console/Application->doRun(Object(Symfony/Component/Console/Input/ArgvInput), Object(Symfony/Component/Console/Output/ConsoleOutput))
#23 D:/josej/Documents/Proyectos/ExamenDeGrado/C#/php/ugb/vendor/laravel/framework/src/Illuminate/Foundation/Console/Kernel.php(198): Symfony/Component/Console/Application->run(Object(Symfony/Component/Console/Input/ArgvInput), Object(Symfony/Component/Console/Output/ConsoleOutput))
#24 D:/josej/Documents/Proyectos/ExamenDeGrado/C#/php/ugb/vendor/laravel/framework/src/Illuminate/Foundation/Application.php(1242): Illuminate/Foundation/Console/Kernel->handle(Object(Symfony/Component/Console/Input/ArgvInput), Object(Symfony/Component/Console/Output/ConsoleOutput))
#25 D:/josej/Documents/Proyectos/ExamenDeGrado/C#/php/ugb/artisan(16): Illuminate/Foundation/Application->handleCommand(Object(Symfony/Component/Console/Input/ArgvInput))
#26 {main}

[previous exception] [object] (PDOException(code: HY000): SQLSTATE[HY000]: General error: 1 no such table: cache at D:/josej/Documents/Proyectos/ExamenDeGrado/C#/php/ugb/vendor/laravel/framework/src/Illuminate/Database/Connection.php:435)
[stacktrace]
#0 D:/josej/Documents/Proyectos/ExamenDeGrado/C#/php/ugb/vendor/laravel/framework/src/Illuminate/Database/Connection.php(435): PDO->prepare('select * from \"...')
#1 D:/josej/Documents/Proyectos/ExamenDeGrado/C#/php/ugb/vendor/laravel/framework/src/Illuminate/Database/Connection.php(846): Illuminate/Database/Connection->{closure:Illuminate/Database/Connection::select():426}('select * from \"...', Array)
#2 D:/josej/Documents/Proyectos/ExamenDeGrado/C#/php/ugb/vendor/laravel/framework/src/Illuminate/Database/Connection.php(813): Illuminate/Database/Connection->runQueryCallback('select * from \"...', Array, Object(Closure))
#3 D:/josej/Documents/Proyectos/ExamenDeGrado/C#/php/ugb/vendor/laravel/framework/src/Illuminate/Database/Connection.php(426): Illuminate/Database/Connection->run('select * from \"...', Array, Object(Closure))
#4 D:/josej/Documents/Proyectos/ExamenDeGrado/C#/php/ugb/vendor/laravel/framework/src/Illuminate/Database/Query/Builder.php(3573): Illuminate/Database/Connection->select('select * from \"...', Array, true, Array)
#5 D:/josej/Documents/Proyectos/ExamenDeGrado/C#/php/ugb/vendor/laravel/framework/src/Illuminate/Database/Query/Builder.php(3557): Illuminate/Database/Query/Builder->runSelect()
#6 D:/josej/Documents/Proyectos/ExamenDeGrado/C#/php/ugb/vendor/laravel/framework/src/Illuminate/Cache/DatabaseStore.php(142): Illuminate/Database/Query/Builder->get()
#7 D:/josej/Documents/Proyectos/ExamenDeGrado/C#/php/ugb/vendor/laravel/framework/src/Illuminate/Cache/Repository.php(167): Illuminate/Cache/DatabaseStore->many(Array)
#8 D:/josej/Documents/Proyectos/ExamenDeGrado/C#/php/ugb/vendor/laravel/framework/src/Illuminate/Queue/QueueManager.php(335): Illuminate/Cache/Repository->many(Array)
#9 D:/josej/Documents/Proyectos/ExamenDeGrado/C#/php/ugb/vendor/laravel/framework/src/Illuminate/Queue/Worker.php(489): Illuminate/Queue/QueueManager->getPausedQueues('database', Array)
#10 D:/josej/Documents/Proyectos/ExamenDeGrado/C#/php/ugb/vendor/laravel/framework/src/Illuminate/Queue/Worker.php(450): Illuminate/Queue/Worker->getPausedQueues('database', Array)
#11 D:/josej/Documents/Proyectos/ExamenDeGrado/C#/php/ugb/vendor/laravel/framework/src/Illuminate/Queue/Worker.php(410): Illuminate/Queue/Worker->getNextJob(Object(Illuminate/Queue/DatabaseQueue), 'default')
#12 D:/josej/Documents/Proyectos/ExamenDeGrado/C#/php/ugb/vendor/laravel/framework/src/Illuminate/Queue/Console/WorkCommand.php(149): Illuminate/Queue/Worker->runNextJob('database', 'default', Object(Illuminate/Queue/WorkerOptions))
#13 D:/josej/Documents/Proyectos/ExamenDeGrado/C#/php/ugb/vendor/laravel/framework/src/Illuminate/Queue/Console/WorkCommand.php(132): Illuminate/Queue/Console/WorkCommand->runWorker('database', 'default')
#14 D:/josej/Documents/Proyectos/ExamenDeGrado/C#/php/ugb/vendor/laravel/framework/src/Illuminate/Container/BoundMethod.php(36): Illuminate/Queue/Console/WorkCommand->handle()
#15 D:/josej/Documents/Proyectos/ExamenDeGrado/C#/php/ugb/vendor/laravel/framework/src/Illuminate/Container/Util.php(43): Illuminate/Container/BoundMethod::{closure:Illuminate/Container/BoundMethod::call():35}()
#16 D:/josej/Documents/Proyectos/ExamenDeGrado/C#/php/ugb/vendor/laravel/framework/src/Illuminate/Container/BoundMethod.php(96): Illuminate/Container/Util::unwrapIfClosure(Object(Closure))
#17 D:/josej/Documents/Proyectos/ExamenDeGrado/C#/php/ugb/vendor/laravel/framework/src/Illuminate/Container/BoundMethod.php(35): Illuminate/Container/BoundMethod::callBoundMethod(Object(Illuminate/Foundation/Application), Array, Object(Closure))
#18 D:/josej/Documents/Proyectos/ExamenDeGrado/C#/php/ugb/vendor/laravel/framework/src/Illuminate/Container/Container.php(801): Illuminate/Container/BoundMethod::call(Object(Illuminate/Foundation/Application), Array, Array, NULL)
#19 D:/josej/Documents/Proyectos/ExamenDeGrado/C#/php/ugb/vendor/laravel/framework/src/Illuminate/Console/Command.php(292): Illuminate/Container/Container->call(Array)
#20 D:/josej/Documents/Proyectos/ExamenDeGrado/C#/php/ugb/vendor/symfony/console/Command/Command.php(284): Illuminate/Console/Command->execute(Object(Symfony/Component/Console/Input/ArgvInput), Object(Illuminate/Console/OutputStyle))
#21 D:/josej/Documents/Proyectos/ExamenDeGrado/C#/php/ugb/vendor/laravel/framework/src/Illuminate/Console/Command.php(261): Symfony/Component/Console/Command/Command->run(Object(Symfony/Component/Console/Input/ArgvInput), Object(Illuminate/Console/OutputStyle))
#22 D:/josej/Documents/Proyectos/ExamenDeGrado/C#/php/ugb/vendor/symfony/console/Application.php(1144): Illuminate/Console/Command->run(Object(Symfony/Component/Console/Input/ArgvInput), Object(Symfony/Component/Console/Output/ConsoleOutput))
#23 D:/josej/Documents/Proyectos/ExamenDeGrado/C#/php/ugb/vendor/symfony/console/Application.php(379): Symfony/Component/Console/Application->doRunCommand(Object(Illuminate/Queue/Console/WorkCommand), Object(Symfony/Component/Console/Input/ArgvInput), Object(Symfony/Component/Console/Output/ConsoleOutput))
#24 D:/josej/Documents/Proyectos/ExamenDeGrado/C#/php/ugb/vendor/symfony/console/Application.php(218): Symfony/Component/Console/Application->doRun(Object(Symfony/Component/Console/Input/ArgvInput), Object(Symfony/Component/Console/Output/ConsoleOutput))
#25 D:/josej/Documents/Proyectos/ExamenDeGrado/C#/php/ugb/vendor/laravel/framework/src/Illuminate/Foundation/Console/Kernel.php(198): Symfony/Component/Console/Application->run(Object(Symfony/Component/Console/Input/ArgvInput), Object(Symfony/Component/Console/Output/ConsoleOutput))
#26 D:/josej/Documents/Proyectos/ExamenDeGrado/C#/php/ugb/vendor/laravel/framework/src/Illuminate/Foundation/Application.php(1242): Illuminate/Foundation/Console/Kernel->handle(Object(Symfony/Component/Console/Input/ArgvInput), Object(Symfony/Component/Console/Output/ConsoleOutput))
#27 D:/josej/Documents/Proyectos/ExamenDeGrado/C#/php/ugb/artisan(16): Illuminate/Foundation/Application->handleCommand(Object(Symfony/Component/Console/Input/ArgvInput))
#28 {main}
"} 
[2026-08-17 01:45:31] local.ERROR: SQLSTATE[HY000]: General error: 1 no such table: cache (Connection: sqlite, Database: D:\josej\Documents\Proyectos\ExamenDeGrado\C#\php\ugb\database\database.sqlite, SQL: select * from "cache" where "key" in (laravel-cache-illuminate:queues:paused, laravel-cache-illuminate:queue:paused:database:default)) {"exception":"[object] (Illuminate\\Database\\QueryException(code: HY000): SQLSTATE[HY000]: General error: 1 no such table: cache (Connection: sqlite, Database: D:\\josej\\Documents\\Proyectos\\ExamenDeGrado\\C#\\php\\ugb\\database\\database.sqlite, SQL: select * from \"cache\" where \"key\" in (laravel-cache-illuminate:queues:paused, laravel-cache-illuminate:queue:paused:database:default)) at D:/josej/Documents/Proyectos/ExamenDeGrado/C#/php/ugb/vendor/laravel/framework/src/Illuminate/Database/Connection.php:857)
[stacktrace]
#0 D:/josej/Documents/Proyectos/ExamenDeGrado/C#/php/ugb/vendor/laravel/framework/src/Illuminate/Database/Connection.php(813): Illuminate/Database/Connection->runQueryCallback('select * from \"...', Array, Object(Closure))
#1 D:/josej/Documents/Proyectos/ExamenDeGrado/C#/php/ugb/vendor/laravel/framework/src/Illuminate/Database/Connection.php(426): Illuminate/Database/Connection->run('select * from \"...', Array, Object(Closure))
#2 D:/josej/Documents/Proyectos/ExamenDeGrado/C#/php/ugb/vendor/laravel/framework/src/Illuminate/Database/Query/Builder.php(3573): Illuminate/Database/Connection->select('select * from \"...', Array, true, Array)
#3 D:/josej/Documents/Proyectos/ExamenDeGrado/C#/php/ugb/vendor/laravel/framework/src/Illuminate/Database/Query/Builder.php(3557): Illuminate/Database/Query/Builder->runSelect()
#4 D:/josej/Documents/Proyectos/ExamenDeGrado/C#/php/ugb/vendor/laravel/framework/src/Illuminate/Cache/DatabaseStore.php(142): Illuminate/Database/Query/Builder->get()
#5 D:/josej/Documents/Proyectos/ExamenDeGrado/C#/php/ugb/vendor/laravel/framework/src/Illuminate/Cache/Repository.php(167): Illuminate/Cache/DatabaseStore->many(Array)
#6 D:/josej/Documents/Proyectos/ExamenDeGrado/C#/php/ugb/vendor/laravel/framework/src/Illuminate/Queue/QueueManager.php(335): Illuminate/Cache/Repository->many(Array)
#7 D:/josej/Documents/Proyectos/ExamenDeGrado/C#/php/ugb/vendor/laravel/framework/src/Illuminate/Queue/Worker.php(489): Illuminate/Queue/QueueManager->getPausedQueues('database', Array)
#8 D:/josej/Documents/Proyectos/ExamenDeGrado/C#/php/ugb/vendor/laravel/framework/src/Illuminate/Queue/Worker.php(450): Illuminate/Queue/Worker->getPausedQueues('database', Array)
#9 D:/josej/Documents/Proyectos/ExamenDeGrado/C#/php/ugb/vendor/laravel/framework/src/Illuminate/Queue/Worker.php(410): Illuminate/Queue/Worker->getNextJob(Object(Illuminate/Queue/DatabaseQueue), 'default')
#10 D:/josej/Documents/Proyectos/ExamenDeGrado/C#/php/ugb/vendor/laravel/framework/src/Illuminate/Queue/Console/WorkCommand.php(149): Illuminate/Queue/Worker->runNextJob('database', 'default', Object(Illuminate/Queue/WorkerOptions))
#11 D:/josej/Documents/Proyectos/ExamenDeGrado/C#/php/ugb/vendor/laravel/framework/src/Illuminate/Queue/Console/WorkCommand.php(132): Illuminate/Queue/Console/WorkCommand->runWorker('database', 'default')
#12 D:/josej/Documents/Proyectos/ExamenDeGrado/C#/php/ugb/vendor/laravel/framework/src/Illuminate/Container/BoundMethod.php(36): Illuminate/Queue/Console/WorkCommand->handle()
#13 D:/josej/Documents/Proyectos/ExamenDeGrado/C#/php/ugb/vendor/laravel/framework/src/Illuminate/Container/Util.php(43): Illuminate/Container/BoundMethod::{closure:Illuminate/Container/BoundMethod::call():35}()
#14 D:/josej/Documents/Proyectos/ExamenDeGrado/C#/php/ugb/vendor/laravel/framework/src/Illuminate/Container/BoundMethod.php(96): Illuminate/Container/Util::unwrapIfClosure(Object(Closure))
#15 D:/josej/Documents/Proyectos/ExamenDeGrado/C#/php/ugb/vendor/laravel/framework/src/Illuminate/Container/BoundMethod.php(35): Illuminate/Container/BoundMethod::callBoundMethod(Object(Illuminate/Foundation/Application), Array, Object(Closure))
#16 D:/josej/Documents/Proyectos/ExamenDeGrado/C#/php/ugb/vendor/laravel/framework/src/Illuminate/Container/Container.php(801): Illuminate/Container/BoundMethod::call(Object(Illuminate/Foundation/Application), Array, Array, NULL)
#17 D:/josej/Documents/Proyectos/ExamenDeGrado/C#/php/ugb/vendor/laravel/framework/src/Illuminate/Console/Command.php(292): Illuminate/Container/Container->call(Array)
#18 D:/josej/Documents/Proyectos/ExamenDeGrado/C#/php/ugb/vendor/symfony/console/Command/Command.php(284): Illuminate/Console/Command->execute(Object(Symfony/Component/Console/Input/ArgvInput), Object(Illuminate/Console/OutputStyle))
#19 D:/josej/Documents/Proyectos/ExamenDeGrado/C#/php/ugb/vendor/laravel/framework/src/Illuminate/Console/Command.php(261): Symfony/Component/Console/Command/Command->run(Object(Symfony/Component/Console/Input/ArgvInput), Object(Illuminate/Console/OutputStyle))
#20 D:/josej/Documents/Proyectos/ExamenDeGrado/C#/php/ugb/vendor/symfony/console/Application.php(1144): Illuminate/Console/Command->run(Object(Symfony/Component/Console/Input/ArgvInput), Object(Symfony/Component/Console/Output/ConsoleOutput))
#21 D:/josej/Documents/Proyectos/ExamenDeGrado/C#/php/ugb/vendor/symfony/console/Application.php(379): Symfony/Component/Console/Application->doRunCommand(Object(Illuminate/Queue/Console/WorkCommand), Object(Symfony/Component/Console/Input/ArgvInput), Object(Symfony/Component/Console/Output/ConsoleOutput))
#22 D:/josej/Documents/Proyectos/ExamenDeGrado/C#/php/ugb/vendor/symfony/console/Application.php(218): Symfony/Component/Console/Application->doRun(Object(Symfony/Component/Console/Input/ArgvInput), Object(Symfony/Component/Console/Output/ConsoleOutput))
#23 D:/josej/Documents/Proyectos/ExamenDeGrado/C#/php/ugb/vendor/laravel/framework/src/Illuminate/Foundation/Console/Kernel.php(198): Symfony/Component/Console/Application->run(Object(Symfony/Component/Console/Input/ArgvInput), Object(Symfony/Component/Console/Output/ConsoleOutput))
#24 D:/josej/Documents/Proyectos/ExamenDeGrado/C#/php/ugb/vendor/laravel/framework/src/Illuminate/Foundation/Application.php(1242): Illuminate/Foundation/Console/Kernel->handle(Object(Symfony/Component/Console/Input/ArgvInput), Object(Symfony/Component/Console/Output/ConsoleOutput))
#25 D:/josej/Documents/Proyectos/ExamenDeGrado/C#/php/ugb/artisan(16): Illuminate/Foundation/Application->handleCommand(Object(Symfony/Component/Console/Input/ArgvInput))
#26 {main}

[previous exception] [object] (PDOException(code: HY000): SQLSTATE[HY000]: General error: 1 no such table: cache at D:/josej/Documents/Proyectos/ExamenDeGrado/C#/php/ugb/vendor/laravel/framework/src/Illuminate/Database/Connection.php:435)
[stacktrace]
#0 D:/josej/Documents/Proyectos/ExamenDeGrado/C#/php/ugb/vendor/laravel/framework/src/Illuminate/Database/Connection.php(435): PDO->prepare('select * from \"...')
#1 D:/josej/Documents/Proyectos/ExamenDeGrado/C#/php/ugb/vendor/laravel/framework/src/Illuminate/Database/Connection.php(846): Illuminate/Database/Connection->{closure:Illuminate/Database/Connection::select():426}('select * from \"...', Array)
#2 D:/josej/Documents/Proyectos/ExamenDeGrado/C#/php/ugb/vendor/laravel/framework/src/Illuminate/Database/Connection.php(813): Illuminate/Database/Connection->runQueryCallback('select * from \"...', Array, Object(Closure))
#3 D:/josej/Documents/Proyectos/ExamenDeGrado/C#/php/ugb/vendor/laravel/framework/src/Illuminate/Database/Connection.php(426): Illuminate/Database/Connection->run('select * from \"...', Array, Object(Closure))
#4 D:/josej/Documents/Proyectos/ExamenDeGrado/C#/php/ugb/vendor/laravel/framework/src/Illuminate/Database/Query/Builder.php(3573): Illuminate/Database/Connection->select('select * from \"...', Array, true, Array)
#5 D:/josej/Documents/Proyectos/ExamenDeGrado/C#/php/ugb/vendor/laravel/framework/src/Illuminate/Database/Query/Builder.php(3557): Illuminate/Database/Query/Builder->runSelect()
#6 D:/josej/Documents/Proyectos/ExamenDeGrado/C#/php/ugb/vendor/laravel/framework/src/Illuminate/Cache/DatabaseStore.php(142): Illuminate/Database/Query/Builder->get()
#7 D:/josej/Documents/Proyectos/ExamenDeGrado/C#/php/ugb/vendor/laravel/framework/src/Illuminate/Cache/Repository.php(167): Illuminate/Cache/DatabaseStore->many(Array)
#8 D:/josej/Documents/Proyectos/ExamenDeGrado/C#/php/ugb/vendor/laravel/framework/src/Illuminate/Queue/QueueManager.php(335): Illuminate/Cache/Repository->many(Array)
#9 D:/josej/Documents/Proyectos/ExamenDeGrado/C#/php/ugb/vendor/laravel/framework/src/Illuminate/Queue/Worker.php(489): Illuminate/Queue/QueueManager->getPausedQueues('database', Array)
#10 D:/josej/Documents/Proyectos/ExamenDeGrado/C#/php/ugb/vendor/laravel/framework/src/Illuminate/Queue/Worker.php(450): Illuminate/Queue/Worker->getPausedQueues('database', Array)
#11 D:/josej/Documents/Proyectos/ExamenDeGrado/C#/php/ugb/vendor/laravel/framework/src/Illuminate/Queue/Worker.php(410): Illuminate/Queue/Worker->getNextJob(Object(Illuminate/Queue/DatabaseQueue), 'default')
#12 D:/josej/Documents/Proyectos/ExamenDeGrado/C#/php/ugb/vendor/laravel/framework/src/Illuminate/Queue/Console/WorkCommand.php(149): Illuminate/Queue/Worker->runNextJob('database', 'default', Object(Illuminate/Queue/WorkerOptions))
#13 D:/josej/Documents/Proyectos/ExamenDeGrado/C#/php/ugb/vendor/laravel/framework/src/Illuminate/Queue/Console/WorkCommand.php(132): Illuminate/Queue/Console/WorkCommand->runWorker('database', 'default')
#14 D:/josej/Documents/Proyectos/ExamenDeGrado/C#/php/ugb/vendor/laravel/framework/src/Illuminate/Container/BoundMethod.php(36): Illuminate/Queue/Console/WorkCommand->handle()
#15 D:/josej/Documents/Proyectos/ExamenDeGrado/C#/php/ugb/vendor/laravel/framework/src/Illuminate/Container/Util.php(43): Illuminate/Container/BoundMethod::{closure:Illuminate/Container/BoundMethod::call():35}()
#16 D:/josej/Documents/Proyectos/ExamenDeGrado/C#/php/ugb/vendor/laravel/framework/src/Illuminate/Container/BoundMethod.php(96): Illuminate/Container/Util::unwrapIfClosure(Object(Closure))
#17 D:/josej/Documents/Proyectos/ExamenDeGrado/C#/php/ugb/vendor/laravel/framework/src/Illuminate/Container/BoundMethod.php(35): Illuminate/Container/BoundMethod::callBoundMethod(Object(Illuminate/Foundation/Application), Array, Object(Closure))
#18 D:/josej/Documents/Proyectos/ExamenDeGrado/C#/php/ugb/vendor/laravel/framework/src/Illuminate/Container/Container.php(801): Illuminate/Container/BoundMethod::call(Object(Illuminate/Foundation/Application), Array, Array, NULL)
#19 D:/josej/Documents/Proyectos/ExamenDeGrado/C#/php/ugb/vendor/laravel/framework/src/Illuminate/Console/Command.php(292): Illuminate/Container/Container->call(Array)
#20 D:/josej/Documents/Proyectos/ExamenDeGrado/C#/php/ugb/vendor/symfony/console/Command/Command.php(284): Illuminate/Console/Command->execute(Object(Symfony/Component/Console/Input/ArgvInput), Object(Illuminate/Console/OutputStyle))
#21 D:/josej/Documents/Proyectos/ExamenDeGrado/C#/php/ugb/vendor/laravel/framework/src/Illuminate/Console/Command.php(261): Symfony/Component/Console/Command/Command->run(Object(Symfony/Component/Console/Input/ArgvInput), Object(Illuminate/Console/OutputStyle))
#22 D:/josej/Documents/Proyectos/ExamenDeGrado/C#/php/ugb/vendor/symfony/console/Application.php(1144): Illuminate/Console/Command->run(Object(Symfony/Component/Console/Input/ArgvInput), Object(Symfony/Component/Console/Output/ConsoleOutput))
#23 D:/josej/Documents/Proyectos/ExamenDeGrado/C#/php/ugb/vendor/symfony/console/Application.php(379): Symfony/Component/Console/Application->doRunCommand(Object(Illuminate/Queue/Console/WorkCommand), Object(Symfony/Component/Console/Input/ArgvInput), Object(Symfony/Component/Console/Output/ConsoleOutput))
#24 D:/josej/Documents/Proyectos/ExamenDeGrado/C#/php/ugb/vendor/symfony/console/Application.php(218): Symfony/Component/Console/Application->doRun(Object(Symfony/Component/Console/Input/ArgvInput), Object(Symfony/Component/Console/Output/ConsoleOutput))
#25 D:/josej/Documents/Proyectos/ExamenDeGrado/C#/php/ugb/vendor/laravel/framework/src/Illuminate/Foundation/Console/Kernel.php(198): Symfony/Component/Console/Application->run(Object(Symfony/Component/Console/Input/ArgvInput), Object(Symfony/Component/Console/Output/ConsoleOutput))
#26 D:/josej/Documents/Proyectos/ExamenDeGrado/C#/php/ugb/vendor/laravel/framework/src/Illuminate/Foundation/Application.php(1242): Illuminate/Foundation/Console/Kernel->handle(Object(Symfony/Component/Console/Input/ArgvInput), Object(Symfony/Component/Console/Output/ConsoleOutput))
#27 D:/josej/Documents/Proyectos/ExamenDeGrado/C#/php/ugb/artisan(16): Illuminate/Foundation/Application->handleCommand(Object(Symfony/Component/Console/Input/ArgvInput))
#28 {main}
"} 
[2026-08-17 01:45:36] local.ERROR: SQLSTATE[HY000]: General error: 1 no such table: cache (Connection: sqlite, Database: D:\josej\Documents\Proyectos\ExamenDeGrado\C#\php\ugb\database\database.sqlite, SQL: select * from "cache" where "key" in (laravel-cache-illuminate:queues:paused, laravel-cache-illuminate:queue:paused:database:default)) {"exception":"[object] (Illuminate\\Database\\QueryException(code: HY000): SQLSTATE[HY000]: General error: 1 no such table: cache (Connection: sqlite, Database: D:\\josej\\Documents\\Proyectos\\ExamenDeGrado\\C#\\php\\ugb\\database\\database.sqlite, SQL: select * from \"cache\" where \"key\" in (laravel-cache-illuminate:queues:paused, laravel-cache-illuminate:queue:paused:database:default)) at D:/josej/Documents/Proyectos/ExamenDeGrado/C#/php/ugb/vendor/laravel/framework/src/Illuminate/Database/Connection.php:857)
[stacktrace]
#0 D:/josej/Documents/Proyectos/ExamenDeGrado/C#/php/ugb/vendor/laravel/framework/src/Illuminate/Database/Connection.php(813): Illuminate/Database/Connection->runQueryCallback('select * from \"...', Array, Object(Closure))
#1 D:/josej/Documents/Proyectos/ExamenDeGrado/C#/php/ugb/vendor/laravel/framework/src/Illuminate/Database/Connection.php(426): Illuminate/Database/Connection->run('select * from \"...', Array, Object(Closure))
#2 D:/josej/Documents/Proyectos/ExamenDeGrado/C#/php/ugb/vendor/laravel/framework/src/Illuminate/Database/Query/Builder.php(3573): Illuminate/Database/Connection->select('select * from \"...', Array, true, Array)
#3 D:/josej/Documents/Proyectos/ExamenDeGrado/C#/php/ugb/vendor/laravel/framework/src/Illuminate/Database/Query/Builder.php(3557): Illuminate/Database/Query/Builder->runSelect()
#4 D:/josej/Documents/Proyectos/ExamenDeGrado/C#/php/ugb/vendor/laravel/framework/src/Illuminate/Cache/DatabaseStore.php(142): Illuminate/Database/Query/Builder->get()
#5 D:/josej/Documents/Proyectos/ExamenDeGrado/C#/php/ugb/vendor/laravel/framework/src/Illuminate/Cache/Repository.php(167): Illuminate/Cache/DatabaseStore->many(Array)
#6 D:/josej/Documents/Proyectos/ExamenDeGrado/C#/php/ugb/vendor/laravel/framework/src/Illuminate/Queue/QueueManager.php(335): Illuminate/Cache/Repository->many(Array)
#7 D:/josej/Documents/Proyectos/ExamenDeGrado/C#/php/ugb/vendor/laravel/framework/src/Illuminate/Queue/Worker.php(489): Illuminate/Queue/QueueManager->getPausedQueues('database', Array)
#8 D:/josej/Documents/Proyectos/ExamenDeGrado/C#/php/ugb/vendor/laravel/framework/src/Illuminate/Queue/Worker.php(450): Illuminate/Queue/Worker->getPausedQueues('database', Array)
#9 D:/josej/Documents/Proyectos/ExamenDeGrado/C#/php/ugb/vendor/laravel/framework/src/Illuminate/Queue/Worker.php(410): Illuminate/Queue/Worker->getNextJob(Object(Illuminate/Queue/DatabaseQueue), 'default')
#10 D:/josej/Documents/Proyectos/ExamenDeGrado/C#/php/ugb/vendor/laravel/framework/src/Illuminate/Queue/Console/WorkCommand.php(149): Illuminate/Queue/Worker->runNextJob('database', 'default', Object(Illuminate/Queue/WorkerOptions))
#11 D:/josej/Documents/Proyectos/ExamenDeGrado/C#/php/ugb/vendor/laravel/framework/src/Illuminate/Queue/Console/WorkCommand.php(132): Illuminate/Queue/Console/WorkCommand->runWorker('database', 'default')
#12 D:/josej/Documents/Proyectos/ExamenDeGrado/C#/php/ugb/vendor/laravel/framework/src/Illuminate/Container/BoundMethod.php(36): Illuminate/Queue/Console/WorkCommand->handle()
#13 D:/josej/Documents/Proyectos/ExamenDeGrado/C#/php/ugb/vendor/laravel/framework/src/Illuminate/Container/Util.php(43): Illuminate/Container/BoundMethod::{closure:Illuminate/Container/BoundMethod::call():35}()
#14 D:/josej/Documents/Proyectos/ExamenDeGrado/C#/php/ugb/vendor/laravel/framework/src/Illuminate/Container/BoundMethod.php(96): Illuminate/Container/Util::unwrapIfClosure(Object(Closure))
#15 D:/josej/Documents/Proyectos/ExamenDeGrado/C#/php/ugb/vendor/laravel/framework/src/Illuminate/Container/BoundMethod.php(35): Illuminate/Container/BoundMethod::callBoundMethod(Object(Illuminate/Foundation/Application), Array, Object(Closure))
#16 D:/josej/Documents/Proyectos/ExamenDeGrado/C#/php/ugb/vendor/laravel/framework/src/Illuminate/Container/Container.php(801): Illuminate/Container/BoundMethod::call(Object(Illuminate/Foundation/Application), Array, Array, NULL)
#17 D:/josej/Documents/Proyectos/ExamenDeGrado/C#/php/ugb/vendor/laravel/framework/src/Illuminate/Console/Command.php(292): Illuminate/Container/Container->call(Array)
#18 D:/josej/Documents/Proyectos/ExamenDeGrado/C#/php/ugb/vendor/symfony/console/Command/Command.php(284): Illuminate/Console/Command->execute(Object(Symfony/Component/Console/Input/ArgvInput), Object(Illuminate/Console/OutputStyle))
#19 D:/josej/Documents/Proyectos/ExamenDeGrado/C#/php/ugb/vendor/laravel/framework/src/Illuminate/Console/Command.php(261): Symfony/Component/Console/Command/Command->run(Object(Symfony/Component/Console/Input/ArgvInput), Object(Illuminate/Console/OutputStyle))
#20 D:/josej/Documents/Proyectos/ExamenDeGrado/C#/php/ugb/vendor/symfony/console/Application.php(1144): Illuminate/Console/Command->run(Object(Symfony/Component/Console/Input/ArgvInput), Object(Symfony/Component/Console/Output/ConsoleOutput))
#21 D:/josej/Documents/Proyectos/ExamenDeGrado/C#/php/ugb/vendor/symfony/console/Application.php(379): Symfony/Component/Console/Application->doRunCommand(Object(Illuminate/Queue/Console/WorkCommand), Object(Symfony/Component/Console/Input/ArgvInput), Object(Symfony/Component/Console/Output/ConsoleOutput))
#22 D:/josej/Documents/Proyectos/ExamenDeGrado/C#/php/ugb/vendor/symfony/console/Application.php(218): Symfony/Component/Console/Application->doRun(Object(Symfony/Component/Console/Input/ArgvInput), Object(Symfony/Component/Console/Output/ConsoleOutput))
#23 D:/josej/Documents/Proyectos/ExamenDeGrado/C#/php/ugb/vendor/laravel/framework/src/Illuminate/Foundation/Console/Kernel.php(198): Symfony/Component/Console/Application->run(Object(Symfony/Component/Console/Input/ArgvInput), Object(Symfony/Component/Console/Output/ConsoleOutput))
#24 D:/josej/Documents/Proyectos/ExamenDeGrado/C#/php/ugb/vendor/laravel/framework/src/Illuminate/Foundation/Application.php(1242): Illuminate/Foundation/Console/Kernel->handle(Object(Symfony/Component/Console/Input/ArgvInput), Object(Symfony/Component/Console/Output/ConsoleOutput))
#25 D:/josej/Documents/Proyectos/ExamenDeGrado/C#/php/ugb/artisan(16): Illuminate/Foundation/Application->handleCommand(Object(Symfony/Component/Console/Input/ArgvInput))
#26 {main}

[previous exception] [object] (PDOException(code: HY000): SQLSTATE[HY000]: General error: 1 no such table: cache at D:/josej/Documents/Proyectos/ExamenDeGrado/C#/php/ugb/vendor/laravel/framework/src/Illuminate/Database/Connection.php:435)
[stacktrace]
#0 D:/josej/Documents/Proyectos/ExamenDeGrado/C#/php/ugb/vendor/laravel/framework/src/Illuminate/Database/Connection.php(435): PDO->prepare('select * from \"...')
#1 D:/josej/Documents/Proyectos/ExamenDeGrado/C#/php/ugb/vendor/laravel/framework/src/Illuminate/Database/Connection.php(846): Illuminate/Database/Connection->{closure:Illuminate/Database/Connection::select():426}('select * from \"...', Array)
#2 D:/josej/Documents/Proyectos/ExamenDeGrado/C#/php/ugb/vendor/laravel/framework/src/Illuminate/Database/Connection.php(813): Illuminate/Database/Connection->runQueryCallback('select * from \"...', Array, Object(Closure))
#3 D:/josej/Documents/Proyectos/ExamenDeGrado/C#/php/ugb/vendor/laravel/framework/src/Illuminate/Database/Connection.php(426): Illuminate/Database/Connection->run('select * from \"...', Array, Object(Closure))
#4 D:/josej/Documents/Proyectos/ExamenDeGrado/C#/php/ugb/vendor/laravel/framework/src/Illuminate/Database/Query/Builder.php(3573): Illuminate/Database/Connection->select('select * from \"...', Array, true, Array)
#5 D:/josej/Documents/Proyectos/ExamenDeGrado/C#/php/ugb/vendor/laravel/framework/src/Illuminate/Database/Query/Builder.php(3557): Illuminate/Database/Query/Builder->runSelect()
#6 D:/josej/Documents/Proyectos/ExamenDeGrado/C#/php/ugb/vendor/laravel/framework/src/Illuminate/Cache/DatabaseStore.php(142): Illuminate/Database/Query/Builder->get()
#7 D:/josej/Documents/Proyectos/ExamenDeGrado/C#/php/ugb/vendor/laravel/framework/src/Illuminate/Cache/Repository.php(167): Illuminate/Cache/DatabaseStore->many(Array)
#8 D:/josej/Documents/Proyectos/ExamenDeGrado/C#/php/ugb/vendor/laravel/framework/src/Illuminate/Queue/QueueManager.php(335): Illuminate/Cache/Repository->many(Array)
#9 D:/josej/Documents/Proyectos/ExamenDeGrado/C#/php/ugb/vendor/laravel/framework/src/Illuminate/Queue/Worker.php(489): Illuminate/Queue/QueueManager->getPausedQueues('database', Array)
#10 D:/josej/Documents/Proyectos/ExamenDeGrado/C#/php/ugb/vendor/laravel/framework/src/Illuminate/Queue/Worker.php(450): Illuminate/Queue/Worker->getPausedQueues('database', Array)
#11 D:/josej/Documents/Proyectos/ExamenDeGrado/C#/php/ugb/vendor/laravel/framework/src/Illuminate/Queue/Worker.php(410): Illuminate/Queue/Worker->getNextJob(Object(Illuminate/Queue/DatabaseQueue), 'default')
#12 D:/josej/Documents/Proyectos/ExamenDeGrado/C#/php/ugb/vendor/laravel/framework/src/Illuminate/Queue/Console/WorkCommand.php(149): Illuminate/Queue/Worker->runNextJob('database', 'default', Object(Illuminate/Queue/WorkerOptions))
#13 D:/josej/Documents/Proyectos/ExamenDeGrado/C#/php/ugb/vendor/laravel/framework/src/Illuminate/Queue/Console/WorkCommand.php(132): Illuminate/Queue/Console/WorkCommand->runWorker('database', 'default')
#14 D:/josej/Documents/Proyectos/ExamenDeGrado/C#/php/ugb/vendor/laravel/framework/src/Illuminate/Container/BoundMethod.php(36): Illuminate/Queue/Console/WorkCommand->handle()
#15 D:/josej/Documents/Proyectos/ExamenDeGrado/C#/php/ugb/vendor/laravel/framework/src/Illuminate/Container/Util.php(43): Illuminate/Container/BoundMethod::{closure:Illuminate/Container/BoundMethod::call():35}()
#16 D:/josej/Documents/Proyectos/ExamenDeGrado/C#/php/ugb/vendor/laravel/framework/src/Illuminate/Container/BoundMethod.php(96): Illuminate/Container/Util::unwrapIfClosure(Object(Closure))
#17 D:/josej/Documents/Proyectos/ExamenDeGrado/C#/php/ugb/vendor/laravel/framework/src/Illuminate/Container/BoundMethod.php(35): Illuminate/Container/BoundMethod::callBoundMethod(Object(Illuminate/Foundation/Application), Array, Object(Closure))
#18 D:/josej/Documents/Proyectos/ExamenDeGrado/C#/php/ugb/vendor/laravel/framework/src/Illuminate/Container/Container.php(801): Illuminate/Container/BoundMethod::call(Object(Illuminate/Foundation/Application), Array, Array, NULL)
#19 D:/josej/Documents/Proyectos/ExamenDeGrado/C#/php/ugb/vendor/laravel/framework/src/Illuminate/Console/Command.php(292): Illuminate/Container/Container->call(Array)
#20 D:/josej/Documents/Proyectos/ExamenDeGrado/C#/php/ugb/vendor/symfony/console/Command/Command.php(284): Illuminate/Console/Command->execute(Object(Symfony/Component/Console/Input/ArgvInput), Object(Illuminate/Console/OutputStyle))
#21 D:/josej/Documents/Proyectos/ExamenDeGrado/C#/php/ugb/vendor/laravel/framework/src/Illuminate/Console/Command.php(261): Symfony/Component/Console/Command/Command->run(Object(Symfony/Component/Console/Input/ArgvInput), Object(Illuminate/Console/OutputStyle))
#22 D:/josej/Documents/Proyectos/ExamenDeGrado/C#/php/ugb/vendor/symfony/console/Application.php(1144): Illuminate/Console/Command->run(Object(Symfony/Component/Console/Input/ArgvInput), Object(Symfony/Component/Console/Output/ConsoleOutput))
#23 D:/josej/Documents/Proyectos/ExamenDeGrado/C#/php/ugb/vendor/symfony/console/Application.php(379): Symfony/Component/Console/Application->doRunCommand(Object(Illuminate/Queue/Console/WorkCommand), Object(Symfony/Component/Console/Input/ArgvInput), Object(Symfony/Component/Console/Output/ConsoleOutput))
#24 D:/josej/Documents/Proyectos/ExamenDeGrado/C#/php/ugb/vendor/symfony/console/Application.php(218): Symfony/Component/Console/Application->doRun(Object(Symfony/Component/Console/Input/ArgvInput), Object(Symfony/Component/Console/Output/ConsoleOutput))
#25 D:/josej/Documents/Proyectos/ExamenDeGrado/C#/php/ugb/vendor/laravel/framework/src/Illuminate/Foundation/Console/Kernel.php(198): Symfony/Component/Console/Application->run(Object(Symfony/Component/Console/Input/ArgvInput), Object(Symfony/Component/Console/Output/ConsoleOutput))
#26 D:/josej/Documents/Proyectos/ExamenDeGrado/C#/php/ugb/vendor/laravel/framework/src/Illuminate/Foundation/Application.php(1242): Illuminate/Foundation/Console/Kernel->handle(Object(Symfony/Component/Console/Input/ArgvInput), Object(Symfony/Component/Console/Output/ConsoleOutput))
#27 D:/josej/Documents/Proyectos/ExamenDeGrado/C#/php/ugb/artisan(16): Illuminate/Foundation/Application->handleCommand(Object(Symfony/Component/Console/Input/ArgvInput))
#28 {main}
"} 
[2026-08-17 01:45:40] local.ERROR: SQLSTATE[HY000]: General error: 1 no such table: cache (Connection: sqlite, Database: D:\josej\Documents\Proyectos\ExamenDeGrado\C#\php\ugb\database\database.sqlite, SQL: select * from "cache" where "key" in (laravel-cache-illuminate:queues:paused, laravel-cache-illuminate:queue:paused:database:default)) {"exception":"[object] (Illuminate\\Database\\QueryException(code: HY000): SQLSTATE[HY000]: General error: 1 no such table: cache (Connection: sqlite, Database: D:\\josej\\Documents\\Proyectos\\ExamenDeGrado\\C#\\php\\ugb\\database\\database.sqlite, SQL: select * from \"cache\" where \"key\" in (laravel-cache-illuminate:queues:paused, laravel-cache-illuminate:queue:paused:database:default)) at D:/josej/Documents/Proyectos/ExamenDeGrado/C#/php/ugb/vendor/laravel/framework/src/Illuminate/Database/Connection.php:857)
[stacktrace]
#0 D:/josej/Documents/Proyectos/ExamenDeGrado/C#/php/ugb/vendor/laravel/framework/src/Illuminate/Database/Connection.php(813): Illuminate/Database/Connection->runQueryCallback('select * from \"...', Array, Object(Closure))
#1 D:/josej/Documents/Proyectos/ExamenDeGrado/C#/php/ugb/vendor/laravel/framework/src/Illuminate/Database/Connection.php(426): Illuminate/Database/Connection->run('select * from \"...', Array, Object(Closure))
#2 D:/josej/Documents/Proyectos/ExamenDeGrado/C#/php/ugb/vendor/laravel/framework/src/Illuminate/Database/Query/Builder.php(3573): Illuminate/Database/Connection->select('select * from \"...', Array, true, Array)
#3 D:/josej/Documents/Proyectos/ExamenDeGrado/C#/php/ugb/vendor/laravel/framework/src/Illuminate/Database/Query/Builder.php(3557): Illuminate/Database/Query/Builder->runSelect()
#4 D:/josej/Documents/Proyectos/ExamenDeGrado/C#/php/ugb/vendor/laravel/framework/src/Illuminate/Cache/DatabaseStore.php(142): Illuminate/Database/Query/Builder->get()
#5 D:/josej/Documents/Proyectos/ExamenDeGrado/C#/php/ugb/vendor/laravel/framework/src/Illuminate/Cache/Repository.php(167): Illuminate/Cache/DatabaseStore->many(Array)
#6 D:/josej/Documents/Proyectos/ExamenDeGrado/C#/php/ugb/vendor/laravel/framework/src/Illuminate/Queue/QueueManager.php(335): Illuminate/Cache/Repository->many(Array)
#7 D:/josej/Documents/Proyectos/ExamenDeGrado/C#/php/ugb/vendor/laravel/framework/src/Illuminate/Queue/Worker.php(489): Illuminate/Queue/QueueManager->getPausedQueues('database', Array)
#8 D:/josej/Documents/Proyectos/ExamenDeGrado/C#/php/ugb/vendor/laravel/framework/src/Illuminate/Queue/Worker.php(450): Illuminate/Queue/Worker->getPausedQueues('database', Array)
#9 D:/josej/Documents/Proyectos/ExamenDeGrado/C#/php/ugb/vendor/laravel/framework/src/Illuminate/Queue/Worker.php(410): Illuminate/Queue/Worker->getNextJob(Object(Illuminate/Queue/DatabaseQueue), 'default')
#10 D:/josej/Documents/Proyectos/ExamenDeGrado/C#/php/ugb/vendor/laravel/framework/src/Illuminate/Queue/Console/WorkCommand.php(149): Illuminate/Queue/Worker->runNextJob('database', 'default', Object(Illuminate/Queue/WorkerOptions))
#11 D:/josej/Documents/Proyectos/ExamenDeGrado/C#/php/ugb/vendor/laravel/framework/src/Illuminate/Queue/Console/WorkCommand.php(132): Illuminate/Queue/Console/WorkCommand->runWorker('database', 'default')
#12 D:/josej/Documents/Proyectos/ExamenDeGrado/C#/php/ugb/vendor/laravel/framework/src/Illuminate/Container/BoundMethod.php(36): Illuminate/Queue/Console/WorkCommand->handle()
#13 D:/josej/Documents/Proyectos/ExamenDeGrado/C#/php/ugb/vendor/laravel/framework/src/Illuminate/Container/Util.php(43): Illuminate/Container/BoundMethod::{closure:Illuminate/Container/BoundMethod::call():35}()
#14 D:/josej/Documents/Proyectos/ExamenDeGrado/C#/php/ugb/vendor/laravel/framework/src/Illuminate/Container/BoundMethod.php(96): Illuminate/Container/Util::unwrapIfClosure(Object(Closure))
#15 D:/josej/Documents/Proyectos/ExamenDeGrado/C#/php/ugb/vendor/laravel/framework/src/Illuminate/Container/BoundMethod.php(35): Illuminate/Container/BoundMethod::callBoundMethod(Object(Illuminate/Foundation/Application), Array, Object(Closure))
#16 D:/josej/Documents/Proyectos/ExamenDeGrado/C#/php/ugb/vendor/laravel/framework/src/Illuminate/Container/Container.php(801): Illuminate/Container/BoundMethod::call(Object(Illuminate/Foundation/Application), Array, Array, NULL)
#17 D:/josej/Documents/Proyectos/ExamenDeGrado/C#/php/ugb/vendor/laravel/framework/src/Illuminate/Console/Command.php(292): Illuminate/Container/Container->call(Array)
#18 D:/josej/Documents/Proyectos/ExamenDeGrado/C#/php/ugb/vendor/symfony/console/Command/Command.php(284): Illuminate/Console/Command->execute(Object(Symfony/Component/Console/Input/ArgvInput), Object(Illuminate/Console/OutputStyle))
#19 D:/josej/Documents/Proyectos/ExamenDeGrado/C#/php/ugb/vendor/laravel/framework/src/Illuminate/Console/Command.php(261): Symfony/Component/Console/Command/Command->run(Object(Symfony/Component/Console/Input/ArgvInput), Object(Illuminate/Console/OutputStyle))
#20 D:/josej/Documents/Proyectos/ExamenDeGrado/C#/php/ugb/vendor/symfony/console/Application.php(1144): Illuminate/Console/Command->run(Object(Symfony/Component/Console/Input/ArgvInput), Object(Symfony/Component/Console/Output/ConsoleOutput))
#21 D:/josej/Documents/Proyectos/ExamenDeGrado/C#/php/ugb/vendor/symfony/console/Application.php(379): Symfony/Component/Console/Application->doRunCommand(Object(Illuminate/Queue/Console/WorkCommand), Object(Symfony/Component/Console/Input/ArgvInput), Object(Symfony/Component/Console/Output/ConsoleOutput))
#22 D:/josej/Documents/Proyectos/ExamenDeGrado/C#/php/ugb/vendor/symfony/console/Application.php(218): Symfony/Component/Console/Application->doRun(Object(Symfony/Component/Console/Input/ArgvInput), Object(Symfony/Component/Console/Output/ConsoleOutput))
#23 D:/josej/Documents/Proyectos/ExamenDeGrado/C#/php/ugb/vendor/laravel/framework/src/Illuminate/Foundation/Console/Kernel.php(198): Symfony/Component/Console/Application->run(Object(Symfony/Component/Console/Input/ArgvInput), Object(Symfony/Component/Console/Output/ConsoleOutput))
#24 D:/josej/Documents/Proyectos/ExamenDeGrado/C#/php/ugb/vendor/laravel/framework/src/Illuminate/Foundation/Application.php(1242): Illuminate/Foundation/Console/Kernel->handle(Object(Symfony/Component/Console/Input/ArgvInput), Object(Symfony/Component/Console/Output/ConsoleOutput))
#25 D:/josej/Documents/Proyectos/ExamenDeGrado/C#/php/ugb/artisan(16): Illuminate/Foundation/Application->handleCommand(Object(Symfony/Component/Console/Input/ArgvInput))
#26 {main}

[previous exception] [object] (PDOException(code: HY000): SQLSTATE[HY000]: General error: 1 no such table: cache at D:/josej/Documents/Proyectos/ExamenDeGrado/C#/php/ugb/vendor/laravel/framework/src/Illuminate/Database/Connection.php:435)
[stacktrace]
#0 D:/josej/Documents/Proyectos/ExamenDeGrado/C#/php/ugb/vendor/laravel/framework/src/Illuminate/Database/Connection.php(435): PDO->prepare('select * from \"...')
#1 D:/josej/Documents/Proyectos/ExamenDeGrado/C#/php/ugb/vendor/laravel/framework/src/Illuminate/Database/Connection.php(846): Illuminate/Database/Connection->{closure:Illuminate/Database/Connection::select():426}('select * from \"...', Array)
#2 D:/josej/Documents/Proyectos/ExamenDeGrado/C#/php/ugb/vendor/laravel/framework/src/Illuminate/Database/Connection.php(813): Illuminate/Database/Connection->runQueryCallback('select * from \"...', Array, Object(Closure))
#3 D:/josej/Documents/Proyectos/ExamenDeGrado/C#/php/ugb/vendor/laravel/framework/src/Illuminate/Database/Connection.php(426): Illuminate/Database/Connection->run('select * from \"...', Array, Object(Closure))
#4 D:/josej/Documents/Proyectos/ExamenDeGrado/C#/php/ugb/vendor/laravel/framework/src/Illuminate/Database/Query/Builder.php(3573): Illuminate/Database/Connection->select('select * from \"...', Array, true, Array)
#5 D:/josej/Documents/Proyectos/ExamenDeGrado/C#/php/ugb/vendor/laravel/framework/src/Illuminate/Database/Query/Builder.php(3557): Illuminate/Database/Query/Builder->runSelect()
#6 D:/josej/Documents/Proyectos/ExamenDeGrado/C#/php/ugb/vendor/laravel/framework/src/Illuminate/Cache/DatabaseStore.php(142): Illuminate/Database/Query/Builder->get()
#7 D:/josej/Documents/Proyectos/ExamenDeGrado/C#/php/ugb/vendor/laravel/framework/src/Illuminate/Cache/Repository.php(167): Illuminate/Cache/DatabaseStore->many(Array)
#8 D:/josej/Documents/Proyectos/ExamenDeGrado/C#/php/ugb/vendor/laravel/framework/src/Illuminate/Queue/QueueManager.php(335): Illuminate/Cache/Repository->many(Array)
#9 D:/josej/Documents/Proyectos/ExamenDeGrado/C#/php/ugb/vendor/laravel/framework/src/Illuminate/Queue/Worker.php(489): Illuminate/Queue/QueueManager->getPausedQueues('database', Array)
#10 D:/josej/Documents/Proyectos/ExamenDeGrado/C#/php/ugb/vendor/laravel/framework/src/Illuminate/Queue/Worker.php(450): Illuminate/Queue/Worker->getPausedQueues('database', Array)
#11 D:/josej/Documents/Proyectos/ExamenDeGrado/C#/php/ugb/vendor/laravel/framework/src/Illuminate/Queue/Worker.php(410): Illuminate/Queue/Worker->getNextJob(Object(Illuminate/Queue/DatabaseQueue), 'default')
#12 D:/josej/Documents/Proyectos/ExamenDeGrado/C#/php/ugb/vendor/laravel/framework/src/Illuminate/Queue/Console/WorkCommand.php(149): Illuminate/Queue/Worker->runNextJob('database', 'default', Object(Illuminate/Queue/WorkerOptions))
#13 D:/josej/Documents/Proyectos/ExamenDeGrado/C#/php/ugb/vendor/laravel/framework/src/Illuminate/Queue/Console/WorkCommand.php(132): Illuminate/Queue/Console/WorkCommand->runWorker('database', 'default')
#14 D:/josej/Documents/Proyectos/ExamenDeGrado/C#/php/ugb/vendor/laravel/framework/src/Illuminate/Container/BoundMethod.php(36): Illuminate/Queue/Console/WorkCommand->handle()
#15 D:/josej/Documents/Proyectos/ExamenDeGrado/C#/php/ugb/vendor/laravel/framework/src/Illuminate/Container/Util.php(43): Illuminate/Container/BoundMethod::{closure:Illuminate/Container/BoundMethod::call():35}()
#16 D:/josej/Documents/Proyectos/ExamenDeGrado/C#/php/ugb/vendor/laravel/framework/src/Illuminate/Container/BoundMethod.php(96): Illuminate/Container/Util::unwrapIfClosure(Object(Closure))
#17 D:/josej/Documents/Proyectos/ExamenDeGrado/C#/php/ugb/vendor/laravel/framework/src/Illuminate/Container/BoundMethod.php(35): Illuminate/Container/BoundMethod::callBoundMethod(Object(Illuminate/Foundation/Application), Array, Object(Closure))
#18 D:/josej/Documents/Proyectos/ExamenDeGrado/C#/php/ugb/vendor/laravel/framework/src/Illuminate/Container/Container.php(801): Illuminate/Container/BoundMethod::call(Object(Illuminate/Foundation/Application), Array, Array, NULL)
#19 D:/josej/Documents/Proyectos/ExamenDeGrado/C#/php/ugb/vendor/laravel/framework/src/Illuminate/Console/Command.php(292): Illuminate/Container/Container->call(Array)
#20 D:/josej/Documents/Proyectos/ExamenDeGrado/C#/php/ugb/vendor/symfony/console/Command/Command.php(284): Illuminate/Console/Command->execute(Object(Symfony/Component/Console/Input/ArgvInput), Object(Illuminate/Console/OutputStyle))
#21 D:/josej/Documents/Proyectos/ExamenDeGrado/C#/php/ugb/vendor/laravel/framework/src/Illuminate/Console/Command.php(261): Symfony/Component/Console/Command/Command->run(Object(Symfony/Component/Console/Input/ArgvInput), Object(Illuminate/Console/OutputStyle))
#22 D:/josej/Documents/Proyectos/ExamenDeGrado/C#/php/ugb/vendor/symfony/console/Application.php(1144): Illuminate/Console/Command->run(Object(Symfony/Component/Console/Input/ArgvInput), Object(Symfony/Component/Console/Output/ConsoleOutput))
#23 D:/josej/Documents/Proyectos/ExamenDeGrado/C#/php/ugb/vendor/symfony/console/Application.php(379): Symfony/Component/Console/Application->doRunCommand(Object(Illuminate/Queue/Console/WorkCommand), Object(Symfony/Component/Console/Input/ArgvInput), Object(Symfony/Component/Console/Output/ConsoleOutput))
#24 D:/josej/Documents/Proyectos/ExamenDeGrado/C#/php/ugb/vendor/symfony/console/Application.php(218): Symfony/Component/Console/Application->doRun(Object(Symfony/Component/Console/Input/ArgvInput), Object(Symfony/Component/Console/Output/ConsoleOutput))
#25 D:/josej/Documents/Proyectos/ExamenDeGrado/C#/php/ugb/vendor/laravel/framework/src/Illuminate/Foundation/Console/Kernel.php(198): Symfony/Component/Console/Application->run(Object(Symfony/Component/Console/Input/ArgvInput), Object(Symfony/Component/Console/Output/ConsoleOutput))
#26 D:/josej/Documents/Proyectos/ExamenDeGrado/C#/php/ugb/vendor/laravel/framework/src/Illuminate/Foundation/Application.php(1242): Illuminate/Foundation/Console/Kernel->handle(Object(Symfony/Component/Console/Input/ArgvInput), Object(Symfony/Component/Console/Output/ConsoleOutput))
#27 D:/josej/Documents/Proyectos/ExamenDeGrado/C#/php/ugb/artisan(16): Illuminate/Foundation/Application->handleCommand(Object(Symfony/Component/Console/Input/ArgvInput))
#28 {main}
"} 
[2026-08-17 01:45:44] local.ERROR: SQLSTATE[HY000]: General error: 1 no such table: cache (Connection: sqlite, Database: D:\josej\Documents\Proyectos\ExamenDeGrado\C#\php\ugb\database\database.sqlite, SQL: select * from "cache" where "key" in (laravel-cache-illuminate:queues:paused, laravel-cache-illuminate:queue:paused:database:default)) {"exception":"[object] (Illuminate\\Database\\QueryException(code: HY000): SQLSTATE[HY000]: General error: 1 no such table: cache (Connection: sqlite, Database: D:\\josej\\Documents\\Proyectos\\ExamenDeGrado\\C#\\php\\ugb\\database\\database.sqlite, SQL: select * from \"cache\" where \"key\" in (laravel-cache-illuminate:queues:paused, laravel-cache-illuminate:queue:paused:database:default)) at D:/josej/Documents/Proyectos/ExamenDeGrado/C#/php/ugb/vendor/laravel/framework/src/Illuminate/Database/Connection.php:857)
[stacktrace]
#0 D:/josej/Documents/Proyectos/ExamenDeGrado/C#/php/ugb/vendor/laravel/framework/src/Illuminate/Database/Connection.php(813): Illuminate/Database/Connection->runQueryCallback('select * from \"...', Array, Object(Closure))
#1 D:/josej/Documents/Proyectos/ExamenDeGrado/C#/php/ugb/vendor/laravel/framework/src/Illuminate/Database/Connection.php(426): Illuminate/Database/Connection->run('select * from \"...', Array, Object(Closure))
#2 D:/josej/Documents/Proyectos/ExamenDeGrado/C#/php/ugb/vendor/laravel/framework/src/Illuminate/Database/Query/Builder.php(3573): Illuminate/Database/Connection->select('select * from \"...', Array, true, Array)
#3 D:/josej/Documents/Proyectos/ExamenDeGrado/C#/php/ugb/vendor/laravel/framework/src/Illuminate/Database/Query/Builder.php(3557): Illuminate/Database/Query/Builder->runSelect()
#4 D:/josej/Documents/Proyectos/ExamenDeGrado/C#/php/ugb/vendor/laravel/framework/src/Illuminate/Cache/DatabaseStore.php(142): Illuminate/Database/Query/Builder->get()
#5 D:/josej/Documents/Proyectos/ExamenDeGrado/C#/php/ugb/vendor/laravel/framework/src/Illuminate/Cache/Repository.php(167): Illuminate/Cache/DatabaseStore->many(Array)
#6 D:/josej/Documents/Proyectos/ExamenDeGrado/C#/php/ugb/vendor/laravel/framework/src/Illuminate/Queue/QueueManager.php(335): Illuminate/Cache/Repository->many(Array)
#7 D:/josej/Documents/Proyectos/ExamenDeGrado/C#/php/ugb/vendor/laravel/framework/src/Illuminate/Queue/Worker.php(489): Illuminate/Queue/QueueManager->getPausedQueues('database', Array)
#8 D:/josej/Documents/Proyectos/ExamenDeGrado/C#/php/ugb/vendor/laravel/framework/src/Illuminate/Queue/Worker.php(450): Illuminate/Queue/Worker->getPausedQueues('database', Array)
#9 D:/josej/Documents/Proyectos/ExamenDeGrado/C#/php/ugb/vendor/laravel/framework/src/Illuminate/Queue/Worker.php(410): Illuminate/Queue/Worker->getNextJob(Object(Illuminate/Queue/DatabaseQueue), 'default')
#10 D:/josej/Documents/Proyectos/ExamenDeGrado/C#/php/ugb/vendor/laravel/framework/src/Illuminate/Queue/Console/WorkCommand.php(149): Illuminate/Queue/Worker->runNextJob('database', 'default', Object(Illuminate/Queue/WorkerOptions))
#11 D:/josej/Documents/Proyectos/ExamenDeGrado/C#/php/ugb/vendor/laravel/framework/src/Illuminate/Queue/Console/WorkCommand.php(132): Illuminate/Queue/Console/WorkCommand->runWorker('database', 'default')
#12 D:/josej/Documents/Proyectos/ExamenDeGrado/C#/php/ugb/vendor/laravel/framework/src/Illuminate/Container/BoundMethod.php(36): Illuminate/Queue/Console/WorkCommand->handle()
#13 D:/josej/Documents/Proyectos/ExamenDeGrado/C#/php/ugb/vendor/laravel/framework/src/Illuminate/Container/Util.php(43): Illuminate/Container/BoundMethod::{closure:Illuminate/Container/BoundMethod::call():35}()
#14 D:/josej/Documents/Proyectos/ExamenDeGrado/C#/php/ugb/vendor/laravel/framework/src/Illuminate/Container/BoundMethod.php(96): Illuminate/Container/Util::unwrapIfClosure(Object(Closure))
#15 D:/josej/Documents/Proyectos/ExamenDeGrado/C#/php/ugb/vendor/laravel/framework/src/Illuminate/Container/BoundMethod.php(35): Illuminate/Container/BoundMethod::callBoundMethod(Object(Illuminate/Foundation/Application), Array, Object(Closure))
#16 D:/josej/Documents/Proyectos/ExamenDeGrado/C#/php/ugb/vendor/laravel/framework/src/Illuminate/Container/Container.php(801): Illuminate/Container/BoundMethod::call(Object(Illuminate/Foundation/Application), Array, Array, NULL)
#17 D:/josej/Documents/Proyectos/ExamenDeGrado/C#/php/ugb/vendor/laravel/framework/src/Illuminate/Console/Command.php(292): Illuminate/Container/Container->call(Array)
#18 D:/josej/Documents/Proyectos/ExamenDeGrado/C#/php/ugb/vendor/symfony/console/Command/Command.php(284): Illuminate/Console/Command->execute(Object(Symfony/Component/Console/Input/ArgvInput), Object(Illuminate/Console/OutputStyle))
#19 D:/josej/Documents/Proyectos/ExamenDeGrado/C#/php/ugb/vendor/laravel/framework/src/Illuminate/Console/Command.php(261): Symfony/Component/Console/Command/Command->run(Object(Symfony/Component/Console/Input/ArgvInput), Object(Illuminate/Console/OutputStyle))
#20 D:/josej/Documents/Proyectos/ExamenDeGrado/C#/php/ugb/vendor/symfony/console/Application.php(1144): Illuminate/Console/Command->run(Object(Symfony/Component/Console/Input/ArgvInput), Object(Symfony/Component/Console/Output/ConsoleOutput))
#21 D:/josej/Documents/Proyectos/ExamenDeGrado/C#/php/ugb/vendor/symfony/console/Application.php(379): Symfony/Component/Console/Application->doRunCommand(Object(Illuminate/Queue/Console/WorkCommand), Object(Symfony/Component/Console/Input/ArgvInput), Object(Symfony/Component/Console/Output/ConsoleOutput))
#22 D:/josej/Documents/Proyectos/ExamenDeGrado/C#/php/ugb/vendor/symfony/console/Application.php(218): Symfony/Component/Console/Application->doRun(Object(Symfony/Component/Console/Input/ArgvInput), Object(Symfony/Component/Console/Output/ConsoleOutput))
#23 D:/josej/Documents/Proyectos/ExamenDeGrado/C#/php/ugb/vendor/laravel/framework/src/Illuminate/Foundation/Console/Kernel.php(198): Symfony/Component/Console/Application->run(Object(Symfony/Component/Console/Input/ArgvInput), Object(Symfony/Component/Console/Output/ConsoleOutput))
#24 D:/josej/Documents/Proyectos/ExamenDeGrado/C#/php/ugb/vendor/laravel/framework/src/Illuminate/Foundation/Application.php(1242): Illuminate/Foundation/Console/Kernel->handle(Object(Symfony/Component/Console/Input/ArgvInput), Object(Symfony/Component/Console/Output/ConsoleOutput))
#25 D:/josej/Documents/Proyectos/ExamenDeGrado/C#/php/ugb/artisan(16): Illuminate/Foundation/Application->handleCommand(Object(Symfony/Component/Console/Input/ArgvInput))
#26 {main}

[previous exception] [object] (PDOException(code: HY000): SQLSTATE[HY000]: General error: 1 no such table: cache at D:/josej/Documents/Proyectos/ExamenDeGrado/C#/php/ugb/vendor/laravel/framework/src/Illuminate/Database/Connection.php:435)
[stacktrace]
#0 D:/josej/Documents/Proyectos/ExamenDeGrado/C#/php/ugb/vendor/laravel/framework/src/Illuminate/Database/Connection.php(435): PDO->prepare('select * from \"...')
#1 D:/josej/Documents/Proyectos/ExamenDeGrado/C#/php/ugb/vendor/laravel/framework/src/Illuminate/Database/Connection.php(846): Illuminate/Database/Connection->{closure:Illuminate/Database/Connection::select():426}('select * from \"...', Array)
#2 D:/josej/Documents/Proyectos/ExamenDeGrado/C#/php/ugb/vendor/laravel/framework/src/Illuminate/Database/Connection.php(813): Illuminate/Database/Connection->runQueryCallback('select * from \"...', Array, Object(Closure))
#3 D:/josej/Documents/Proyectos/ExamenDeGrado/C#/php/ugb/vendor/laravel/framework/src/Illuminate/Database/Connection.php(426): Illuminate/Database/Connection->run('select * from \"...', Array, Object(Closure))
#4 D:/josej/Documents/Proyectos/ExamenDeGrado/C#/php/ugb/vendor/laravel/framework/src/Illuminate/Database/Query/Builder.php(3573): Illuminate/Database/Connection->select('select * from \"...', Array, true, Array)
#5 D:/josej/Documents/Proyectos/ExamenDeGrado/C#/php/ugb/vendor/laravel/framework/src/Illuminate/Database/Query/Builder.php(3557): Illuminate/Database/Query/Builder->runSelect()
#6 D:/josej/Documents/Proyectos/ExamenDeGrado/C#/php/ugb/vendor/laravel/framework/src/Illuminate/Cache/DatabaseStore.php(142): Illuminate/Database/Query/Builder->get()
#7 D:/josej/Documents/Proyectos/ExamenDeGrado/C#/php/ugb/vendor/laravel/framework/src/Illuminate/Cache/Repository.php(167): Illuminate/Cache/DatabaseStore->many(Array)
#8 D:/josej/Documents/Proyectos/ExamenDeGrado/C#/php/ugb/vendor/laravel/framework/src/Illuminate/Queue/QueueManager.php(335): Illuminate/Cache/Repository->many(Array)
#9 D:/josej/Documents/Proyectos/ExamenDeGrado/C#/php/ugb/vendor/laravel/framework/src/Illuminate/Queue/Worker.php(489): Illuminate/Queue/QueueManager->getPausedQueues('database', Array)
#10 D:/josej/Documents/Proyectos/ExamenDeGrado/C#/php/ugb/vendor/laravel/framework/src/Illuminate/Queue/Worker.php(450): Illuminate/Queue/Worker->getPausedQueues('database', Array)
#11 D:/josej/Documents/Proyectos/ExamenDeGrado/C#/php/ugb/vendor/laravel/framework/src/Illuminate/Queue/Worker.php(410): Illuminate/Queue/Worker->getNextJob(Object(Illuminate/Queue/DatabaseQueue), 'default')
#12 D:/josej/Documents/Proyectos/ExamenDeGrado/C#/php/ugb/vendor/laravel/framework/src/Illuminate/Queue/Console/WorkCommand.php(149): Illuminate/Queue/Worker->runNextJob('database', 'default', Object(Illuminate/Queue/WorkerOptions))
#13 D:/josej/Documents/Proyectos/ExamenDeGrado/C#/php/ugb/vendor/laravel/framework/src/Illuminate/Queue/Console/WorkCommand.php(132): Illuminate/Queue/Console/WorkCommand->runWorker('database', 'default')
#14 D:/josej/Documents/Proyectos/ExamenDeGrado/C#/php/ugb/vendor/laravel/framework/src/Illuminate/Container/BoundMethod.php(36): Illuminate/Queue/Console/WorkCommand->handle()
#15 D:/josej/Documents/Proyectos/ExamenDeGrado/C#/php/ugb/vendor/laravel/framework/src/Illuminate/Container/Util.php(43): Illuminate/Container/BoundMethod::{closure:Illuminate/Container/BoundMethod::call():35}()
#16 D:/josej/Documents/Proyectos/ExamenDeGrado/C#/php/ugb/vendor/laravel/framework/src/Illuminate/Container/BoundMethod.php(96): Illuminate/Container/Util::unwrapIfClosure(Object(Closure))
#17 D:/josej/Documents/Proyectos/ExamenDeGrado/C#/php/ugb/vendor/laravel/framework/src/Illuminate/Container/BoundMethod.php(35): Illuminate/Container/BoundMethod::callBoundMethod(Object(Illuminate/Foundation/Application), Array, Object(Closure))
#18 D:/josej/Documents/Proyectos/ExamenDeGrado/C#/php/ugb/vendor/laravel/framework/src/Illuminate/Container/Container.php(801): Illuminate/Container/BoundMethod::call(Object(Illuminate/Foundation/Application), Array, Array, NULL)
#19 D:/josej/Documents/Proyectos/ExamenDeGrado/C#/php/ugb/vendor/laravel/framework/src/Illuminate/Console/Command.php(292): Illuminate/Container/Container->call(Array)
#20 D:/josej/Documents/Proyectos/ExamenDeGrado/C#/php/ugb/vendor/symfony/console/Command/Command.php(284): Illuminate/Console/Command->execute(Object(Symfony/Component/Console/Input/ArgvInput), Object(Illuminate/Console/OutputStyle))
#21 D:/josej/Documents/Proyectos/ExamenDeGrado/C#/php/ugb/vendor/laravel/framework/src/Illuminate/Console/Command.php(261): Symfony/Component/Console/Command/Command->run(Object(Symfony/Component/Console/Input/ArgvInput), Object(Illuminate/Console/OutputStyle))
#22 D:/josej/Documents/Proyectos/ExamenDeGrado/C#/php/ugb/vendor/symfony/console/Application.php(1144): Illuminate/Console/Command->run(Object(Symfony/Component/Console/Input/ArgvInput), Object(Symfony/Component/Console/Output/ConsoleOutput))
#23 D:/josej/Documents/Proyectos/ExamenDeGrado/C#/php/ugb/vendor/symfony/console/Application.php(379): Symfony/Component/Console/Application->doRunCommand(Object(Illuminate/Queue/Console/WorkCommand), Object(Symfony/Component/Console/Input/ArgvInput), Object(Symfony/Component/Console/Output/ConsoleOutput))
#24 D:/josej/Documents/Proyectos/ExamenDeGrado/C#/php/ugb/vendor/symfony/console/Application.php(218): Symfony/Component/Console/Application->doRun(Object(Symfony/Component/Console/Input/ArgvInput), Object(Symfony/Component/Console/Output/ConsoleOutput))
#25 D:/josej/Documents/Proyectos/ExamenDeGrado/C#/php/ugb/vendor/laravel/framework/src/Illuminate/Foundation/Console/Kernel.php(198): Symfony/Component/Console/Application->run(Object(Symfony/Component/Console/Input/ArgvInput), Object(Symfony/Component/Console/Output/ConsoleOutput))
#26 D:/josej/Documents/Proyectos/ExamenDeGrado/C#/php/ugb/vendor/laravel/framework/src/Illuminate/Foundation/Application.php(1242): Illuminate/Foundation/Console/Kernel->handle(Object(Symfony/Component/Console/Input/ArgvInput), Object(Symfony/Component/Console/Output/ConsoleOutput))
#27 D:/josej/Documents/Proyectos/ExamenDeGrado/C#/php/ugb/artisan(16): Illuminate/Foundation/Application->handleCommand(Object(Symfony/Component/Console/Input/ArgvInput))
#28 {main}
"} 
[2026-08-17 01:45:48] local.ERROR: SQLSTATE[HY000]: General error: 1 no such table: cache (Connection: sqlite, Database: D:\josej\Documents\Proyectos\ExamenDeGrado\C#\php\ugb\database\database.sqlite, SQL: select * from "cache" where "key" in (laravel-cache-illuminate:queues:paused, laravel-cache-illuminate:queue:paused:database:default)) {"exception":"[object] (Illuminate\\Database\\QueryException(code: HY000): SQLSTATE[HY000]: General error: 1 no such table: cache (Connection: sqlite, Database: D:\\josej\\Documents\\Proyectos\\ExamenDeGrado\\C#\\php\\ugb\\database\\database.sqlite, SQL: select * from \"cache\" where \"key\" in (laravel-cache-illuminate:queues:paused, laravel-cache-illuminate:queue:paused:database:default)) at D:/josej/Documents/Proyectos/ExamenDeGrado/C#/php/ugb/vendor/laravel/framework/src/Illuminate/Database/Connection.php:857)
[stacktrace]
#0 D:/josej/Documents/Proyectos/ExamenDeGrado/C#/php/ugb/vendor/laravel/framework/src/Illuminate/Database/Connection.php(813): Illuminate/Database/Connection->runQueryCallback('select * from \"...', Array, Object(Closure))
#1 D:/josej/Documents/Proyectos/ExamenDeGrado/C#/php/ugb/vendor/laravel/framework/src/Illuminate/Database/Connection.php(426): Illuminate/Database/Connection->run('select * from \"...', Array, Object(Closure))
#2 D:/josej/Documents/Proyectos/ExamenDeGrado/C#/php/ugb/vendor/laravel/framework/src/Illuminate/Database/Query/Builder.php(3573): Illuminate/Database/Connection->select('select * from \"...', Array, true, Array)
#3 D:/josej/Documents/Proyectos/ExamenDeGrado/C#/php/ugb/vendor/laravel/framework/src/Illuminate/Database/Query/Builder.php(3557): Illuminate/Database/Query/Builder->runSelect()
#4 D:/josej/Documents/Proyectos/ExamenDeGrado/C#/php/ugb/vendor/laravel/framework/src/Illuminate/Cache/DatabaseStore.php(142): Illuminate/Database/Query/Builder->get()
#5 D:/josej/Documents/Proyectos/ExamenDeGrado/C#/php/ugb/vendor/laravel/framework/src/Illuminate/Cache/Repository.php(167): Illuminate/Cache/DatabaseStore->many(Array)
#6 D:/josej/Documents/Proyectos/ExamenDeGrado/C#/php/ugb/vendor/laravel/framework/src/Illuminate/Queue/QueueManager.php(335): Illuminate/Cache/Repository->many(Array)
#7 D:/josej/Documents/Proyectos/ExamenDeGrado/C#/php/ugb/vendor/laravel/framework/src/Illuminate/Queue/Worker.php(489): Illuminate/Queue/QueueManager->getPausedQueues('database', Array)
#8 D:/josej/Documents/Proyectos/ExamenDeGrado/C#/php/ugb/vendor/laravel/framework/src/Illuminate/Queue/Worker.php(450): Illuminate/Queue/Worker->getPausedQueues('database', Array)
#9 D:/josej/Documents/Proyectos/ExamenDeGrado/C#/php/ugb/vendor/laravel/framework/src/Illuminate/Queue/Worker.php(410): Illuminate/Queue/Worker->getNextJob(Object(Illuminate/Queue/DatabaseQueue), 'default')
#10 D:/josej/Documents/Proyectos/ExamenDeGrado/C#/php/ugb/vendor/laravel/framework/src/Illuminate/Queue/Console/WorkCommand.php(149): Illuminate/Queue/Worker->runNextJob('database', 'default', Object(Illuminate/Queue/WorkerOptions))
#11 D:/josej/Documents/Proyectos/ExamenDeGrado/C#/php/ugb/vendor/laravel/framework/src/Illuminate/Queue/Console/WorkCommand.php(132): Illuminate/Queue/Console/WorkCommand->runWorker('database', 'default')
#12 D:/josej/Documents/Proyectos/ExamenDeGrado/C#/php/ugb/vendor/laravel/framework/src/Illuminate/Container/BoundMethod.php(36): Illuminate/Queue/Console/WorkCommand->handle()
#13 D:/josej/Documents/Proyectos/ExamenDeGrado/C#/php/ugb/vendor/laravel/framework/src/Illuminate/Container/Util.php(43): Illuminate/Container/BoundMethod::{closure:Illuminate/Container/BoundMethod::call():35}()
#14 D:/josej/Documents/Proyectos/ExamenDeGrado/C#/php/ugb/vendor/laravel/framework/src/Illuminate/Container/BoundMethod.php(96): Illuminate/Container/Util::unwrapIfClosure(Object(Closure))
#15 D:/josej/Documents/Proyectos/ExamenDeGrado/C#/php/ugb/vendor/laravel/framework/src/Illuminate/Container/BoundMethod.php(35): Illuminate/Container/BoundMethod::callBoundMethod(Object(Illuminate/Foundation/Application), Array, Object(Closure))
#16 D:/josej/Documents/Proyectos/ExamenDeGrado/C#/php/ugb/vendor/laravel/framework/src/Illuminate/Container/Container.php(801): Illuminate/Container/BoundMethod::call(Object(Illuminate/Foundation/Application), Array, Array, NULL)
#17 D:/josej/Documents/Proyectos/ExamenDeGrado/C#/php/ugb/vendor/laravel/framework/src/Illuminate/Console/Command.php(292): Illuminate/Container/Container->call(Array)
#18 D:/josej/Documents/Proyectos/ExamenDeGrado/C#/php/ugb/vendor/symfony/console/Command/Command.php(284): Illuminate/Console/Command->execute(Object(Symfony/Component/Console/Input/ArgvInput), Object(Illuminate/Console/OutputStyle))
#19 D:/josej/Documents/Proyectos/ExamenDeGrado/C#/php/ugb/vendor/laravel/framework/src/Illuminate/Console/Command.php(261): Symfony/Component/Console/Command/Command->run(Object(Symfony/Component/Console/Input/ArgvInput), Object(Illuminate/Console/OutputStyle))
#20 D:/josej/Documents/Proyectos/ExamenDeGrado/C#/php/ugb/vendor/symfony/console/Application.php(1144): Illuminate/Console/Command->run(Object(Symfony/Component/Console/Input/ArgvInput), Object(Symfony/Component/Console/Output/ConsoleOutput))
#21 D:/josej/Documents/Proyectos/ExamenDeGrado/C#/php/ugb/vendor/symfony/console/Application.php(379): Symfony/Component/Console/Application->doRunCommand(Object(Illuminate/Queue/Console/WorkCommand), Object(Symfony/Component/Console/Input/ArgvInput), Object(Symfony/Component/Console/Output/ConsoleOutput))
#22 D:/josej/Documents/Proyectos/ExamenDeGrado/C#/php/ugb/vendor/symfony/console/Application.php(218): Symfony/Component/Console/Application->doRun(Object(Symfony/Component/Console/Input/ArgvInput), Object(Symfony/Component/Console/Output/ConsoleOutput))
#23 D:/josej/Documents/Proyectos/ExamenDeGrado/C#/php/ugb/vendor/laravel/framework/src/Illuminate/Foundation/Console/Kernel.php(198): Symfony/Component/Console/Application->run(Object(Symfony/Component/Console/Input/ArgvInput), Object(Symfony/Component/Console/Output/ConsoleOutput))
#24 D:/josej/Documents/Proyectos/ExamenDeGrado/C#/php/ugb/vendor/laravel/framework/src/Illuminate/Foundation/Application.php(1242): Illuminate/Foundation/Console/Kernel->handle(Object(Symfony/Component/Console/Input/ArgvInput), Object(Symfony/Component/Console/Output/ConsoleOutput))
#25 D:/josej/Documents/Proyectos/ExamenDeGrado/C#/php/ugb/artisan(16): Illuminate/Foundation/Application->handleCommand(Object(Symfony/Component/Console/Input/ArgvInput))
#26 {main}

[previous exception] [object] (PDOException(code: HY000): SQLSTATE[HY000]: General error: 1 no such table: cache at D:/josej/Documents/Proyectos/ExamenDeGrado/C#/php/ugb/vendor/laravel/framework/src/Illuminate/Database/Connection.php:435)
[stacktrace]
#0 D:/josej/Documents/Proyectos/ExamenDeGrado/C#/php/ugb/vendor/laravel/framework/src/Illuminate/Database/Connection.php(435): PDO->prepare('select * from \"...')
#1 D:/josej/Documents/Proyectos/ExamenDeGrado/C#/php/ugb/vendor/laravel/framework/src/Illuminate/Database/Connection.php(846): Illuminate/Database/Connection->{closure:Illuminate/Database/Connection::select():426}('select * from \"...', Array)
#2 D:/josej/Documents/Proyectos/ExamenDeGrado/C#/php/ugb/vendor/laravel/framework/src/Illuminate/Database/Connection.php(813): Illuminate/Database/Connection->runQueryCallback('select * from \"...', Array, Object(Closure))
#3 D:/josej/Documents/Proyectos/ExamenDeGrado/C#/php/ugb/vendor/laravel/framework/src/Illuminate/Database/Connection.php(426): Illuminate/Database/Connection->run('select * from \"...', Array, Object(Closure))
#4 D:/josej/Documents/Proyectos/ExamenDeGrado/C#/php/ugb/vendor/laravel/framework/src/Illuminate/Database/Query/Builder.php(3573): Illuminate/Database/Connection->select('select * from \"...', Array, true, Array)
#5 D:/josej/Documents/Proyectos/ExamenDeGrado/C#/php/ugb/vendor/laravel/framework/src/Illuminate/Database/Query/Builder.php(3557): Illuminate/Database/Query/Builder->runSelect()
#6 D:/josej/Documents/Proyectos/ExamenDeGrado/C#/php/ugb/vendor/laravel/framework/src/Illuminate/Cache/DatabaseStore.php(142): Illuminate/Database/Query/Builder->get()
#7 D:/josej/Documents/Proyectos/ExamenDeGrado/C#/php/ugb/vendor/laravel/framework/src/Illuminate/Cache/Repository.php(167): Illuminate/Cache/DatabaseStore->many(Array)
#8 D:/josej/Documents/Proyectos/ExamenDeGrado/C#/php/ugb/vendor/laravel/framework/src/Illuminate/Queue/QueueManager.php(335): Illuminate/Cache/Repository->many(Array)
#9 D:/josej/Documents/Proyectos/ExamenDeGrado/C#/php/ugb/vendor/laravel/framework/src/Illuminate/Queue/Worker.php(489): Illuminate/Queue/QueueManager->getPausedQueues('database', Array)
#10 D:/josej/Documents/Proyectos/ExamenDeGrado/C#/php/ugb/vendor/laravel/framework/src/Illuminate/Queue/Worker.php(450): Illuminate/Queue/Worker->getPausedQueues('database', Array)
#11 D:/josej/Documents/Proyectos/ExamenDeGrado/C#/php/ugb/vendor/laravel/framework/src/Illuminate/Queue/Worker.php(410): Illuminate/Queue/Worker->getNextJob(Object(Illuminate/Queue/DatabaseQueue), 'default')
#12 D:/josej/Documents/Proyectos/ExamenDeGrado/C#/php/ugb/vendor/laravel/framework/src/Illuminate/Queue/Console/WorkCommand.php(149): Illuminate/Queue/Worker->runNextJob('database', 'default', Object(Illuminate/Queue/WorkerOptions))
#13 D:/josej/Documents/Proyectos/ExamenDeGrado/C#/php/ugb/vendor/laravel/framework/src/Illuminate/Queue/Console/WorkCommand.php(132): Illuminate/Queue/Console/WorkCommand->runWorker('database', 'default')
#14 D:/josej/Documents/Proyectos/ExamenDeGrado/C#/php/ugb/vendor/laravel/framework/src/Illuminate/Container/BoundMethod.php(36): Illuminate/Queue/Console/WorkCommand->handle()
#15 D:/josej/Documents/Proyectos/ExamenDeGrado/C#/php/ugb/vendor/laravel/framework/src/Illuminate/Container/Util.php(43): Illuminate/Container/BoundMethod::{closure:Illuminate/Container/BoundMethod::call():35}()
#16 D:/josej/Documents/Proyectos/ExamenDeGrado/C#/php/ugb/vendor/laravel/framework/src/Illuminate/Container/BoundMethod.php(96): Illuminate/Container/Util::unwrapIfClosure(Object(Closure))
#17 D:/josej/Documents/Proyectos/ExamenDeGrado/C#/php/ugb/vendor/laravel/framework/src/Illuminate/Container/BoundMethod.php(35): Illuminate/Container/BoundMethod::callBoundMethod(Object(Illuminate/Foundation/Application), Array, Object(Closure))
#18 D:/josej/Documents/Proyectos/ExamenDeGrado/C#/php/ugb/vendor/laravel/framework/src/Illuminate/Container/Container.php(801): Illuminate/Container/BoundMethod::call(Object(Illuminate/Foundation/Application), Array, Array, NULL)
#19 D:/josej/Documents/Proyectos/ExamenDeGrado/C#/php/ugb/vendor/laravel/framework/src/Illuminate/Console/Command.php(292): Illuminate/Container/Container->call(Array)
#20 D:/josej/Documents/Proyectos/ExamenDeGrado/C#/php/ugb/vendor/symfony/console/Command/Command.php(284): Illuminate/Console/Command->execute(Object(Symfony/Component/Console/Input/ArgvInput), Object(Illuminate/Console/OutputStyle))
#21 D:/josej/Documents/Proyectos/ExamenDeGrado/C#/php/ugb/vendor/laravel/framework/src/Illuminate/Console/Command.php(261): Symfony/Component/Console/Command/Command->run(Object(Symfony/Component/Console/Input/ArgvInput), Object(Illuminate/Console/OutputStyle))
#22 D:/josej/Documents/Proyectos/ExamenDeGrado/C#/php/ugb/vendor/symfony/console/Application.php(1144): Illuminate/Console/Command->run(Object(Symfony/Component/Console/Input/ArgvInput), Object(Symfony/Component/Console/Output/ConsoleOutput))
#23 D:/josej/Documents/Proyectos/ExamenDeGrado/C#/php/ugb/vendor/symfony/console/Application.php(379): Symfony/Component/Console/Application->doRunCommand(Object(Illuminate/Queue/Console/WorkCommand), Object(Symfony/Component/Console/Input/ArgvInput), Object(Symfony/Component/Console/Output/ConsoleOutput))
#24 D:/josej/Documents/Proyectos/ExamenDeGrado/C#/php/ugb/vendor/symfony/console/Application.php(218): Symfony/Component/Console/Application->doRun(Object(Symfony/Component/Console/Input/ArgvInput), Object(Symfony/Component/Console/Output/ConsoleOutput))
#25 D:/josej/Documents/Proyectos/ExamenDeGrado/C#/php/ugb/vendor/laravel/framework/src/Illuminate/Foundation/Console/Kernel.php(198): Symfony/Component/Console/Application->run(Object(Symfony/Component/Console/Input/ArgvInput), Object(Symfony/Component/Console/Output/ConsoleOutput))
#26 D:/josej/Documents/Proyectos/ExamenDeGrado/C#/php/ugb/vendor/laravel/framework/src/Illuminate/Foundation/Application.php(1242): Illuminate/Foundation/Console/Kernel->handle(Object(Symfony/Component/Console/Input/ArgvInput), Object(Symfony/Component/Console/Output/ConsoleOutput))
#27 D:/josej/Documents/Proyectos/ExamenDeGrado/C#/php/ugb/artisan(16): Illuminate/Foundation/Application->handleCommand(Object(Symfony/Component/Console/Input/ArgvInput))
#28 {main}
"} 
[2026-08-17 01:45:53] local.ERROR: SQLSTATE[HY000]: General error: 1 no such table: cache (Connection: sqlite, Database: D:\josej\Documents\Proyectos\ExamenDeGrado\C#\php\ugb\database\database.sqlite, SQL: select * from "cache" where "key" in (laravel-cache-illuminate:queues:paused, laravel-cache-illuminate:queue:paused:database:default)) {"exception":"[object] (Illuminate\\Database\\QueryException(code: HY000): SQLSTATE[HY000]: General error: 1 no such table: cache (Connection: sqlite, Database: D:\\josej\\Documents\\Proyectos\\ExamenDeGrado\\C#\\php\\ugb\\database\\database.sqlite, SQL: select * from \"cache\" where \"key\" in (laravel-cache-illuminate:queues:paused, laravel-cache-illuminate:queue:paused:database:default)) at D:/josej/Documents/Proyectos/ExamenDeGrado/C#/php/ugb/vendor/laravel/framework/src/Illuminate/Database/Connection.php:857)
[stacktrace]
#0 D:/josej/Documents/Proyectos/ExamenDeGrado/C#/php/ugb/vendor/laravel/framework/src/Illuminate/Database/Connection.php(813): Illuminate/Database/Connection->runQueryCallback('select * from \"...', Array, Object(Closure))
#1 D:/josej/Documents/Proyectos/ExamenDeGrado/C#/php/ugb/vendor/laravel/framework/src/Illuminate/Database/Connection.php(426): Illuminate/Database/Connection->run('select * from \"...', Array, Object(Closure))
#2 D:/josej/Documents/Proyectos/ExamenDeGrado/C#/php/ugb/vendor/laravel/framework/src/Illuminate/Database/Query/Builder.php(3573): Illuminate/Database/Connection->select('select * from \"...', Array, true, Array)
#3 D:/josej/Documents/Proyectos/ExamenDeGrado/C#/php/ugb/vendor/laravel/framework/src/Illuminate/Database/Query/Builder.php(3557): Illuminate/Database/Query/Builder->runSelect()
#4 D:/josej/Documents/Proyectos/ExamenDeGrado/C#/php/ugb/vendor/laravel/framework/src/Illuminate/Cache/DatabaseStore.php(142): Illuminate/Database/Query/Builder->get()
#5 D:/josej/Documents/Proyectos/ExamenDeGrado/C#/php/ugb/vendor/laravel/framework/src/Illuminate/Cache/Repository.php(167): Illuminate/Cache/DatabaseStore->many(Array)
#6 D:/josej/Documents/Proyectos/ExamenDeGrado/C#/php/ugb/vendor/laravel/framework/src/Illuminate/Queue/QueueManager.php(335): Illuminate/Cache/Repository->many(Array)
#7 D:/josej/Documents/Proyectos/ExamenDeGrado/C#/php/ugb/vendor/laravel/framework/src/Illuminate/Queue/Worker.php(489): Illuminate/Queue/QueueManager->getPausedQueues('database', Array)
#8 D:/josej/Documents/Proyectos/ExamenDeGrado/C#/php/ugb/vendor/laravel/framework/src/Illuminate/Queue/Worker.php(450): Illuminate/Queue/Worker->getPausedQueues('database', Array)
#9 D:/josej/Documents/Proyectos/ExamenDeGrado/C#/php/ugb/vendor/laravel/framework/src/Illuminate/Queue/Worker.php(410): Illuminate/Queue/Worker->getNextJob(Object(Illuminate/Queue/DatabaseQueue), 'default')
#10 D:/josej/Documents/Proyectos/ExamenDeGrado/C#/php/ugb/vendor/laravel/framework/src/Illuminate/Queue/Console/WorkCommand.php(149): Illuminate/Queue/Worker->runNextJob('database', 'default', Object(Illuminate/Queue/WorkerOptions))
#11 D:/josej/Documents/Proyectos/ExamenDeGrado/C#/php/ugb/vendor/laravel/framework/src/Illuminate/Queue/Console/WorkCommand.php(132): Illuminate/Queue/Console/WorkCommand->runWorker('database', 'default')
#12 D:/josej/Documents/Proyectos/ExamenDeGrado/C#/php/ugb/vendor/laravel/framework/src/Illuminate/Container/BoundMethod.php(36): Illuminate/Queue/Console/WorkCommand->handle()
#13 D:/josej/Documents/Proyectos/ExamenDeGrado/C#/php/ugb/vendor/laravel/framework/src/Illuminate/Container/Util.php(43): Illuminate/Container/BoundMethod::{closure:Illuminate/Container/BoundMethod::call():35}()
#14 D:/josej/Documents/Proyectos/ExamenDeGrado/C#/php/ugb/vendor/laravel/framework/src/Illuminate/Container/BoundMethod.php(96): Illuminate/Container/Util::unwrapIfClosure(Object(Closure))
#15 D:/josej/Documents/Proyectos/ExamenDeGrado/C#/php/ugb/vendor/laravel/framework/src/Illuminate/Container/BoundMethod.php(35): Illuminate/Container/BoundMethod::callBoundMethod(Object(Illuminate/Foundation/Application), Array, Object(Closure))
#16 D:/josej/Documents/Proyectos/ExamenDeGrado/C#/php/ugb/vendor/laravel/framework/src/Illuminate/Container/Container.php(801): Illuminate/Container/BoundMethod::call(Object(Illuminate/Foundation/Application), Array, Array, NULL)
#17 D:/josej/Documents/Proyectos/ExamenDeGrado/C#/php/ugb/vendor/laravel/framework/src/Illuminate/Console/Command.php(292): Illuminate/Container/Container->call(Array)
#18 D:/josej/Documents/Proyectos/ExamenDeGrado/C#/php/ugb/vendor/symfony/console/Command/Command.php(284): Illuminate/Console/Command->execute(Object(Symfony/Component/Console/Input/ArgvInput), Object(Illuminate/Console/OutputStyle))
#19 D:/josej/Documents/Proyectos/ExamenDeGrado/C#/php/ugb/vendor/laravel/framework/src/Illuminate/Console/Command.php(261): Symfony/Component/Console/Command/Command->run(Object(Symfony/Component/Console/Input/ArgvInput), Object(Illuminate/Console/OutputStyle))
#20 D:/josej/Documents/Proyectos/ExamenDeGrado/C#/php/ugb/vendor/symfony/console/Application.php(1144): Illuminate/Console/Command->run(Object(Symfony/Component/Console/Input/ArgvInput), Object(Symfony/Component/Console/Output/ConsoleOutput))
#21 D:/josej/Documents/Proyectos/ExamenDeGrado/C#/php/ugb/vendor/symfony/console/Application.php(379): Symfony/Component/Console/Application->doRunCommand(Object(Illuminate/Queue/Console/WorkCommand), Object(Symfony/Component/Console/Input/ArgvInput), Object(Symfony/Component/Console/Output/ConsoleOutput))
#22 D:/josej/Documents/Proyectos/ExamenDeGrado/C#/php/ugb/vendor/symfony/console/Application.php(218): Symfony/Component/Console/Application->doRun(Object(Symfony/Component/Console/Input/ArgvInput), Object(Symfony/Component/Console/Output/ConsoleOutput))
#23 D:/josej/Documents/Proyectos/ExamenDeGrado/C#/php/ugb/vendor/laravel/framework/src/Illuminate/Foundation/Console/Kernel.php(198): Symfony/Component/Console/Application->run(Object(Symfony/Component/Console/Input/ArgvInput), Object(Symfony/Component/Console/Output/ConsoleOutput))
#24 D:/josej/Documents/Proyectos/ExamenDeGrado/C#/php/ugb/vendor/laravel/framework/src/Illuminate/Foundation/Application.php(1242): Illuminate/Foundation/Console/Kernel->handle(Object(Symfony/Component/Console/Input/ArgvInput), Object(Symfony/Component/Console/Output/ConsoleOutput))
#25 D:/josej/Documents/Proyectos/ExamenDeGrado/C#/php/ugb/artisan(16): Illuminate/Foundation/Application->handleCommand(Object(Symfony/Component/Console/Input/ArgvInput))
#26 {main}

[previous exception] [object] (PDOException(code: HY000): SQLSTATE[HY000]: General error: 1 no such table: cache at D:/josej/Documents/Proyectos/ExamenDeGrado/C#/php/ugb/vendor/laravel/framework/src/Illuminate/Database/Connection.php:435)
[stacktrace]
#0 D:/josej/Documents/Proyectos/ExamenDeGrado/C#/php/ugb/vendor/laravel/framework/src/Illuminate/Database/Connection.php(435): PDO->prepare('select * from \"...')
#1 D:/josej/Documents/Proyectos/ExamenDeGrado/C#/php/ugb/vendor/laravel/framework/src/Illuminate/Database/Connection.php(846): Illuminate/Database/Connection->{closure:Illuminate/Database/Connection::select():426}('select * from \"...', Array)
#2 D:/josej/Documents/Proyectos/ExamenDeGrado/C#/php/ugb/vendor/laravel/framework/src/Illuminate/Database/Connection.php(813): Illuminate/Database/Connection->runQueryCallback('select * from \"...', Array, Object(Closure))
#3 D:/josej/Documents/Proyectos/ExamenDeGrado/C#/php/ugb/vendor/laravel/framework/src/Illuminate/Database/Connection.php(426): Illuminate/Database/Connection->run('select * from \"...', Array, Object(Closure))
#4 D:/josej/Documents/Proyectos/ExamenDeGrado/C#/php/ugb/vendor/laravel/framework/src/Illuminate/Database/Query/Builder.php(3573): Illuminate/Database/Connection->select('select * from \"...', Array, true, Array)
#5 D:/josej/Documents/Proyectos/ExamenDeGrado/C#/php/ugb/vendor/laravel/framework/src/Illuminate/Database/Query/Builder.php(3557): Illuminate/Database/Query/Builder->runSelect()
#6 D:/josej/Documents/Proyectos/ExamenDeGrado/C#/php/ugb/vendor/laravel/framework/src/Illuminate/Cache/DatabaseStore.php(142): Illuminate/Database/Query/Builder->get()
#7 D:/josej/Documents/Proyectos/ExamenDeGrado/C#/php/ugb/vendor/laravel/framework/src/Illuminate/Cache/Repository.php(167): Illuminate/Cache/DatabaseStore->many(Array)
#8 D:/josej/Documents/Proyectos/ExamenDeGrado/C#/php/ugb/vendor/laravel/framework/src/Illuminate/Queue/QueueManager.php(335): Illuminate/Cache/Repository->many(Array)
#9 D:/josej/Documents/Proyectos/ExamenDeGrado/C#/php/ugb/vendor/laravel/framework/src/Illuminate/Queue/Worker.php(489): Illuminate/Queue/QueueManager->getPausedQueues('database', Array)
#10 D:/josej/Documents/Proyectos/ExamenDeGrado/C#/php/ugb/vendor/laravel/framework/src/Illuminate/Queue/Worker.php(450): Illuminate/Queue/Worker->getPausedQueues('database', Array)
#11 D:/josej/Documents/Proyectos/ExamenDeGrado/C#/php/ugb/vendor/laravel/framework/src/Illuminate/Queue/Worker.php(410): Illuminate/Queue/Worker->getNextJob(Object(Illuminate/Queue/DatabaseQueue), 'default')
#12 D:/josej/Documents/Proyectos/ExamenDeGrado/C#/php/ugb/vendor/laravel/framework/src/Illuminate/Queue/Console/WorkCommand.php(149): Illuminate/Queue/Worker->runNextJob('database', 'default', Object(Illuminate/Queue/WorkerOptions))
#13 D:/josej/Documents/Proyectos/ExamenDeGrado/C#/php/ugb/vendor/laravel/framework/src/Illuminate/Queue/Console/WorkCommand.php(132): Illuminate/Queue/Console/WorkCommand->runWorker('database', 'default')
#14 D:/josej/Documents/Proyectos/ExamenDeGrado/C#/php/ugb/vendor/laravel/framework/src/Illuminate/Container/BoundMethod.php(36): Illuminate/Queue/Console/WorkCommand->handle()
#15 D:/josej/Documents/Proyectos/ExamenDeGrado/C#/php/ugb/vendor/laravel/framework/src/Illuminate/Container/Util.php(43): Illuminate/Container/BoundMethod::{closure:Illuminate/Container/BoundMethod::call():35}()
#16 D:/josej/Documents/Proyectos/ExamenDeGrado/C#/php/ugb/vendor/laravel/framework/src/Illuminate/Container/BoundMethod.php(96): Illuminate/Container/Util::unwrapIfClosure(Object(Closure))
#17 D:/josej/Documents/Proyectos/ExamenDeGrado/C#/php/ugb/vendor/laravel/framework/src/Illuminate/Container/BoundMethod.php(35): Illuminate/Container/BoundMethod::callBoundMethod(Object(Illuminate/Foundation/Application), Array, Object(Closure))
#18 D:/josej/Documents/Proyectos/ExamenDeGrado/C#/php/ugb/vendor/laravel/framework/src/Illuminate/Container/Container.php(801): Illuminate/Container/BoundMethod::call(Object(Illuminate/Foundation/Application), Array, Array, NULL)
#19 D:/josej/Documents/Proyectos/ExamenDeGrado/C#/php/ugb/vendor/laravel/framework/src/Illuminate/Console/Command.php(292): Illuminate/Container/Container->call(Array)
#20 D:/josej/Documents/Proyectos/ExamenDeGrado/C#/php/ugb/vendor/symfony/console/Command/Command.php(284): Illuminate/Console/Command->execute(Object(Symfony/Component/Console/Input/ArgvInput), Object(Illuminate/Console/OutputStyle))
#21 D:/josej/Documents/Proyectos/ExamenDeGrado/C#/php/ugb/vendor/laravel/framework/src/Illuminate/Console/Command.php(261): Symfony/Component/Console/Command/Command->run(Object(Symfony/Component/Console/Input/ArgvInput), Object(Illuminate/Console/OutputStyle))
#22 D:/josej/Documents/Proyectos/ExamenDeGrado/C#/php/ugb/vendor/symfony/console/Application.php(1144): Illuminate/Console/Command->run(Object(Symfony/Component/Console/Input/ArgvInput), Object(Symfony/Component/Console/Output/ConsoleOutput))
#23 D:/josej/Documents/Proyectos/ExamenDeGrado/C#/php/ugb/vendor/symfony/console/Application.php(379): Symfony/Component/Console/Application->doRunCommand(Object(Illuminate/Queue/Console/WorkCommand), Object(Symfony/Component/Console/Input/ArgvInput), Object(Symfony/Component/Console/Output/ConsoleOutput))
#24 D:/josej/Documents/Proyectos/ExamenDeGrado/C#/php/ugb/vendor/symfony/console/Application.php(218): Symfony/Component/Console/Application->doRun(Object(Symfony/Component/Console/Input/ArgvInput), Object(Symfony/Component/Console/Output/ConsoleOutput))
#25 D:/josej/Documents/Proyectos/ExamenDeGrado/C#/php/ugb/vendor/laravel/framework/src/Illuminate/Foundation/Console/Kernel.php(198): Symfony/Component/Console/Application->run(Object(Symfony/Component/Console/Input/ArgvInput), Object(Symfony/Component/Console/Output/ConsoleOutput))
#26 D:/josej/Documents/Proyectos/ExamenDeGrado/C#/php/ugb/vendor/laravel/framework/src/Illuminate/Foundation/Application.php(1242): Illuminate/Foundation/Console/Kernel->handle(Object(Symfony/Component/Console/Input/ArgvInput), Object(Symfony/Component/Console/Output/ConsoleOutput))
#27 D:/josej/Documents/Proyectos/ExamenDeGrado/C#/php/ugb/artisan(16): Illuminate/Foundation/Application->handleCommand(Object(Symfony/Component/Console/Input/ArgvInput))
#28 {main}
"} 
[2026-08-17 01:45:57] local.ERROR: SQLSTATE[HY000]: General error: 1 no such table: cache (Connection: sqlite, Database: D:\josej\Documents\Proyectos\ExamenDeGrado\C#\php\ugb\database\database.sqlite, SQL: select * from "cache" where "key" in (laravel-cache-illuminate:queues:paused, laravel-cache-illuminate:queue:paused:database:default)) {"exception":"[object] (Illuminate\\Database\\QueryException(code: HY000): SQLSTATE[HY000]: General error: 1 no such table: cache (Connection: sqlite, Database: D:\\josej\\Documents\\Proyectos\\ExamenDeGrado\\C#\\php\\ugb\\database\\database.sqlite, SQL: select * from \"cache\" where \"key\" in (laravel-cache-illuminate:queues:paused, laravel-cache-illuminate:queue:paused:database:default)) at D:/josej/Documents/Proyectos/ExamenDeGrado/C#/php/ugb/vendor/laravel/framework/src/Illuminate/Database/Connection.php:857)
[stacktrace]
#0 D:/josej/Documents/Proyectos/ExamenDeGrado/C#/php/ugb/vendor/laravel/framework/src/Illuminate/Database/Connection.php(813): Illuminate/Database/Connection->runQueryCallback('select * from \"...', Array, Object(Closure))
#1 D:/josej/Documents/Proyectos/ExamenDeGrado/C#/php/ugb/vendor/laravel/framework/src/Illuminate/Database/Connection.php(426): Illuminate/Database/Connection->run('select * from \"...', Array, Object(Closure))
#2 D:/josej/Documents/Proyectos/ExamenDeGrado/C#/php/ugb/vendor/laravel/framework/src/Illuminate/Database/Query/Builder.php(3573): Illuminate/Database/Connection->select('select * from \"...', Array, true, Array)
#3 D:/josej/Documents/Proyectos/ExamenDeGrado/C#/php/ugb/vendor/laravel/framework/src/Illuminate/Database/Query/Builder.php(3557): Illuminate/Database/Query/Builder->runSelect()
#4 D:/josej/Documents/Proyectos/ExamenDeGrado/C#/php/ugb/vendor/laravel/framework/src/Illuminate/Cache/DatabaseStore.php(142): Illuminate/Database/Query/Builder->get()
#5 D:/josej/Documents/Proyectos/ExamenDeGrado/C#/php/ugb/vendor/laravel/framework/src/Illuminate/Cache/Repository.php(167): Illuminate/Cache/DatabaseStore->many(Array)
#6 D:/josej/Documents/Proyectos/ExamenDeGrado/C#/php/ugb/vendor/laravel/framework/src/Illuminate/Queue/QueueManager.php(335): Illuminate/Cache/Repository->many(Array)
#7 D:/josej/Documents/Proyectos/ExamenDeGrado/C#/php/ugb/vendor/laravel/framework/src/Illuminate/Queue/Worker.php(489): Illuminate/Queue/QueueManager->getPausedQueues('database', Array)
#8 D:/josej/Documents/Proyectos/ExamenDeGrado/C#/php/ugb/vendor/laravel/framework/src/Illuminate/Queue/Worker.php(450): Illuminate/Queue/Worker->getPausedQueues('database', Array)
#9 D:/josej/Documents/Proyectos/ExamenDeGrado/C#/php/ugb/vendor/laravel/framework/src/Illuminate/Queue/Worker.php(410): Illuminate/Queue/Worker->getNextJob(Object(Illuminate/Queue/DatabaseQueue), 'default')
#10 D:/josej/Documents/Proyectos/ExamenDeGrado/C#/php/ugb/vendor/laravel/framework/src/Illuminate/Queue/Console/WorkCommand.php(149): Illuminate/Queue/Worker->runNextJob('database', 'default', Object(Illuminate/Queue/WorkerOptions))
#11 D:/josej/Documents/Proyectos/ExamenDeGrado/C#/php/ugb/vendor/laravel/framework/src/Illuminate/Queue/Console/WorkCommand.php(132): Illuminate/Queue/Console/WorkCommand->runWorker('database', 'default')
#12 D:/josej/Documents/Proyectos/ExamenDeGrado/C#/php/ugb/vendor/laravel/framework/src/Illuminate/Container/BoundMethod.php(36): Illuminate/Queue/Console/WorkCommand->handle()
#13 D:/josej/Documents/Proyectos/ExamenDeGrado/C#/php/ugb/vendor/laravel/framework/src/Illuminate/Container/Util.php(43): Illuminate/Container/BoundMethod::{closure:Illuminate/Container/BoundMethod::call():35}()
#14 D:/josej/Documents/Proyectos/ExamenDeGrado/C#/php/ugb/vendor/laravel/framework/src/Illuminate/Container/BoundMethod.php(96): Illuminate/Container/Util::unwrapIfClosure(Object(Closure))
#15 D:/josej/Documents/Proyectos/ExamenDeGrado/C#/php/ugb/vendor/laravel/framework/src/Illuminate/Container/BoundMethod.php(35): Illuminate/Container/BoundMethod::callBoundMethod(Object(Illuminate/Foundation/Application), Array, Object(Closure))
#16 D:/josej/Documents/Proyectos/ExamenDeGrado/C#/php/ugb/vendor/laravel/framework/src/Illuminate/Container/Container.php(801): Illuminate/Container/BoundMethod::call(Object(Illuminate/Foundation/Application), Array, Array, NULL)
#17 D:/josej/Documents/Proyectos/ExamenDeGrado/C#/php/ugb/vendor/laravel/framework/src/Illuminate/Console/Command.php(292): Illuminate/Container/Container->call(Array)
#18 D:/josej/Documents/Proyectos/ExamenDeGrado/C#/php/ugb/vendor/symfony/console/Command/Command.php(284): Illuminate/Console/Command->execute(Object(Symfony/Component/Console/Input/ArgvInput), Object(Illuminate/Console/OutputStyle))
#19 D:/josej/Documents/Proyectos/ExamenDeGrado/C#/php/ugb/vendor/laravel/framework/src/Illuminate/Console/Command.php(261): Symfony/Component/Console/Command/Command->run(Object(Symfony/Component/Console/Input/ArgvInput), Object(Illuminate/Console/OutputStyle))
#20 D:/josej/Documents/Proyectos/ExamenDeGrado/C#/php/ugb/vendor/symfony/console/Application.php(1144): Illuminate/Console/Command->run(Object(Symfony/Component/Console/Input/ArgvInput), Object(Symfony/Component/Console/Output/ConsoleOutput))
#21 D:/josej/Documents/Proyectos/ExamenDeGrado/C#/php/ugb/vendor/symfony/console/Application.php(379): Symfony/Component/Console/Application->doRunCommand(Object(Illuminate/Queue/Console/WorkCommand), Object(Symfony/Component/Console/Input/ArgvInput), Object(Symfony/Component/Console/Output/ConsoleOutput))
#22 D:/josej/Documents/Proyectos/ExamenDeGrado/C#/php/ugb/vendor/symfony/console/Application.php(218): Symfony/Component/Console/Application->doRun(Object(Symfony/Component/Console/Input/ArgvInput), Object(Symfony/Component/Console/Output/ConsoleOutput))
#23 D:/josej/Documents/Proyectos/ExamenDeGrado/C#/php/ugb/vendor/laravel/framework/src/Illuminate/Foundation/Console/Kernel.php(198): Symfony/Component/Console/Application->run(Object(Symfony/Component/Console/Input/ArgvInput), Object(Symfony/Component/Console/Output/ConsoleOutput))
#24 D:/josej/Documents/Proyectos/ExamenDeGrado/C#/php/ugb/vendor/laravel/framework/src/Illuminate/Foundation/Application.php(1242): Illuminate/Foundation/Console/Kernel->handle(Object(Symfony/Component/Console/Input/ArgvInput), Object(Symfony/Component/Console/Output/ConsoleOutput))
#25 D:/josej/Documents/Proyectos/ExamenDeGrado/C#/php/ugb/artisan(16): Illuminate/Foundation/Application->handleCommand(Object(Symfony/Component/Console/Input/ArgvInput))
#26 {main}

[previous exception] [object] (PDOException(code: HY000): SQLSTATE[HY000]: General error: 1 no such table: cache at D:/josej/Documents/Proyectos/ExamenDeGrado/C#/php/ugb/vendor/laravel/framework/src/Illuminate/Database/Connection.php:435)
[stacktrace]
#0 D:/josej/Documents/Proyectos/ExamenDeGrado/C#/php/ugb/vendor/laravel/framework/src/Illuminate/Database/Connection.php(435): PDO->prepare('select * from \"...')
#1 D:/josej/Documents/Proyectos/ExamenDeGrado/C#/php/ugb/vendor/laravel/framework/src/Illuminate/Database/Connection.php(846): Illuminate/Database/Connection->{closure:Illuminate/Database/Connection::select():426}('select * from \"...', Array)
#2 D:/josej/Documents/Proyectos/ExamenDeGrado/C#/php/ugb/vendor/laravel/framework/src/Illuminate/Database/Connection.php(813): Illuminate/Database/Connection->runQueryCallback('select * from \"...', Array, Object(Closure))
#3 D:/josej/Documents/Proyectos/ExamenDeGrado/C#/php/ugb/vendor/laravel/framework/src/Illuminate/Database/Connection.php(426): Illuminate/Database/Connection->run('select * from \"...', Array, Object(Closure))
#4 D:/josej/Documents/Proyectos/ExamenDeGrado/C#/php/ugb/vendor/laravel/framework/src/Illuminate/Database/Query/Builder.php(3573): Illuminate/Database/Connection->select('select * from \"...', Array, true, Array)
#5 D:/josej/Documents/Proyectos/ExamenDeGrado/C#/php/ugb/vendor/laravel/framework/src/Illuminate/Database/Query/Builder.php(3557): Illuminate/Database/Query/Builder->runSelect()
#6 D:/josej/Documents/Proyectos/ExamenDeGrado/C#/php/ugb/vendor/laravel/framework/src/Illuminate/Cache/DatabaseStore.php(142): Illuminate/Database/Query/Builder->get()
#7 D:/josej/Documents/Proyectos/ExamenDeGrado/C#/php/ugb/vendor/laravel/framework/src/Illuminate/Cache/Repository.php(167): Illuminate/Cache/DatabaseStore->many(Array)
#8 D:/josej/Documents/Proyectos/ExamenDeGrado/C#/php/ugb/vendor/laravel/framework/src/Illuminate/Queue/QueueManager.php(335): Illuminate/Cache/Repository->many(Array)
#9 D:/josej/Documents/Proyectos/ExamenDeGrado/C#/php/ugb/vendor/laravel/framework/src/Illuminate/Queue/Worker.php(489): Illuminate/Queue/QueueManager->getPausedQueues('database', Array)
#10 D:/josej/Documents/Proyectos/ExamenDeGrado/C#/php/ugb/vendor/laravel/framework/src/Illuminate/Queue/Worker.php(450): Illuminate/Queue/Worker->getPausedQueues('database', Array)
#11 D:/josej/Documents/Proyectos/ExamenDeGrado/C#/php/ugb/vendor/laravel/framework/src/Illuminate/Queue/Worker.php(410): Illuminate/Queue/Worker->getNextJob(Object(Illuminate/Queue/DatabaseQueue), 'default')
#12 D:/josej/Documents/Proyectos/ExamenDeGrado/C#/php/ugb/vendor/laravel/framework/src/Illuminate/Queue/Console/WorkCommand.php(149): Illuminate/Queue/Worker->runNextJob('database', 'default', Object(Illuminate/Queue/WorkerOptions))
#13 D:/josej/Documents/Proyectos/ExamenDeGrado/C#/php/ugb/vendor/laravel/framework/src/Illuminate/Queue/Console/WorkCommand.php(132): Illuminate/Queue/Console/WorkCommand->runWorker('database', 'default')
#14 D:/josej/Documents/Proyectos/ExamenDeGrado/C#/php/ugb/vendor/laravel/framework/src/Illuminate/Container/BoundMethod.php(36): Illuminate/Queue/Console/WorkCommand->handle()
#15 D:/josej/Documents/Proyectos/ExamenDeGrado/C#/php/ugb/vendor/laravel/framework/src/Illuminate/Container/Util.php(43): Illuminate/Container/BoundMethod::{closure:Illuminate/Container/BoundMethod::call():35}()
#16 D:/josej/Documents/Proyectos/ExamenDeGrado/C#/php/ugb/vendor/laravel/framework/src/Illuminate/Container/BoundMethod.php(96): Illuminate/Container/Util::unwrapIfClosure(Object(Closure))
#17 D:/josej/Documents/Proyectos/ExamenDeGrado/C#/php/ugb/vendor/laravel/framework/src/Illuminate/Container/BoundMethod.php(35): Illuminate/Container/BoundMethod::callBoundMethod(Object(Illuminate/Foundation/Application), Array, Object(Closure))
#18 D:/josej/Documents/Proyectos/ExamenDeGrado/C#/php/ugb/vendor/laravel/framework/src/Illuminate/Container/Container.php(801): Illuminate/Container/BoundMethod::call(Object(Illuminate/Foundation/Application), Array, Array, NULL)
#19 D:/josej/Documents/Proyectos/ExamenDeGrado/C#/php/ugb/vendor/laravel/framework/src/Illuminate/Console/Command.php(292): Illuminate/Container/Container->call(Array)
#20 D:/josej/Documents/Proyectos/ExamenDeGrado/C#/php/ugb/vendor/symfony/console/Command/Command.php(284): Illuminate/Console/Command->execute(Object(Symfony/Component/Console/Input/ArgvInput), Object(Illuminate/Console/OutputStyle))
#21 D:/josej/Documents/Proyectos/ExamenDeGrado/C#/php/ugb/vendor/laravel/framework/src/Illuminate/Console/Command.php(261): Symfony/Component/Console/Command/Command->run(Object(Symfony/Component/Console/Input/ArgvInput), Object(Illuminate/Console/OutputStyle))
#22 D:/josej/Documents/Proyectos/ExamenDeGrado/C#/php/ugb/vendor/symfony/console/Application.php(1144): Illuminate/Console/Command->run(Object(Symfony/Component/Console/Input/ArgvInput), Object(Symfony/Component/Console/Output/ConsoleOutput))
#23 D:/josej/Documents/Proyectos/ExamenDeGrado/C#/php/ugb/vendor/symfony/console/Application.php(379): Symfony/Component/Console/Application->doRunCommand(Object(Illuminate/Queue/Console/WorkCommand), Object(Symfony/Component/Console/Input/ArgvInput), Object(Symfony/Component/Console/Output/ConsoleOutput))
#24 D:/josej/Documents/Proyectos/ExamenDeGrado/C#/php/ugb/vendor/symfony/console/Application.php(218): Symfony/Component/Console/Application->doRun(Object(Symfony/Component/Console/Input/ArgvInput), Object(Symfony/Component/Console/Output/ConsoleOutput))
#25 D:/josej/Documents/Proyectos/ExamenDeGrado/C#/php/ugb/vendor/laravel/framework/src/Illuminate/Foundation/Console/Kernel.php(198): Symfony/Component/Console/Application->run(Object(Symfony/Component/Console/Input/ArgvInput), Object(Symfony/Component/Console/Output/ConsoleOutput))
#26 D:/josej/Documents/Proyectos/ExamenDeGrado/C#/php/ugb/vendor/laravel/framework/src/Illuminate/Foundation/Application.php(1242): Illuminate/Foundation/Console/Kernel->handle(Object(Symfony/Component/Console/Input/ArgvInput), Object(Symfony/Component/Console/Output/ConsoleOutput))
#27 D:/josej/Documents/Proyectos/ExamenDeGrado/C#/php/ugb/artisan(16): Illuminate/Foundation/Application->handleCommand(Object(Symfony/Component/Console/Input/ArgvInput))
#28 {main}
"} 
[2026-08-17 01:46:01] local.ERROR: SQLSTATE[HY000]: General error: 1 no such table: cache (Connection: sqlite, Database: D:\josej\Documents\Proyectos\ExamenDeGrado\C#\php\ugb\database\database.sqlite, SQL: select * from "cache" where "key" in (laravel-cache-illuminate:queues:paused, laravel-cache-illuminate:queue:paused:database:default)) {"exception":"[object] (Illuminate\\Database\\QueryException(code: HY000): SQLSTATE[HY000]: General error: 1 no such table: cache (Connection: sqlite, Database: D:\\josej\\Documents\\Proyectos\\ExamenDeGrado\\C#\\php\\ugb\\database\\database.sqlite, SQL: select * from \"cache\" where \"key\" in (laravel-cache-illuminate:queues:paused, laravel-cache-illuminate:queue:paused:database:default)) at D:/josej/Documents/Proyectos/ExamenDeGrado/C#/php/ugb/vendor/laravel/framework/src/Illuminate/Database/Connection.php:857)
[stacktrace]
#0 D:/josej/Documents/Proyectos/ExamenDeGrado/C#/php/ugb/vendor/laravel/framework/src/Illuminate/Database/Connection.php(813): Illuminate/Database/Connection->runQueryCallback('select * from \"...', Array, Object(Closure))
#1 D:/josej/Documents/Proyectos/ExamenDeGrado/C#/php/ugb/vendor/laravel/framework/src/Illuminate/Database/Connection.php(426): Illuminate/Database/Connection->run('select * from \"...', Array, Object(Closure))
#2 D:/josej/Documents/Proyectos/ExamenDeGrado/C#/php/ugb/vendor/laravel/framework/src/Illuminate/Database/Query/Builder.php(3573): Illuminate/Database/Connection->select('select * from \"...', Array, true, Array)
#3 D:/josej/Documents/Proyectos/ExamenDeGrado/C#/php/ugb/vendor/laravel/framework/src/Illuminate/Database/Query/Builder.php(3557): Illuminate/Database/Query/Builder->runSelect()
#4 D:/josej/Documents/Proyectos/ExamenDeGrado/C#/php/ugb/vendor/laravel/framework/src/Illuminate/Cache/DatabaseStore.php(142): Illuminate/Database/Query/Builder->get()
#5 D:/josej/Documents/Proyectos/ExamenDeGrado/C#/php/ugb/vendor/laravel/framework/src/Illuminate/Cache/Repository.php(167): Illuminate/Cache/DatabaseStore->many(Array)
#6 D:/josej/Documents/Proyectos/ExamenDeGrado/C#/php/ugb/vendor/laravel/framework/src/Illuminate/Queue/QueueManager.php(335): Illuminate/Cache/Repository->many(Array)
#7 D:/josej/Documents/Proyectos/ExamenDeGrado/C#/php/ugb/vendor/laravel/framework/src/Illuminate/Queue/Worker.php(489): Illuminate/Queue/QueueManager->getPausedQueues('database', Array)
#8 D:/josej/Documents/Proyectos/ExamenDeGrado/C#/php/ugb/vendor/laravel/framework/src/Illuminate/Queue/Worker.php(450): Illuminate/Queue/Worker->getPausedQueues('database', Array)
#9 D:/josej/Documents/Proyectos/ExamenDeGrado/C#/php/ugb/vendor/laravel/framework/src/Illuminate/Queue/Worker.php(410): Illuminate/Queue/Worker->getNextJob(Object(Illuminate/Queue/DatabaseQueue), 'default')
#10 D:/josej/Documents/Proyectos/ExamenDeGrado/C#/php/ugb/vendor/laravel/framework/src/Illuminate/Queue/Console/WorkCommand.php(149): Illuminate/Queue/Worker->runNextJob('database', 'default', Object(Illuminate/Queue/WorkerOptions))
#11 D:/josej/Documents/Proyectos/ExamenDeGrado/C#/php/ugb/vendor/laravel/framework/src/Illuminate/Queue/Console/WorkCommand.php(132): Illuminate/Queue/Console/WorkCommand->runWorker('database', 'default')
#12 D:/josej/Documents/Proyectos/ExamenDeGrado/C#/php/ugb/vendor/laravel/framework/src/Illuminate/Container/BoundMethod.php(36): Illuminate/Queue/Console/WorkCommand->handle()
#13 D:/josej/Documents/Proyectos/ExamenDeGrado/C#/php/ugb/vendor/laravel/framework/src/Illuminate/Container/Util.php(43): Illuminate/Container/BoundMethod::{closure:Illuminate/Container/BoundMethod::call():35}()
#14 D:/josej/Documents/Proyectos/ExamenDeGrado/C#/php/ugb/vendor/laravel/framework/src/Illuminate/Container/BoundMethod.php(96): Illuminate/Container/Util::unwrapIfClosure(Object(Closure))
#15 D:/josej/Documents/Proyectos/ExamenDeGrado/C#/php/ugb/vendor/laravel/framework/src/Illuminate/Container/BoundMethod.php(35): Illuminate/Container/BoundMethod::callBoundMethod(Object(Illuminate/Foundation/Application), Array, Object(Closure))
#16 D:/josej/Documents/Proyectos/ExamenDeGrado/C#/php/ugb/vendor/laravel/framework/src/Illuminate/Container/Container.php(801): Illuminate/Container/BoundMethod::call(Object(Illuminate/Foundation/Application), Array, Array, NULL)
#17 D:/josej/Documents/Proyectos/ExamenDeGrado/C#/php/ugb/vendor/laravel/framework/src/Illuminate/Console/Command.php(292): Illuminate/Container/Container->call(Array)
#18 D:/josej/Documents/Proyectos/ExamenDeGrado/C#/php/ugb/vendor/symfony/console/Command/Command.php(284): Illuminate/Console/Command->execute(Object(Symfony/Component/Console/Input/ArgvInput), Object(Illuminate/Console/OutputStyle))
#19 D:/josej/Documents/Proyectos/ExamenDeGrado/C#/php/ugb/vendor/laravel/framework/src/Illuminate/Console/Command.php(261): Symfony/Component/Console/Command/Command->run(Object(Symfony/Component/Console/Input/ArgvInput), Object(Illuminate/Console/OutputStyle))
#20 D:/josej/Documents/Proyectos/ExamenDeGrado/C#/php/ugb/vendor/symfony/console/Application.php(1144): Illuminate/Console/Command->run(Object(Symfony/Component/Console/Input/ArgvInput), Object(Symfony/Component/Console/Output/ConsoleOutput))
#21 D:/josej/Documents/Proyectos/ExamenDeGrado/C#/php/ugb/vendor/symfony/console/Application.php(379): Symfony/Component/Console/Application->doRunCommand(Object(Illuminate/Queue/Console/WorkCommand), Object(Symfony/Component/Console/Input/ArgvInput), Object(Symfony/Component/Console/Output/ConsoleOutput))
#22 D:/josej/Documents/Proyectos/ExamenDeGrado/C#/php/ugb/vendor/symfony/console/Application.php(218): Symfony/Component/Console/Application->doRun(Object(Symfony/Component/Console/Input/ArgvInput), Object(Symfony/Component/Console/Output/ConsoleOutput))
#23 D:/josej/Documents/Proyectos/ExamenDeGrado/C#/php/ugb/vendor/laravel/framework/src/Illuminate/Foundation/Console/Kernel.php(198): Symfony/Component/Console/Application->run(Object(Symfony/Component/Console/Input/ArgvInput), Object(Symfony/Component/Console/Output/ConsoleOutput))
#24 D:/josej/Documents/Proyectos/ExamenDeGrado/C#/php/ugb/vendor/laravel/framework/src/Illuminate/Foundation/Application.php(1242): Illuminate/Foundation/Console/Kernel->handle(Object(Symfony/Component/Console/Input/ArgvInput), Object(Symfony/Component/Console/Output/ConsoleOutput))
#25 D:/josej/Documents/Proyectos/ExamenDeGrado/C#/php/ugb/artisan(16): Illuminate/Foundation/Application->handleCommand(Object(Symfony/Component/Console/Input/ArgvInput))
#26 {main}

[previous exception] [object] (PDOException(code: HY000): SQLSTATE[HY000]: General error: 1 no such table: cache at D:/josej/Documents/Proyectos/ExamenDeGrado/C#/php/ugb/vendor/laravel/framework/src/Illuminate/Database/Connection.php:435)
[stacktrace]
#0 D:/josej/Documents/Proyectos/ExamenDeGrado/C#/php/ugb/vendor/laravel/framework/src/Illuminate/Database/Connection.php(435): PDO->prepare('select * from \"...')
#1 D:/josej/Documents/Proyectos/ExamenDeGrado/C#/php/ugb/vendor/laravel/framework/src/Illuminate/Database/Connection.php(846): Illuminate/Database/Connection->{closure:Illuminate/Database/Connection::select():426}('select * from \"...', Array)
#2 D:/josej/Documents/Proyectos/ExamenDeGrado/C#/php/ugb/vendor/laravel/framework/src/Illuminate/Database/Connection.php(813): Illuminate/Database/Connection->runQueryCallback('select * from \"...', Array, Object(Closure))
#3 D:/josej/Documents/Proyectos/ExamenDeGrado/C#/php/ugb/vendor/laravel/framework/src/Illuminate/Database/Connection.php(426): Illuminate/Database/Connection->run('select * from \"...', Array, Object(Closure))
#4 D:/josej/Documents/Proyectos/ExamenDeGrado/C#/php/ugb/vendor/laravel/framework/src/Illuminate/Database/Query/Builder.php(3573): Illuminate/Database/Connection->select('select * from \"...', Array, true, Array)
#5 D:/josej/Documents/Proyectos/ExamenDeGrado/C#/php/ugb/vendor/laravel/framework/src/Illuminate/Database/Query/Builder.php(3557): Illuminate/Database/Query/Builder->runSelect()
#6 D:/josej/Documents/Proyectos/ExamenDeGrado/C#/php/ugb/vendor/laravel/framework/src/Illuminate/Cache/DatabaseStore.php(142): Illuminate/Database/Query/Builder->get()
#7 D:/josej/Documents/Proyectos/ExamenDeGrado/C#/php/ugb/vendor/laravel/framework/src/Illuminate/Cache/Repository.php(167): Illuminate/Cache/DatabaseStore->many(Array)
#8 D:/josej/Documents/Proyectos/ExamenDeGrado/C#/php/ugb/vendor/laravel/framework/src/Illuminate/Queue/QueueManager.php(335): Illuminate/Cache/Repository->many(Array)
#9 D:/josej/Documents/Proyectos/ExamenDeGrado/C#/php/ugb/vendor/laravel/framework/src/Illuminate/Queue/Worker.php(489): Illuminate/Queue/QueueManager->getPausedQueues('database', Array)
#10 D:/josej/Documents/Proyectos/ExamenDeGrado/C#/php/ugb/vendor/laravel/framework/src/Illuminate/Queue/Worker.php(450): Illuminate/Queue/Worker->getPausedQueues('database', Array)
#11 D:/josej/Documents/Proyectos/ExamenDeGrado/C#/php/ugb/vendor/laravel/framework/src/Illuminate/Queue/Worker.php(410): Illuminate/Queue/Worker->getNextJob(Object(Illuminate/Queue/DatabaseQueue), 'default')
#12 D:/josej/Documents/Proyectos/ExamenDeGrado/C#/php/ugb/vendor/laravel/framework/src/Illuminate/Queue/Console/WorkCommand.php(149): Illuminate/Queue/Worker->runNextJob('database', 'default', Object(Illuminate/Queue/WorkerOptions))
#13 D:/josej/Documents/Proyectos/ExamenDeGrado/C#/php/ugb/vendor/laravel/framework/src/Illuminate/Queue/Console/WorkCommand.php(132): Illuminate/Queue/Console/WorkCommand->runWorker('database', 'default')
#14 D:/josej/Documents/Proyectos/ExamenDeGrado/C#/php/ugb/vendor/laravel/framework/src/Illuminate/Container/BoundMethod.php(36): Illuminate/Queue/Console/WorkCommand->handle()
#15 D:/josej/Documents/Proyectos/ExamenDeGrado/C#/php/ugb/vendor/laravel/framework/src/Illuminate/Container/Util.php(43): Illuminate/Container/BoundMethod::{closure:Illuminate/Container/BoundMethod::call():35}()
#16 D:/josej/Documents/Proyectos/ExamenDeGrado/C#/php/ugb/vendor/laravel/framework/src/Illuminate/Container/BoundMethod.php(96): Illuminate/Container/Util::unwrapIfClosure(Object(Closure))
#17 D:/josej/Documents/Proyectos/ExamenDeGrado/C#/php/ugb/vendor/laravel/framework/src/Illuminate/Container/BoundMethod.php(35): Illuminate/Container/BoundMethod::callBoundMethod(Object(Illuminate/Foundation/Application), Array, Object(Closure))
#18 D:/josej/Documents/Proyectos/ExamenDeGrado/C#/php/ugb/vendor/laravel/framework/src/Illuminate/Container/Container.php(801): Illuminate/Container/BoundMethod::call(Object(Illuminate/Foundation/Application), Array, Array, NULL)
#19 D:/josej/Documents/Proyectos/ExamenDeGrado/C#/php/ugb/vendor/laravel/framework/src/Illuminate/Console/Command.php(292): Illuminate/Container/Container->call(Array)
#20 D:/josej/Documents/Proyectos/ExamenDeGrado/C#/php/ugb/vendor/symfony/console/Command/Command.php(284): Illuminate/Console/Command->execute(Object(Symfony/Component/Console/Input/ArgvInput), Object(Illuminate/Console/OutputStyle))
#21 D:/josej/Documents/Proyectos/ExamenDeGrado/C#/php/ugb/vendor/laravel/framework/src/Illuminate/Console/Command.php(261): Symfony/Component/Console/Command/Command->run(Object(Symfony/Component/Console/Input/ArgvInput), Object(Illuminate/Console/OutputStyle))
#22 D:/josej/Documents/Proyectos/ExamenDeGrado/C#/php/ugb/vendor/symfony/console/Application.php(1144): Illuminate/Console/Command->run(Object(Symfony/Component/Console/Input/ArgvInput), Object(Symfony/Component/Console/Output/ConsoleOutput))
#23 D:/josej/Documents/Proyectos/ExamenDeGrado/C#/php/ugb/vendor/symfony/console/Application.php(379): Symfony/Component/Console/Application->doRunCommand(Object(Illuminate/Queue/Console/WorkCommand), Object(Symfony/Component/Console/Input/ArgvInput), Object(Symfony/Component/Console/Output/ConsoleOutput))
#24 D:/josej/Documents/Proyectos/ExamenDeGrado/C#/php/ugb/vendor/symfony/console/Application.php(218): Symfony/Component/Console/Application->doRun(Object(Symfony/Component/Console/Input/ArgvInput), Object(Symfony/Component/Console/Output/ConsoleOutput))
#25 D:/josej/Documents/Proyectos/ExamenDeGrado/C#/php/ugb/vendor/laravel/framework/src/Illuminate/Foundation/Console/Kernel.php(198): Symfony/Component/Console/Application->run(Object(Symfony/Component/Console/Input/ArgvInput), Object(Symfony/Component/Console/Output/ConsoleOutput))
#26 D:/josej/Documents/Proyectos/ExamenDeGrado/C#/php/ugb/vendor/laravel/framework/src/Illuminate/Foundation/Application.php(1242): Illuminate/Foundation/Console/Kernel->handle(Object(Symfony/Component/Console/Input/ArgvInput), Object(Symfony/Component/Console/Output/ConsoleOutput))
#27 D:/josej/Documents/Proyectos/ExamenDeGrado/C#/php/ugb/artisan(16): Illuminate/Foundation/Application->handleCommand(Object(Symfony/Component/Console/Input/ArgvInput))
#28 {main}
"} 
[2026-08-17 01:46:05] local.ERROR: SQLSTATE[HY000]: General error: 1 no such table: cache (Connection: sqlite, Database: D:\josej\Documents\Proyectos\ExamenDeGrado\C#\php\ugb\database\database.sqlite, SQL: select * from "cache" where "key" in (laravel-cache-illuminate:queues:paused, laravel-cache-illuminate:queue:paused:database:default)) {"exception":"[object] (Illuminate\\Database\\QueryException(code: HY000): SQLSTATE[HY000]: General error: 1 no such table: cache (Connection: sqlite, Database: D:\\josej\\Documents\\Proyectos\\ExamenDeGrado\\C#\\php\\ugb\\database\\database.sqlite, SQL: select * from \"cache\" where \"key\" in (laravel-cache-illuminate:queues:paused, laravel-cache-illuminate:queue:paused:database:default)) at D:/josej/Documents/Proyectos/ExamenDeGrado/C#/php/ugb/vendor/laravel/framework/src/Illuminate/Database/Connection.php:857)
[stacktrace]
#0 D:/josej/Documents/Proyectos/ExamenDeGrado/C#/php/ugb/vendor/laravel/framework/src/Illuminate/Database/Connection.php(813): Illuminate/Database/Connection->runQueryCallback('select * from \"...', Array, Object(Closure))
#1 D:/josej/Documents/Proyectos/ExamenDeGrado/C#/php/ugb/vendor/laravel/framework/src/Illuminate/Database/Connection.php(426): Illuminate/Database/Connection->run('select * from \"...', Array, Object(Closure))
#2 D:/josej/Documents/Proyectos/ExamenDeGrado/C#/php/ugb/vendor/laravel/framework/src/Illuminate/Database/Query/Builder.php(3573): Illuminate/Database/Connection->select('select * from \"...', Array, true, Array)
#3 D:/josej/Documents/Proyectos/ExamenDeGrado/C#/php/ugb/vendor/laravel/framework/src/Illuminate/Database/Query/Builder.php(3557): Illuminate/Database/Query/Builder->runSelect()
#4 D:/josej/Documents/Proyectos/ExamenDeGrado/C#/php/ugb/vendor/laravel/framework/src/Illuminate/Cache/DatabaseStore.php(142): Illuminate/Database/Query/Builder->get()
#5 D:/josej/Documents/Proyectos/ExamenDeGrado/C#/php/ugb/vendor/laravel/framework/src/Illuminate/Cache/Repository.php(167): Illuminate/Cache/DatabaseStore->many(Array)
#6 D:/josej/Documents/Proyectos/ExamenDeGrado/C#/php/ugb/vendor/laravel/framework/src/Illuminate/Queue/QueueManager.php(335): Illuminate/Cache/Repository->many(Array)
#7 D:/josej/Documents/Proyectos/ExamenDeGrado/C#/php/ugb/vendor/laravel/framework/src/Illuminate/Queue/Worker.php(489): Illuminate/Queue/QueueManager->getPausedQueues('database', Array)
#8 D:/josej/Documents/Proyectos/ExamenDeGrado/C#/php/ugb/vendor/laravel/framework/src/Illuminate/Queue/Worker.php(450): Illuminate/Queue/Worker->getPausedQueues('database', Array)
#9 D:/josej/Documents/Proyectos/ExamenDeGrado/C#/php/ugb/vendor/laravel/framework/src/Illuminate/Queue/Worker.php(410): Illuminate/Queue/Worker->getNextJob(Object(Illuminate/Queue/DatabaseQueue), 'default')
#10 D:/josej/Documents/Proyectos/ExamenDeGrado/C#/php/ugb/vendor/laravel/framework/src/Illuminate/Queue/Console/WorkCommand.php(149): Illuminate/Queue/Worker->runNextJob('database', 'default', Object(Illuminate/Queue/WorkerOptions))
#11 D:/josej/Documents/Proyectos/ExamenDeGrado/C#/php/ugb/vendor/laravel/framework/src/Illuminate/Queue/Console/WorkCommand.php(132): Illuminate/Queue/Console/WorkCommand->runWorker('database', 'default')
#12 D:/josej/Documents/Proyectos/ExamenDeGrado/C#/php/ugb/vendor/laravel/framework/src/Illuminate/Container/BoundMethod.php(36): Illuminate/Queue/Console/WorkCommand->handle()
#13 D:/josej/Documents/Proyectos/ExamenDeGrado/C#/php/ugb/vendor/laravel/framework/src/Illuminate/Container/Util.php(43): Illuminate/Container/BoundMethod::{closure:Illuminate/Container/BoundMethod::call():35}()
#14 D:/josej/Documents/Proyectos/ExamenDeGrado/C#/php/ugb/vendor/laravel/framework/src/Illuminate/Container/BoundMethod.php(96): Illuminate/Container/Util::unwrapIfClosure(Object(Closure))
#15 D:/josej/Documents/Proyectos/ExamenDeGrado/C#/php/ugb/vendor/laravel/framework/src/Illuminate/Container/BoundMethod.php(35): Illuminate/Container/BoundMethod::callBoundMethod(Object(Illuminate/Foundation/Application), Array, Object(Closure))
#16 D:/josej/Documents/Proyectos/ExamenDeGrado/C#/php/ugb/vendor/laravel/framework/src/Illuminate/Container/Container.php(801): Illuminate/Container/BoundMethod::call(Object(Illuminate/Foundation/Application), Array, Array, NULL)
#17 D:/josej/Documents/Proyectos/ExamenDeGrado/C#/php/ugb/vendor/laravel/framework/src/Illuminate/Console/Command.php(292): Illuminate/Container/Container->call(Array)
#18 D:/josej/Documents/Proyectos/ExamenDeGrado/C#/php/ugb/vendor/symfony/console/Command/Command.php(284): Illuminate/Console/Command->execute(Object(Symfony/Component/Console/Input/ArgvInput), Object(Illuminate/Console/OutputStyle))
#19 D:/josej/Documents/Proyectos/ExamenDeGrado/C#/php/ugb/vendor/laravel/framework/src/Illuminate/Console/Command.php(261): Symfony/Component/Console/Command/Command->run(Object(Symfony/Component/Console/Input/ArgvInput), Object(Illuminate/Console/OutputStyle))
#20 D:/josej/Documents/Proyectos/ExamenDeGrado/C#/php/ugb/vendor/symfony/console/Application.php(1144): Illuminate/Console/Command->run(Object(Symfony/Component/Console/Input/ArgvInput), Object(Symfony/Component/Console/Output/ConsoleOutput))
#21 D:/josej/Documents/Proyectos/ExamenDeGrado/C#/php/ugb/vendor/symfony/console/Application.php(379): Symfony/Component/Console/Application->doRunCommand(Object(Illuminate/Queue/Console/WorkCommand), Object(Symfony/Component/Console/Input/ArgvInput), Object(Symfony/Component/Console/Output/ConsoleOutput))
#22 D:/josej/Documents/Proyectos/ExamenDeGrado/C#/php/ugb/vendor/symfony/console/Application.php(218): Symfony/Component/Console/Application->doRun(Object(Symfony/Component/Console/Input/ArgvInput), Object(Symfony/Component/Console/Output/ConsoleOutput))
#23 D:/josej/Documents/Proyectos/ExamenDeGrado/C#/php/ugb/vendor/laravel/framework/src/Illuminate/Foundation/Console/Kernel.php(198): Symfony/Component/Console/Application->run(Object(Symfony/Component/Console/Input/ArgvInput), Object(Symfony/Component/Console/Output/ConsoleOutput))
#24 D:/josej/Documents/Proyectos/ExamenDeGrado/C#/php/ugb/vendor/laravel/framework/src/Illuminate/Foundation/Application.php(1242): Illuminate/Foundation/Console/Kernel->handle(Object(Symfony/Component/Console/Input/ArgvInput), Object(Symfony/Component/Console/Output/ConsoleOutput))
#25 D:/josej/Documents/Proyectos/ExamenDeGrado/C#/php/ugb/artisan(16): Illuminate/Foundation/Application->handleCommand(Object(Symfony/Component/Console/Input/ArgvInput))
#26 {main}

[previous exception] [object] (PDOException(code: HY000): SQLSTATE[HY000]: General error: 1 no such table: cache at D:/josej/Documents/Proyectos/ExamenDeGrado/C#/php/ugb/vendor/laravel/framework/src/Illuminate/Database/Connection.php:435)
[stacktrace]
#0 D:/josej/Documents/Proyectos/ExamenDeGrado/C#/php/ugb/vendor/laravel/framework/src/Illuminate/Database/Connection.php(435): PDO->prepare('select * from \"...')
#1 D:/josej/Documents/Proyectos/ExamenDeGrado/C#/php/ugb/vendor/laravel/framework/src/Illuminate/Database/Connection.php(846): Illuminate/Database/Connection->{closure:Illuminate/Database/Connection::select():426}('select * from \"...', Array)
#2 D:/josej/Documents/Proyectos/ExamenDeGrado/C#/php/ugb/vendor/laravel/framework/src/Illuminate/Database/Connection.php(813): Illuminate/Database/Connection->runQueryCallback('select * from \"...', Array, Object(Closure))
#3 D:/josej/Documents/Proyectos/ExamenDeGrado/C#/php/ugb/vendor/laravel/framework/src/Illuminate/Database/Connection.php(426): Illuminate/Database/Connection->run('select * from \"...', Array, Object(Closure))
#4 D:/josej/Documents/Proyectos/ExamenDeGrado/C#/php/ugb/vendor/laravel/framework/src/Illuminate/Database/Query/Builder.php(3573): Illuminate/Database/Connection->select('select * from \"...', Array, true, Array)
#5 D:/josej/Documents/Proyectos/ExamenDeGrado/C#/php/ugb/vendor/laravel/framework/src/Illuminate/Database/Query/Builder.php(3557): Illuminate/Database/Query/Builder->runSelect()
#6 D:/josej/Documents/Proyectos/ExamenDeGrado/C#/php/ugb/vendor/laravel/framework/src/Illuminate/Cache/DatabaseStore.php(142): Illuminate/Database/Query/Builder->get()
#7 D:/josej/Documents/Proyectos/ExamenDeGrado/C#/php/ugb/vendor/laravel/framework/src/Illuminate/Cache/Repository.php(167): Illuminate/Cache/DatabaseStore->many(Array)
#8 D:/josej/Documents/Proyectos/ExamenDeGrado/C#/php/ugb/vendor/laravel/framework/src/Illuminate/Queue/QueueManager.php(335): Illuminate/Cache/Repository->many(Array)
#9 D:/josej/Documents/Proyectos/ExamenDeGrado/C#/php/ugb/vendor/laravel/framework/src/Illuminate/Queue/Worker.php(489): Illuminate/Queue/QueueManager->getPausedQueues('database', Array)
#10 D:/josej/Documents/Proyectos/ExamenDeGrado/C#/php/ugb/vendor/laravel/framework/src/Illuminate/Queue/Worker.php(450): Illuminate/Queue/Worker->getPausedQueues('database', Array)
#11 D:/josej/Documents/Proyectos/ExamenDeGrado/C#/php/ugb/vendor/laravel/framework/src/Illuminate/Queue/Worker.php(410): Illuminate/Queue/Worker->getNextJob(Object(Illuminate/Queue/DatabaseQueue), 'default')
#12 D:/josej/Documents/Proyectos/ExamenDeGrado/C#/php/ugb/vendor/laravel/framework/src/Illuminate/Queue/Console/WorkCommand.php(149): Illuminate/Queue/Worker->runNextJob('database', 'default', Object(Illuminate/Queue/WorkerOptions))
#13 D:/josej/Documents/Proyectos/ExamenDeGrado/C#/php/ugb/vendor/laravel/framework/src/Illuminate/Queue/Console/WorkCommand.php(132): Illuminate/Queue/Console/WorkCommand->runWorker('database', 'default')
#14 D:/josej/Documents/Proyectos/ExamenDeGrado/C#/php/ugb/vendor/laravel/framework/src/Illuminate/Container/BoundMethod.php(36): Illuminate/Queue/Console/WorkCommand->handle()
#15 D:/josej/Documents/Proyectos/ExamenDeGrado/C#/php/ugb/vendor/laravel/framework/src/Illuminate/Container/Util.php(43): Illuminate/Container/BoundMethod::{closure:Illuminate/Container/BoundMethod::call():35}()
#16 D:/josej/Documents/Proyectos/ExamenDeGrado/C#/php/ugb/vendor/laravel/framework/src/Illuminate/Container/BoundMethod.php(96): Illuminate/Container/Util::unwrapIfClosure(Object(Closure))
#17 D:/josej/Documents/Proyectos/ExamenDeGrado/C#/php/ugb/vendor/laravel/framework/src/Illuminate/Container/BoundMethod.php(35): Illuminate/Container/BoundMethod::callBoundMethod(Object(Illuminate/Foundation/Application), Array, Object(Closure))
#18 D:/josej/Documents/Proyectos/ExamenDeGrado/C#/php/ugb/vendor/laravel/framework/src/Illuminate/Container/Container.php(801): Illuminate/Container/BoundMethod::call(Object(Illuminate/Foundation/Application), Array, Array, NULL)
#19 D:/josej/Documents/Proyectos/ExamenDeGrado/C#/php/ugb/vendor/laravel/framework/src/Illuminate/Console/Command.php(292): Illuminate/Container/Container->call(Array)
#20 D:/josej/Documents/Proyectos/ExamenDeGrado/C#/php/ugb/vendor/symfony/console/Command/Command.php(284): Illuminate/Console/Command->execute(Object(Symfony/Component/Console/Input/ArgvInput), Object(Illuminate/Console/OutputStyle))
#21 D:/josej/Documents/Proyectos/ExamenDeGrado/C#/php/ugb/vendor/laravel/framework/src/Illuminate/Console/Command.php(261): Symfony/Component/Console/Command/Command->run(Object(Symfony/Component/Console/Input/ArgvInput), Object(Illuminate/Console/OutputStyle))
#22 D:/josej/Documents/Proyectos/ExamenDeGrado/C#/php/ugb/vendor/symfony/console/Application.php(1144): Illuminate/Console/Command->run(Object(Symfony/Component/Console/Input/ArgvInput), Object(Symfony/Component/Console/Output/ConsoleOutput))
#23 D:/josej/Documents/Proyectos/ExamenDeGrado/C#/php/ugb/vendor/symfony/console/Application.php(379): Symfony/Component/Console/Application->doRunCommand(Object(Illuminate/Queue/Console/WorkCommand), Object(Symfony/Component/Console/Input/ArgvInput), Object(Symfony/Component/Console/Output/ConsoleOutput))
#24 D:/josej/Documents/Proyectos/ExamenDeGrado/C#/php/ugb/vendor/symfony/console/Application.php(218): Symfony/Component/Console/Application->doRun(Object(Symfony/Component/Console/Input/ArgvInput), Object(Symfony/Component/Console/Output/ConsoleOutput))
#25 D:/josej/Documents/Proyectos/ExamenDeGrado/C#/php/ugb/vendor/laravel/framework/src/Illuminate/Foundation/Console/Kernel.php(198): Symfony/Component/Console/Application->run(Object(Symfony/Component/Console/Input/ArgvInput), Object(Symfony/Component/Console/Output/ConsoleOutput))
#26 D:/josej/Documents/Proyectos/ExamenDeGrado/C#/php/ugb/vendor/laravel/framework/src/Illuminate/Foundation/Application.php(1242): Illuminate/Foundation/Console/Kernel->handle(Object(Symfony/Component/Console/Input/ArgvInput), Object(Symfony/Component/Console/Output/ConsoleOutput))
#27 D:/josej/Documents/Proyectos/ExamenDeGrado/C#/php/ugb/artisan(16): Illuminate/Foundation/Application->handleCommand(Object(Symfony/Component/Console/Input/ArgvInput))
#28 {main}
"} 
[2026-08-17 01:46:10] local.ERROR: SQLSTATE[HY000]: General error: 1 no such table: cache (Connection: sqlite, Database: D:\josej\Documents\Proyectos\ExamenDeGrado\C#\php\ugb\database\database.sqlite, SQL: select * from "cache" where "key" in (laravel-cache-illuminate:queues:paused, laravel-cache-illuminate:queue:paused:database:default)) {"exception":"[object] (Illuminate\\Database\\QueryException(code: HY000): SQLSTATE[HY000]: General error: 1 no such table: cache (Connection: sqlite, Database: D:\\josej\\Documents\\Proyectos\\ExamenDeGrado\\C#\\php\\ugb\\database\\database.sqlite, SQL: select * from \"cache\" where \"key\" in (laravel-cache-illuminate:queues:paused, laravel-cache-illuminate:queue:paused:database:default)) at D:/josej/Documents/Proyectos/ExamenDeGrado/C#/php/ugb/vendor/laravel/framework/src/Illuminate/Database/Connection.php:857)
[stacktrace]
#0 D:/josej/Documents/Proyectos/ExamenDeGrado/C#/php/ugb/vendor/laravel/framework/src/Illuminate/Database/Connection.php(813): Illuminate/Database/Connection->runQueryCallback('select * from \"...', Array, Object(Closure))
#1 D:/josej/Documents/Proyectos/ExamenDeGrado/C#/php/ugb/vendor/laravel/framework/src/Illuminate/Database/Connection.php(426): Illuminate/Database/Connection->run('select * from \"...', Array, Object(Closure))
#2 D:/josej/Documents/Proyectos/ExamenDeGrado/C#/php/ugb/vendor/laravel/framework/src/Illuminate/Database/Query/Builder.php(3573): Illuminate/Database/Connection->select('select * from \"...', Array, true, Array)
#3 D:/josej/Documents/Proyectos/ExamenDeGrado/C#/php/ugb/vendor/laravel/framework/src/Illuminate/Database/Query/Builder.php(3557): Illuminate/Database/Query/Builder->runSelect()
#4 D:/josej/Documents/Proyectos/ExamenDeGrado/C#/php/ugb/vendor/laravel/framework/src/Illuminate/Cache/DatabaseStore.php(142): Illuminate/Database/Query/Builder->get()
#5 D:/josej/Documents/Proyectos/ExamenDeGrado/C#/php/ugb/vendor/laravel/framework/src/Illuminate/Cache/Repository.php(167): Illuminate/Cache/DatabaseStore->many(Array)
#6 D:/josej/Documents/Proyectos/ExamenDeGrado/C#/php/ugb/vendor/laravel/framework/src/Illuminate/Queue/QueueManager.php(335): Illuminate/Cache/Repository->many(Array)
#7 D:/josej/Documents/Proyectos/ExamenDeGrado/C#/php/ugb/vendor/laravel/framework/src/Illuminate/Queue/Worker.php(489): Illuminate/Queue/QueueManager->getPausedQueues('database', Array)
#8 D:/josej/Documents/Proyectos/ExamenDeGrado/C#/php/ugb/vendor/laravel/framework/src/Illuminate/Queue/Worker.php(450): Illuminate/Queue/Worker->getPausedQueues('database', Array)
#9 D:/josej/Documents/Proyectos/ExamenDeGrado/C#/php/ugb/vendor/laravel/framework/src/Illuminate/Queue/Worker.php(410): Illuminate/Queue/Worker->getNextJob(Object(Illuminate/Queue/DatabaseQueue), 'default')
#10 D:/josej/Documents/Proyectos/ExamenDeGrado/C#/php/ugb/vendor/laravel/framework/src/Illuminate/Queue/Console/WorkCommand.php(149): Illuminate/Queue/Worker->runNextJob('database', 'default', Object(Illuminate/Queue/WorkerOptions))
#11 D:/josej/Documents/Proyectos/ExamenDeGrado/C#/php/ugb/vendor/laravel/framework/src/Illuminate/Queue/Console/WorkCommand.php(132): Illuminate/Queue/Console/WorkCommand->runWorker('database', 'default')
#12 D:/josej/Documents/Proyectos/ExamenDeGrado/C#/php/ugb/vendor/laravel/framework/src/Illuminate/Container/BoundMethod.php(36): Illuminate/Queue/Console/WorkCommand->handle()
#13 D:/josej/Documents/Proyectos/ExamenDeGrado/C#/php/ugb/vendor/laravel/framework/src/Illuminate/Container/Util.php(43): Illuminate/Container/BoundMethod::{closure:Illuminate/Container/BoundMethod::call():35}()
#14 D:/josej/Documents/Proyectos/ExamenDeGrado/C#/php/ugb/vendor/laravel/framework/src/Illuminate/Container/BoundMethod.php(96): Illuminate/Container/Util::unwrapIfClosure(Object(Closure))
#15 D:/josej/Documents/Proyectos/ExamenDeGrado/C#/php/ugb/vendor/laravel/framework/src/Illuminate/Container/BoundMethod.php(35): Illuminate/Container/BoundMethod::callBoundMethod(Object(Illuminate/Foundation/Application), Array, Object(Closure))
#16 D:/josej/Documents/Proyectos/ExamenDeGrado/C#/php/ugb/vendor/laravel/framework/src/Illuminate/Container/Container.php(801): Illuminate/Container/BoundMethod::call(Object(Illuminate/Foundation/Application), Array, Array, NULL)
#17 D:/josej/Documents/Proyectos/ExamenDeGrado/C#/php/ugb/vendor/laravel/framework/src/Illuminate/Console/Command.php(292): Illuminate/Container/Container->call(Array)
#18 D:/josej/Documents/Proyectos/ExamenDeGrado/C#/php/ugb/vendor/symfony/console/Command/Command.php(284): Illuminate/Console/Command->execute(Object(Symfony/Component/Console/Input/ArgvInput), Object(Illuminate/Console/OutputStyle))
#19 D:/josej/Documents/Proyectos/ExamenDeGrado/C#/php/ugb/vendor/laravel/framework/src/Illuminate/Console/Command.php(261): Symfony/Component/Console/Command/Command->run(Object(Symfony/Component/Console/Input/ArgvInput), Object(Illuminate/Console/OutputStyle))
#20 D:/josej/Documents/Proyectos/ExamenDeGrado/C#/php/ugb/vendor/symfony/console/Application.php(1144): Illuminate/Console/Command->run(Object(Symfony/Component/Console/Input/ArgvInput), Object(Symfony/Component/Console/Output/ConsoleOutput))
#21 D:/josej/Documents/Proyectos/ExamenDeGrado/C#/php/ugb/vendor/symfony/console/Application.php(379): Symfony/Component/Console/Application->doRunCommand(Object(Illuminate/Queue/Console/WorkCommand), Object(Symfony/Component/Console/Input/ArgvInput), Object(Symfony/Component/Console/Output/ConsoleOutput))
#22 D:/josej/Documents/Proyectos/ExamenDeGrado/C#/php/ugb/vendor/symfony/console/Application.php(218): Symfony/Component/Console/Application->doRun(Object(Symfony/Component/Console/Input/ArgvInput), Object(Symfony/Component/Console/Output/ConsoleOutput))
#23 D:/josej/Documents/Proyectos/ExamenDeGrado/C#/php/ugb/vendor/laravel/framework/src/Illuminate/Foundation/Console/Kernel.php(198): Symfony/Component/Console/Application->run(Object(Symfony/Component/Console/Input/ArgvInput), Object(Symfony/Component/Console/Output/ConsoleOutput))
#24 D:/josej/Documents/Proyectos/ExamenDeGrado/C#/php/ugb/vendor/laravel/framework/src/Illuminate/Foundation/Application.php(1242): Illuminate/Foundation/Console/Kernel->handle(Object(Symfony/Component/Console/Input/ArgvInput), Object(Symfony/Component/Console/Output/ConsoleOutput))
#25 D:/josej/Documents/Proyectos/ExamenDeGrado/C#/php/ugb/artisan(16): Illuminate/Foundation/Application->handleCommand(Object(Symfony/Component/Console/Input/ArgvInput))
#26 {main}

[previous exception] [object] (PDOException(code: HY000): SQLSTATE[HY000]: General error: 1 no such table: cache at D:/josej/Documents/Proyectos/ExamenDeGrado/C#/php/ugb/vendor/laravel/framework/src/Illuminate/Database/Connection.php:435)
[stacktrace]
#0 D:/josej/Documents/Proyectos/ExamenDeGrado/C#/php/ugb/vendor/laravel/framework/src/Illuminate/Database/Connection.php(435): PDO->prepare('select * from \"...')
#1 D:/josej/Documents/Proyectos/ExamenDeGrado/C#/php/ugb/vendor/laravel/framework/src/Illuminate/Database/Connection.php(846): Illuminate/Database/Connection->{closure:Illuminate/Database/Connection::select():426}('select * from \"...', Array)
#2 D:/josej/Documents/Proyectos/ExamenDeGrado/C#/php/ugb/vendor/laravel/framework/src/Illuminate/Database/Connection.php(813): Illuminate/Database/Connection->runQueryCallback('select * from \"...', Array, Object(Closure))
#3 D:/josej/Documents/Proyectos/ExamenDeGrado/C#/php/ugb/vendor/laravel/framework/src/Illuminate/Database/Connection.php(426): Illuminate/Database/Connection->run('select * from \"...', Array, Object(Closure))
#4 D:/josej/Documents/Proyectos/ExamenDeGrado/C#/php/ugb/vendor/laravel/framework/src/Illuminate/Database/Query/Builder.php(3573): Illuminate/Database/Connection->select('select * from \"...', Array, true, Array)
#5 D:/josej/Documents/Proyectos/ExamenDeGrado/C#/php/ugb/vendor/laravel/framework/src/Illuminate/Database/Query/Builder.php(3557): Illuminate/Database/Query/Builder->runSelect()
#6 D:/josej/Documents/Proyectos/ExamenDeGrado/C#/php/ugb/vendor/laravel/framework/src/Illuminate/Cache/DatabaseStore.php(142): Illuminate/Database/Query/Builder->get()
#7 D:/josej/Documents/Proyectos/ExamenDeGrado/C#/php/ugb/vendor/laravel/framework/src/Illuminate/Cache/Repository.php(167): Illuminate/Cache/DatabaseStore->many(Array)
#8 D:/josej/Documents/Proyectos/ExamenDeGrado/C#/php/ugb/vendor/laravel/framework/src/Illuminate/Queue/QueueManager.php(335): Illuminate/Cache/Repository->many(Array)
#9 D:/josej/Documents/Proyectos/ExamenDeGrado/C#/php/ugb/vendor/laravel/framework/src/Illuminate/Queue/Worker.php(489): Illuminate/Queue/QueueManager->getPausedQueues('database', Array)
#10 D:/josej/Documents/Proyectos/ExamenDeGrado/C#/php/ugb/vendor/laravel/framework/src/Illuminate/Queue/Worker.php(450): Illuminate/Queue/Worker->getPausedQueues('database', Array)
#11 D:/josej/Documents/Proyectos/ExamenDeGrado/C#/php/ugb/vendor/laravel/framework/src/Illuminate/Queue/Worker.php(410): Illuminate/Queue/Worker->getNextJob(Object(Illuminate/Queue/DatabaseQueue), 'default')
#12 D:/josej/Documents/Proyectos/ExamenDeGrado/C#/php/ugb/vendor/laravel/framework/src/Illuminate/Queue/Console/WorkCommand.php(149): Illuminate/Queue/Worker->runNextJob('database', 'default', Object(Illuminate/Queue/WorkerOptions))
#13 D:/josej/Documents/Proyectos/ExamenDeGrado/C#/php/ugb/vendor/laravel/framework/src/Illuminate/Queue/Console/WorkCommand.php(132): Illuminate/Queue/Console/WorkCommand->runWorker('database', 'default')
#14 D:/josej/Documents/Proyectos/ExamenDeGrado/C#/php/ugb/vendor/laravel/framework/src/Illuminate/Container/BoundMethod.php(36): Illuminate/Queue/Console/WorkCommand->handle()
#15 D:/josej/Documents/Proyectos/ExamenDeGrado/C#/php/ugb/vendor/laravel/framework/src/Illuminate/Container/Util.php(43): Illuminate/Container/BoundMethod::{closure:Illuminate/Container/BoundMethod::call():35}()
#16 D:/josej/Documents/Proyectos/ExamenDeGrado/C#/php/ugb/vendor/laravel/framework/src/Illuminate/Container/BoundMethod.php(96): Illuminate/Container/Util::unwrapIfClosure(Object(Closure))
#17 D:/josej/Documents/Proyectos/ExamenDeGrado/C#/php/ugb/vendor/laravel/framework/src/Illuminate/Container/BoundMethod.php(35): Illuminate/Container/BoundMethod::callBoundMethod(Object(Illuminate/Foundation/Application), Array, Object(Closure))
#18 D:/josej/Documents/Proyectos/ExamenDeGrado/C#/php/ugb/vendor/laravel/framework/src/Illuminate/Container/Container.php(801): Illuminate/Container/BoundMethod::call(Object(Illuminate/Foundation/Application), Array, Array, NULL)
#19 D:/josej/Documents/Proyectos/ExamenDeGrado/C#/php/ugb/vendor/laravel/framework/src/Illuminate/Console/Command.php(292): Illuminate/Container/Container->call(Array)
#20 D:/josej/Documents/Proyectos/ExamenDeGrado/C#/php/ugb/vendor/symfony/console/Command/Command.php(284): Illuminate/Console/Command->execute(Object(Symfony/Component/Console/Input/ArgvInput), Object(Illuminate/Console/OutputStyle))
#21 D:/josej/Documents/Proyectos/ExamenDeGrado/C#/php/ugb/vendor/laravel/framework/src/Illuminate/Console/Command.php(261): Symfony/Component/Console/Command/Command->run(Object(Symfony/Component/Console/Input/ArgvInput), Object(Illuminate/Console/OutputStyle))
#22 D:/josej/Documents/Proyectos/ExamenDeGrado/C#/php/ugb/vendor/symfony/console/Application.php(1144): Illuminate/Console/Command->run(Object(Symfony/Component/Console/Input/ArgvInput), Object(Symfony/Component/Console/Output/ConsoleOutput))
#23 D:/josej/Documents/Proyectos/ExamenDeGrado/C#/php/ugb/vendor/symfony/console/Application.php(379): Symfony/Component/Console/Application->doRunCommand(Object(Illuminate/Queue/Console/WorkCommand), Object(Symfony/Component/Console/Input/ArgvInput), Object(Symfony/Component/Console/Output/ConsoleOutput))
#24 D:/josej/Documents/Proyectos/ExamenDeGrado/C#/php/ugb/vendor/symfony/console/Application.php(218): Symfony/Component/Console/Application->doRun(Object(Symfony/Component/Console/Input/ArgvInput), Object(Symfony/Component/Console/Output/ConsoleOutput))
#25 D:/josej/Documents/Proyectos/ExamenDeGrado/C#/php/ugb/vendor/laravel/framework/src/Illuminate/Foundation/Console/Kernel.php(198): Symfony/Component/Console/Application->run(Object(Symfony/Component/Console/Input/ArgvInput), Object(Symfony/Component/Console/Output/ConsoleOutput))
#26 D:/josej/Documents/Proyectos/ExamenDeGrado/C#/php/ugb/vendor/laravel/framework/src/Illuminate/Foundation/Application.php(1242): Illuminate/Foundation/Console/Kernel->handle(Object(Symfony/Component/Console/Input/ArgvInput), Object(Symfony/Component/Console/Output/ConsoleOutput))
#27 D:/josej/Documents/Proyectos/ExamenDeGrado/C#/php/ugb/artisan(16): Illuminate/Foundation/Application->handleCommand(Object(Symfony/Component/Console/Input/ArgvInput))
#28 {main}
"} 
[2026-08-17 01:46:14] local.ERROR: SQLSTATE[HY000]: General error: 1 no such table: cache (Connection: sqlite, Database: D:\josej\Documents\Proyectos\ExamenDeGrado\C#\php\ugb\database\database.sqlite, SQL: select * from "cache" where "key" in (laravel-cache-illuminate:queues:paused, laravel-cache-illuminate:queue:paused:database:default)) {"exception":"[object] (Illuminate\\Database\\QueryException(code: HY000): SQLSTATE[HY000]: General error: 1 no such table: cache (Connection: sqlite, Database: D:\\josej\\Documents\\Proyectos\\ExamenDeGrado\\C#\\php\\ugb\\database\\database.sqlite, SQL: select * from \"cache\" where \"key\" in (laravel-cache-illuminate:queues:paused, laravel-cache-illuminate:queue:paused:database:default)) at D:/josej/Documents/Proyectos/ExamenDeGrado/C#/php/ugb/vendor/laravel/framework/src/Illuminate/Database/Connection.php:857)
[stacktrace]
#0 D:/josej/Documents/Proyectos/ExamenDeGrado/C#/php/ugb/vendor/laravel/framework/src/Illuminate/Database/Connection.php(813): Illuminate/Database/Connection->runQueryCallback('select * from \"...', Array, Object(Closure))
#1 D:/josej/Documents/Proyectos/ExamenDeGrado/C#/php/ugb/vendor/laravel/framework/src/Illuminate/Database/Connection.php(426): Illuminate/Database/Connection->run('select * from \"...', Array, Object(Closure))
#2 D:/josej/Documents/Proyectos/ExamenDeGrado/C#/php/ugb/vendor/laravel/framework/src/Illuminate/Database/Query/Builder.php(3573): Illuminate/Database/Connection->select('select * from \"...', Array, true, Array)
#3 D:/josej/Documents/Proyectos/ExamenDeGrado/C#/php/ugb/vendor/laravel/framework/src/Illuminate/Database/Query/Builder.php(3557): Illuminate/Database/Query/Builder->runSelect()
#4 D:/josej/Documents/Proyectos/ExamenDeGrado/C#/php/ugb/vendor/laravel/framework/src/Illuminate/Cache/DatabaseStore.php(142): Illuminate/Database/Query/Builder->get()
#5 D:/josej/Documents/Proyectos/ExamenDeGrado/C#/php/ugb/vendor/laravel/framework/src/Illuminate/Cache/Repository.php(167): Illuminate/Cache/DatabaseStore->many(Array)
#6 D:/josej/Documents/Proyectos/ExamenDeGrado/C#/php/ugb/vendor/laravel/framework/src/Illuminate/Queue/QueueManager.php(335): Illuminate/Cache/Repository->many(Array)
#7 D:/josej/Documents/Proyectos/ExamenDeGrado/C#/php/ugb/vendor/laravel/framework/src/Illuminate/Queue/Worker.php(489): Illuminate/Queue/QueueManager->getPausedQueues('database', Array)
#8 D:/josej/Documents/Proyectos/ExamenDeGrado/C#/php/ugb/vendor/laravel/framework/src/Illuminate/Queue/Worker.php(450): Illuminate/Queue/Worker->getPausedQueues('database', Array)
#9 D:/josej/Documents/Proyectos/ExamenDeGrado/C#/php/ugb/vendor/laravel/framework/src/Illuminate/Queue/Worker.php(410): Illuminate/Queue/Worker->getNextJob(Object(Illuminate/Queue/DatabaseQueue), 'default')
#10 D:/josej/Documents/Proyectos/ExamenDeGrado/C#/php/ugb/vendor/laravel/framework/src/Illuminate/Queue/Console/WorkCommand.php(149): Illuminate/Queue/Worker->runNextJob('database', 'default', Object(Illuminate/Queue/WorkerOptions))
#11 D:/josej/Documents/Proyectos/ExamenDeGrado/C#/php/ugb/vendor/laravel/framework/src/Illuminate/Queue/Console/WorkCommand.php(132): Illuminate/Queue/Console/WorkCommand->runWorker('database', 'default')
#12 D:/josej/Documents/Proyectos/ExamenDeGrado/C#/php/ugb/vendor/laravel/framework/src/Illuminate/Container/BoundMethod.php(36): Illuminate/Queue/Console/WorkCommand->handle()
#13 D:/josej/Documents/Proyectos/ExamenDeGrado/C#/php/ugb/vendor/laravel/framework/src/Illuminate/Container/Util.php(43): Illuminate/Container/BoundMethod::{closure:Illuminate/Container/BoundMethod::call():35}()
#14 D:/josej/Documents/Proyectos/ExamenDeGrado/C#/php/ugb/vendor/laravel/framework/src/Illuminate/Container/BoundMethod.php(96): Illuminate/Container/Util::unwrapIfClosure(Object(Closure))
#15 D:/josej/Documents/Proyectos/ExamenDeGrado/C#/php/ugb/vendor/laravel/framework/src/Illuminate/Container/BoundMethod.php(35): Illuminate/Container/BoundMethod::callBoundMethod(Object(Illuminate/Foundation/Application), Array, Object(Closure))
#16 D:/josej/Documents/Proyectos/ExamenDeGrado/C#/php/ugb/vendor/laravel/framework/src/Illuminate/Container/Container.php(801): Illuminate/Container/BoundMethod::call(Object(Illuminate/Foundation/Application), Array, Array, NULL)
#17 D:/josej/Documents/Proyectos/ExamenDeGrado/C#/php/ugb/vendor/laravel/framework/src/Illuminate/Console/Command.php(292): Illuminate/Container/Container->call(Array)
#18 D:/josej/Documents/Proyectos/ExamenDeGrado/C#/php/ugb/vendor/symfony/console/Command/Command.php(284): Illuminate/Console/Command->execute(Object(Symfony/Component/Console/Input/ArgvInput), Object(Illuminate/Console/OutputStyle))
#19 D:/josej/Documents/Proyectos/ExamenDeGrado/C#/php/ugb/vendor/laravel/framework/src/Illuminate/Console/Command.php(261): Symfony/Component/Console/Command/Command->run(Object(Symfony/Component/Console/Input/ArgvInput), Object(Illuminate/Console/OutputStyle))
#20 D:/josej/Documents/Proyectos/ExamenDeGrado/C#/php/ugb/vendor/symfony/console/Application.php(1144): Illuminate/Console/Command->run(Object(Symfony/Component/Console/Input/ArgvInput), Object(Symfony/Component/Console/Output/ConsoleOutput))
#21 D:/josej/Documents/Proyectos/ExamenDeGrado/C#/php/ugb/vendor/symfony/console/Application.php(379): Symfony/Component/Console/Application->doRunCommand(Object(Illuminate/Queue/Console/WorkCommand), Object(Symfony/Component/Console/Input/ArgvInput), Object(Symfony/Component/Console/Output/ConsoleOutput))
#22 D:/josej/Documents/Proyectos/ExamenDeGrado/C#/php/ugb/vendor/symfony/console/Application.php(218): Symfony/Component/Console/Application->doRun(Object(Symfony/Component/Console/Input/ArgvInput), Object(Symfony/Component/Console/Output/ConsoleOutput))
#23 D:/josej/Documents/Proyectos/ExamenDeGrado/C#/php/ugb/vendor/laravel/framework/src/Illuminate/Foundation/Console/Kernel.php(198): Symfony/Component/Console/Application->run(Object(Symfony/Component/Console/Input/ArgvInput), Object(Symfony/Component/Console/Output/ConsoleOutput))
#24 D:/josej/Documents/Proyectos/ExamenDeGrado/C#/php/ugb/vendor/laravel/framework/src/Illuminate/Foundation/Application.php(1242): Illuminate/Foundation/Console/Kernel->handle(Object(Symfony/Component/Console/Input/ArgvInput), Object(Symfony/Component/Console/Output/ConsoleOutput))
#25 D:/josej/Documents/Proyectos/ExamenDeGrado/C#/php/ugb/artisan(16): Illuminate/Foundation/Application->handleCommand(Object(Symfony/Component/Console/Input/ArgvInput))
#26 {main}

[previous exception] [object] (PDOException(code: HY000): SQLSTATE[HY000]: General error: 1 no such table: cache at D:/josej/Documents/Proyectos/ExamenDeGrado/C#/php/ugb/vendor/laravel/framework/src/Illuminate/Database/Connection.php:435)
[stacktrace]
#0 D:/josej/Documents/Proyectos/ExamenDeGrado/C#/php/ugb/vendor/laravel/framework/src/Illuminate/Database/Connection.php(435): PDO->prepare('select * from \"...')
#1 D:/josej/Documents/Proyectos/ExamenDeGrado/C#/php/ugb/vendor/laravel/framework/src/Illuminate/Database/Connection.php(846): Illuminate/Database/Connection->{closure:Illuminate/Database/Connection::select():426}('select * from \"...', Array)
#2 D:/josej/Documents/Proyectos/ExamenDeGrado/C#/php/ugb/vendor/laravel/framework/src/Illuminate/Database/Connection.php(813): Illuminate/Database/Connection->runQueryCallback('select * from \"...', Array, Object(Closure))
#3 D:/josej/Documents/Proyectos/ExamenDeGrado/C#/php/ugb/vendor/laravel/framework/src/Illuminate/Database/Connection.php(426): Illuminate/Database/Connection->run('select * from \"...', Array, Object(Closure))
#4 D:/josej/Documents/Proyectos/ExamenDeGrado/C#/php/ugb/vendor/laravel/framework/src/Illuminate/Database/Query/Builder.php(3573): Illuminate/Database/Connection->select('select * from \"...', Array, true, Array)
#5 D:/josej/Documents/Proyectos/ExamenDeGrado/C#/php/ugb/vendor/laravel/framework/src/Illuminate/Database/Query/Builder.php(3557): Illuminate/Database/Query/Builder->runSelect()
#6 D:/josej/Documents/Proyectos/ExamenDeGrado/C#/php/ugb/vendor/laravel/framework/src/Illuminate/Cache/DatabaseStore.php(142): Illuminate/Database/Query/Builder->get()
#7 D:/josej/Documents/Proyectos/ExamenDeGrado/C#/php/ugb/vendor/laravel/framework/src/Illuminate/Cache/Repository.php(167): Illuminate/Cache/DatabaseStore->many(Array)
#8 D:/josej/Documents/Proyectos/ExamenDeGrado/C#/php/ugb/vendor/laravel/framework/src/Illuminate/Queue/QueueManager.php(335): Illuminate/Cache/Repository->many(Array)
#9 D:/josej/Documents/Proyectos/ExamenDeGrado/C#/php/ugb/vendor/laravel/framework/src/Illuminate/Queue/Worker.php(489): Illuminate/Queue/QueueManager->getPausedQueues('database', Array)
#10 D:/josej/Documents/Proyectos/ExamenDeGrado/C#/php/ugb/vendor/laravel/framework/src/Illuminate/Queue/Worker.php(450): Illuminate/Queue/Worker->getPausedQueues('database', Array)
#11 D:/josej/Documents/Proyectos/ExamenDeGrado/C#/php/ugb/vendor/laravel/framework/src/Illuminate/Queue/Worker.php(410): Illuminate/Queue/Worker->getNextJob(Object(Illuminate/Queue/DatabaseQueue), 'default')
#12 D:/josej/Documents/Proyectos/ExamenDeGrado/C#/php/ugb/vendor/laravel/framework/src/Illuminate/Queue/Console/WorkCommand.php(149): Illuminate/Queue/Worker->runNextJob('database', 'default', Object(Illuminate/Queue/WorkerOptions))
#13 D:/josej/Documents/Proyectos/ExamenDeGrado/C#/php/ugb/vendor/laravel/framework/src/Illuminate/Queue/Console/WorkCommand.php(132): Illuminate/Queue/Console/WorkCommand->runWorker('database', 'default')
#14 D:/josej/Documents/Proyectos/ExamenDeGrado/C#/php/ugb/vendor/laravel/framework/src/Illuminate/Container/BoundMethod.php(36): Illuminate/Queue/Console/WorkCommand->handle()
#15 D:/josej/Documents/Proyectos/ExamenDeGrado/C#/php/ugb/vendor/laravel/framework/src/Illuminate/Container/Util.php(43): Illuminate/Container/BoundMethod::{closure:Illuminate/Container/BoundMethod::call():35}()
#16 D:/josej/Documents/Proyectos/ExamenDeGrado/C#/php/ugb/vendor/laravel/framework/src/Illuminate/Container/BoundMethod.php(96): Illuminate/Container/Util::unwrapIfClosure(Object(Closure))
#17 D:/josej/Documents/Proyectos/ExamenDeGrado/C#/php/ugb/vendor/laravel/framework/src/Illuminate/Container/BoundMethod.php(35): Illuminate/Container/BoundMethod::callBoundMethod(Object(Illuminate/Foundation/Application), Array, Object(Closure))
#18 D:/josej/Documents/Proyectos/ExamenDeGrado/C#/php/ugb/vendor/laravel/framework/src/Illuminate/Container/Container.php(801): Illuminate/Container/BoundMethod::call(Object(Illuminate/Foundation/Application), Array, Array, NULL)
#19 D:/josej/Documents/Proyectos/ExamenDeGrado/C#/php/ugb/vendor/laravel/framework/src/Illuminate/Console/Command.php(292): Illuminate/Container/Container->call(Array)
#20 D:/josej/Documents/Proyectos/ExamenDeGrado/C#/php/ugb/vendor/symfony/console/Command/Command.php(284): Illuminate/Console/Command->execute(Object(Symfony/Component/Console/Input/ArgvInput), Object(Illuminate/Console/OutputStyle))
#21 D:/josej/Documents/Proyectos/ExamenDeGrado/C#/php/ugb/vendor/laravel/framework/src/Illuminate/Console/Command.php(261): Symfony/Component/Console/Command/Command->run(Object(Symfony/Component/Console/Input/ArgvInput), Object(Illuminate/Console/OutputStyle))
#22 D:/josej/Documents/Proyectos/ExamenDeGrado/C#/php/ugb/vendor/symfony/console/Application.php(1144): Illuminate/Console/Command->run(Object(Symfony/Component/Console/Input/ArgvInput), Object(Symfony/Component/Console/Output/ConsoleOutput))
#23 D:/josej/Documents/Proyectos/ExamenDeGrado/C#/php/ugb/vendor/symfony/console/Application.php(379): Symfony/Component/Console/Application->doRunCommand(Object(Illuminate/Queue/Console/WorkCommand), Object(Symfony/Component/Console/Input/ArgvInput), Object(Symfony/Component/Console/Output/ConsoleOutput))
#24 D:/josej/Documents/Proyectos/ExamenDeGrado/C#/php/ugb/vendor/symfony/console/Application.php(218): Symfony/Component/Console/Application->doRun(Object(Symfony/Component/Console/Input/ArgvInput), Object(Symfony/Component/Console/Output/ConsoleOutput))
#25 D:/josej/Documents/Proyectos/ExamenDeGrado/C#/php/ugb/vendor/laravel/framework/src/Illuminate/Foundation/Console/Kernel.php(198): Symfony/Component/Console/Application->run(Object(Symfony/Component/Console/Input/ArgvInput), Object(Symfony/Component/Console/Output/ConsoleOutput))
#26 D:/josej/Documents/Proyectos/ExamenDeGrado/C#/php/ugb/vendor/laravel/framework/src/Illuminate/Foundation/Application.php(1242): Illuminate/Foundation/Console/Kernel->handle(Object(Symfony/Component/Console/Input/ArgvInput), Object(Symfony/Component/Console/Output/ConsoleOutput))
#27 D:/josej/Documents/Proyectos/ExamenDeGrado/C#/php/ugb/artisan(16): Illuminate/Foundation/Application->handleCommand(Object(Symfony/Component/Console/Input/ArgvInput))
#28 {main}
"} 
[2026-08-17 01:46:18] local.ERROR: SQLSTATE[HY000]: General error: 1 no such table: cache (Connection: sqlite, Database: D:\josej\Documents\Proyectos\ExamenDeGrado\C#\php\ugb\database\database.sqlite, SQL: select * from "cache" where "key" in (laravel-cache-illuminate:queues:paused, laravel-cache-illuminate:queue:paused:database:default)) {"exception":"[object] (Illuminate\\Database\\QueryException(code: HY000): SQLSTATE[HY000]: General error: 1 no such table: cache (Connection: sqlite, Database: D:\\josej\\Documents\\Proyectos\\ExamenDeGrado\\C#\\php\\ugb\\database\\database.sqlite, SQL: select * from \"cache\" where \"key\" in (laravel-cache-illuminate:queues:paused, laravel-cache-illuminate:queue:paused:database:default)) at D:/josej/Documents/Proyectos/ExamenDeGrado/C#/php/ugb/vendor/laravel/framework/src/Illuminate/Database/Connection.php:857)
[stacktrace]
#0 D:/josej/Documents/Proyectos/ExamenDeGrado/C#/php/ugb/vendor/laravel/framework/src/Illuminate/Database/Connection.php(813): Illuminate/Database/Connection->runQueryCallback('select * from \"...', Array, Object(Closure))
#1 D:/josej/Documents/Proyectos/ExamenDeGrado/C#/php/ugb/vendor/laravel/framework/src/Illuminate/Database/Connection.php(426): Illuminate/Database/Connection->run('select * from \"...', Array, Object(Closure))
#2 D:/josej/Documents/Proyectos/ExamenDeGrado/C#/php/ugb/vendor/laravel/framework/src/Illuminate/Database/Query/Builder.php(3573): Illuminate/Database/Connection->select('select * from \"...', Array, true, Array)
#3 D:/josej/Documents/Proyectos/ExamenDeGrado/C#/php/ugb/vendor/laravel/framework/src/Illuminate/Database/Query/Builder.php(3557): Illuminate/Database/Query/Builder->runSelect()
#4 D:/josej/Documents/Proyectos/ExamenDeGrado/C#/php/ugb/vendor/laravel/framework/src/Illuminate/Cache/DatabaseStore.php(142): Illuminate/Database/Query/Builder->get()
#5 D:/josej/Documents/Proyectos/ExamenDeGrado/C#/php/ugb/vendor/laravel/framework/src/Illuminate/Cache/Repository.php(167): Illuminate/Cache/DatabaseStore->many(Array)
#6 D:/josej/Documents/Proyectos/ExamenDeGrado/C#/php/ugb/vendor/laravel/framework/src/Illuminate/Queue/QueueManager.php(335): Illuminate/Cache/Repository->many(Array)
#7 D:/josej/Documents/Proyectos/ExamenDeGrado/C#/php/ugb/vendor/laravel/framework/src/Illuminate/Queue/Worker.php(489): Illuminate/Queue/QueueManager->getPausedQueues('database', Array)
#8 D:/josej/Documents/Proyectos/ExamenDeGrado/C#/php/ugb/vendor/laravel/framework/src/Illuminate/Queue/Worker.php(450): Illuminate/Queue/Worker->getPausedQueues('database', Array)
#9 D:/josej/Documents/Proyectos/ExamenDeGrado/C#/php/ugb/vendor/laravel/framework/src/Illuminate/Queue/Worker.php(410): Illuminate/Queue/Worker->getNextJob(Object(Illuminate/Queue/DatabaseQueue), 'default')
#10 D:/josej/Documents/Proyectos/ExamenDeGrado/C#/php/ugb/vendor/laravel/framework/src/Illuminate/Queue/Console/WorkCommand.php(149): Illuminate/Queue/Worker->runNextJob('database', 'default', Object(Illuminate/Queue/WorkerOptions))
#11 D:/josej/Documents/Proyectos/ExamenDeGrado/C#/php/ugb/vendor/laravel/framework/src/Illuminate/Queue/Console/WorkCommand.php(132): Illuminate/Queue/Console/WorkCommand->runWorker('database', 'default')
#12 D:/josej/Documents/Proyectos/ExamenDeGrado/C#/php/ugb/vendor/laravel/framework/src/Illuminate/Container/BoundMethod.php(36): Illuminate/Queue/Console/WorkCommand->handle()
#13 D:/josej/Documents/Proyectos/ExamenDeGrado/C#/php/ugb/vendor/laravel/framework/src/Illuminate/Container/Util.php(43): Illuminate/Container/BoundMethod::{closure:Illuminate/Container/BoundMethod::call():35}()
#14 D:/josej/Documents/Proyectos/ExamenDeGrado/C#/php/ugb/vendor/laravel/framework/src/Illuminate/Container/BoundMethod.php(96): Illuminate/Container/Util::unwrapIfClosure(Object(Closure))
#15 D:/josej/Documents/Proyectos/ExamenDeGrado/C#/php/ugb/vendor/laravel/framework/src/Illuminate/Container/BoundMethod.php(35): Illuminate/Container/BoundMethod::callBoundMethod(Object(Illuminate/Foundation/Application), Array, Object(Closure))
#16 D:/josej/Documents/Proyectos/ExamenDeGrado/C#/php/ugb/vendor/laravel/framework/src/Illuminate/Container/Container.php(801): Illuminate/Container/BoundMethod::call(Object(Illuminate/Foundation/Application), Array, Array, NULL)
#17 D:/josej/Documents/Proyectos/ExamenDeGrado/C#/php/ugb/vendor/laravel/framework/src/Illuminate/Console/Command.php(292): Illuminate/Container/Container->call(Array)
#18 D:/josej/Documents/Proyectos/ExamenDeGrado/C#/php/ugb/vendor/symfony/console/Command/Command.php(284): Illuminate/Console/Command->execute(Object(Symfony/Component/Console/Input/ArgvInput), Object(Illuminate/Console/OutputStyle))
#19 D:/josej/Documents/Proyectos/ExamenDeGrado/C#/php/ugb/vendor/laravel/framework/src/Illuminate/Console/Command.php(261): Symfony/Component/Console/Command/Command->run(Object(Symfony/Component/Console/Input/ArgvInput), Object(Illuminate/Console/OutputStyle))
#20 D:/josej/Documents/Proyectos/ExamenDeGrado/C#/php/ugb/vendor/symfony/console/Application.php(1144): Illuminate/Console/Command->run(Object(Symfony/Component/Console/Input/ArgvInput), Object(Symfony/Component/Console/Output/ConsoleOutput))
#21 D:/josej/Documents/Proyectos/ExamenDeGrado/C#/php/ugb/vendor/symfony/console/Application.php(379): Symfony/Component/Console/Application->doRunCommand(Object(Illuminate/Queue/Console/WorkCommand), Object(Symfony/Component/Console/Input/ArgvInput), Object(Symfony/Component/Console/Output/ConsoleOutput))
#22 D:/josej/Documents/Proyectos/ExamenDeGrado/C#/php/ugb/vendor/symfony/console/Application.php(218): Symfony/Component/Console/Application->doRun(Object(Symfony/Component/Console/Input/ArgvInput), Object(Symfony/Component/Console/Output/ConsoleOutput))
#23 D:/josej/Documents/Proyectos/ExamenDeGrado/C#/php/ugb/vendor/laravel/framework/src/Illuminate/Foundation/Console/Kernel.php(198): Symfony/Component/Console/Application->run(Object(Symfony/Component/Console/Input/ArgvInput), Object(Symfony/Component/Console/Output/ConsoleOutput))
#24 D:/josej/Documents/Proyectos/ExamenDeGrado/C#/php/ugb/vendor/laravel/framework/src/Illuminate/Foundation/Application.php(1242): Illuminate/Foundation/Console/Kernel->handle(Object(Symfony/Component/Console/Input/ArgvInput), Object(Symfony/Component/Console/Output/ConsoleOutput))
#25 D:/josej/Documents/Proyectos/ExamenDeGrado/C#/php/ugb/artisan(16): Illuminate/Foundation/Application->handleCommand(Object(Symfony/Component/Console/Input/ArgvInput))
#26 {main}

[previous exception] [object] (PDOException(code: HY000): SQLSTATE[HY000]: General error: 1 no such table: cache at D:/josej/Documents/Proyectos/ExamenDeGrado/C#/php/ugb/vendor/laravel/framework/src/Illuminate/Database/Connection.php:435)
[stacktrace]
#0 D:/josej/Documents/Proyectos/ExamenDeGrado/C#/php/ugb/vendor/laravel/framework/src/Illuminate/Database/Connection.php(435): PDO->prepare('select * from \"...')
#1 D:/josej/Documents/Proyectos/ExamenDeGrado/C#/php/ugb/vendor/laravel/framework/src/Illuminate/Database/Connection.php(846): Illuminate/Database/Connection->{closure:Illuminate/Database/Connection::select():426}('select * from \"...', Array)
#2 D:/josej/Documents/Proyectos/ExamenDeGrado/C#/php/ugb/vendor/laravel/framework/src/Illuminate/Database/Connection.php(813): Illuminate/Database/Connection->runQueryCallback('select * from \"...', Array, Object(Closure))
#3 D:/josej/Documents/Proyectos/ExamenDeGrado/C#/php/ugb/vendor/laravel/framework/src/Illuminate/Database/Connection.php(426): Illuminate/Database/Connection->run('select * from \"...', Array, Object(Closure))
#4 D:/josej/Documents/Proyectos/ExamenDeGrado/C#/php/ugb/vendor/laravel/framework/src/Illuminate/Database/Query/Builder.php(3573): Illuminate/Database/Connection->select('select * from \"...', Array, true, Array)
#5 D:/josej/Documents/Proyectos/ExamenDeGrado/C#/php/ugb/vendor/laravel/framework/src/Illuminate/Database/Query/Builder.php(3557): Illuminate/Database/Query/Builder->runSelect()
#6 D:/josej/Documents/Proyectos/ExamenDeGrado/C#/php/ugb/vendor/laravel/framework/src/Illuminate/Cache/DatabaseStore.php(142): Illuminate/Database/Query/Builder->get()
#7 D:/josej/Documents/Proyectos/ExamenDeGrado/C#/php/ugb/vendor/laravel/framework/src/Illuminate/Cache/Repository.php(167): Illuminate/Cache/DatabaseStore->many(Array)
#8 D:/josej/Documents/Proyectos/ExamenDeGrado/C#/php/ugb/vendor/laravel/framework/src/Illuminate/Queue/QueueManager.php(335): Illuminate/Cache/Repository->many(Array)
#9 D:/josej/Documents/Proyectos/ExamenDeGrado/C#/php/ugb/vendor/laravel/framework/src/Illuminate/Queue/Worker.php(489): Illuminate/Queue/QueueManager->getPausedQueues('database', Array)
#10 D:/josej/Documents/Proyectos/ExamenDeGrado/C#/php/ugb/vendor/laravel/framework/src/Illuminate/Queue/Worker.php(450): Illuminate/Queue/Worker->getPausedQueues('database', Array)
#11 D:/josej/Documents/Proyectos/ExamenDeGrado/C#/php/ugb/vendor/laravel/framework/src/Illuminate/Queue/Worker.php(410): Illuminate/Queue/Worker->getNextJob(Object(Illuminate/Queue/DatabaseQueue), 'default')
#12 D:/josej/Documents/Proyectos/ExamenDeGrado/C#/php/ugb/vendor/laravel/framework/src/Illuminate/Queue/Console/WorkCommand.php(149): Illuminate/Queue/Worker->runNextJob('database', 'default', Object(Illuminate/Queue/WorkerOptions))
#13 D:/josej/Documents/Proyectos/ExamenDeGrado/C#/php/ugb/vendor/laravel/framework/src/Illuminate/Queue/Console/WorkCommand.php(132): Illuminate/Queue/Console/WorkCommand->runWorker('database', 'default')
#14 D:/josej/Documents/Proyectos/ExamenDeGrado/C#/php/ugb/vendor/laravel/framework/src/Illuminate/Container/BoundMethod.php(36): Illuminate/Queue/Console/WorkCommand->handle()
#15 D:/josej/Documents/Proyectos/ExamenDeGrado/C#/php/ugb/vendor/laravel/framework/src/Illuminate/Container/Util.php(43): Illuminate/Container/BoundMethod::{closure:Illuminate/Container/BoundMethod::call():35}()
#16 D:/josej/Documents/Proyectos/ExamenDeGrado/C#/php/ugb/vendor/laravel/framework/src/Illuminate/Container/BoundMethod.php(96): Illuminate/Container/Util::unwrapIfClosure(Object(Closure))
#17 D:/josej/Documents/Proyectos/ExamenDeGrado/C#/php/ugb/vendor/laravel/framework/src/Illuminate/Container/BoundMethod.php(35): Illuminate/Container/BoundMethod::callBoundMethod(Object(Illuminate/Foundation/Application), Array, Object(Closure))
#18 D:/josej/Documents/Proyectos/ExamenDeGrado/C#/php/ugb/vendor/laravel/framework/src/Illuminate/Container/Container.php(801): Illuminate/Container/BoundMethod::call(Object(Illuminate/Foundation/Application), Array, Array, NULL)
#19 D:/josej/Documents/Proyectos/ExamenDeGrado/C#/php/ugb/vendor/laravel/framework/src/Illuminate/Console/Command.php(292): Illuminate/Container/Container->call(Array)
#20 D:/josej/Documents/Proyectos/ExamenDeGrado/C#/php/ugb/vendor/symfony/console/Command/Command.php(284): Illuminate/Console/Command->execute(Object(Symfony/Component/Console/Input/ArgvInput), Object(Illuminate/Console/OutputStyle))
#21 D:/josej/Documents/Proyectos/ExamenDeGrado/C#/php/ugb/vendor/laravel/framework/src/Illuminate/Console/Command.php(261): Symfony/Component/Console/Command/Command->run(Object(Symfony/Component/Console/Input/ArgvInput), Object(Illuminate/Console/OutputStyle))
#22 D:/josej/Documents/Proyectos/ExamenDeGrado/C#/php/ugb/vendor/symfony/console/Application.php(1144): Illuminate/Console/Command->run(Object(Symfony/Component/Console/Input/ArgvInput), Object(Symfony/Component/Console/Output/ConsoleOutput))
#23 D:/josej/Documents/Proyectos/ExamenDeGrado/C#/php/ugb/vendor/symfony/console/Application.php(379): Symfony/Component/Console/Application->doRunCommand(Object(Illuminate/Queue/Console/WorkCommand), Object(Symfony/Component/Console/Input/ArgvInput), Object(Symfony/Component/Console/Output/ConsoleOutput))
#24 D:/josej/Documents/Proyectos/ExamenDeGrado/C#/php/ugb/vendor/symfony/console/Application.php(218): Symfony/Component/Console/Application->doRun(Object(Symfony/Component/Console/Input/ArgvInput), Object(Symfony/Component/Console/Output/ConsoleOutput))
#25 D:/josej/Documents/Proyectos/ExamenDeGrado/C#/php/ugb/vendor/laravel/framework/src/Illuminate/Foundation/Console/Kernel.php(198): Symfony/Component/Console/Application->run(Object(Symfony/Component/Console/Input/ArgvInput), Object(Symfony/Component/Console/Output/ConsoleOutput))
#26 D:/josej/Documents/Proyectos/ExamenDeGrado/C#/php/ugb/vendor/laravel/framework/src/Illuminate/Foundation/Application.php(1242): Illuminate/Foundation/Console/Kernel->handle(Object(Symfony/Component/Console/Input/ArgvInput), Object(Symfony/Component/Console/Output/ConsoleOutput))
#27 D:/josej/Documents/Proyectos/ExamenDeGrado/C#/php/ugb/artisan(16): Illuminate/Foundation/Application->handleCommand(Object(Symfony/Component/Console/Input/ArgvInput))
#28 {main}
"} 
[2026-08-17 01:46:23] local.ERROR: SQLSTATE[HY000]: General error: 1 no such table: cache (Connection: sqlite, Database: D:\josej\Documents\Proyectos\ExamenDeGrado\C#\php\ugb\database\database.sqlite, SQL: select * from "cache" where "key" in (laravel-cache-illuminate:queues:paused, laravel-cache-illuminate:queue:paused:database:default)) {"exception":"[object] (Illuminate\\Database\\QueryException(code: HY000): SQLSTATE[HY000]: General error: 1 no such table: cache (Connection: sqlite, Database: D:\\josej\\Documents\\Proyectos\\ExamenDeGrado\\C#\\php\\ugb\\database\\database.sqlite, SQL: select * from \"cache\" where \"key\" in (laravel-cache-illuminate:queues:paused, laravel-cache-illuminate:queue:paused:database:default)) at D:/josej/Documents/Proyectos/ExamenDeGrado/C#/php/ugb/vendor/laravel/framework/src/Illuminate/Database/Connection.php:857)
[stacktrace]
#0 D:/josej/Documents/Proyectos/ExamenDeGrado/C#/php/ugb/vendor/laravel/framework/src/Illuminate/Database/Connection.php(813): Illuminate/Database/Connection->runQueryCallback('select * from \"...', Array, Object(Closure))
#1 D:/josej/Documents/Proyectos/ExamenDeGrado/C#/php/ugb/vendor/laravel/framework/src/Illuminate/Database/Connection.php(426): Illuminate/Database/Connection->run('select * from \"...', Array, Object(Closure))
#2 D:/josej/Documents/Proyectos/ExamenDeGrado/C#/php/ugb/vendor/laravel/framework/src/Illuminate/Database/Query/Builder.php(3573): Illuminate/Database/Connection->select('select * from \"...', Array, true, Array)
#3 D:/josej/Documents/Proyectos/ExamenDeGrado/C#/php/ugb/vendor/laravel/framework/src/Illuminate/Database/Query/Builder.php(3557): Illuminate/Database/Query/Builder->runSelect()
#4 D:/josej/Documents/Proyectos/ExamenDeGrado/C#/php/ugb/vendor/laravel/framework/src/Illuminate/Cache/DatabaseStore.php(142): Illuminate/Database/Query/Builder->get()
#5 D:/josej/Documents/Proyectos/ExamenDeGrado/C#/php/ugb/vendor/laravel/framework/src/Illuminate/Cache/Repository.php(167): Illuminate/Cache/DatabaseStore->many(Array)
#6 D:/josej/Documents/Proyectos/ExamenDeGrado/C#/php/ugb/vendor/laravel/framework/src/Illuminate/Queue/QueueManager.php(335): Illuminate/Cache/Repository->many(Array)
#7 D:/josej/Documents/Proyectos/ExamenDeGrado/C#/php/ugb/vendor/laravel/framework/src/Illuminate/Queue/Worker.php(489): Illuminate/Queue/QueueManager->getPausedQueues('database', Array)
#8 D:/josej/Documents/Proyectos/ExamenDeGrado/C#/php/ugb/vendor/laravel/framework/src/Illuminate/Queue/Worker.php(450): Illuminate/Queue/Worker->getPausedQueues('database', Array)
#9 D:/josej/Documents/Proyectos/ExamenDeGrado/C#/php/ugb/vendor/laravel/framework/src/Illuminate/Queue/Worker.php(410): Illuminate/Queue/Worker->getNextJob(Object(Illuminate/Queue/DatabaseQueue), 'default')
#10 D:/josej/Documents/Proyectos/ExamenDeGrado/C#/php/ugb/vendor/laravel/framework/src/Illuminate/Queue/Console/WorkCommand.php(149): Illuminate/Queue/Worker->runNextJob('database', 'default', Object(Illuminate/Queue/WorkerOptions))
#11 D:/josej/Documents/Proyectos/ExamenDeGrado/C#/php/ugb/vendor/laravel/framework/src/Illuminate/Queue/Console/WorkCommand.php(132): Illuminate/Queue/Console/WorkCommand->runWorker('database', 'default')
#12 D:/josej/Documents/Proyectos/ExamenDeGrado/C#/php/ugb/vendor/laravel/framework/src/Illuminate/Container/BoundMethod.php(36): Illuminate/Queue/Console/WorkCommand->handle()
#13 D:/josej/Documents/Proyectos/ExamenDeGrado/C#/php/ugb/vendor/laravel/framework/src/Illuminate/Container/Util.php(43): Illuminate/Container/BoundMethod::{closure:Illuminate/Container/BoundMethod::call():35}()
#14 D:/josej/Documents/Proyectos/ExamenDeGrado/C#/php/ugb/vendor/laravel/framework/src/Illuminate/Container/BoundMethod.php(96): Illuminate/Container/Util::unwrapIfClosure(Object(Closure))
#15 D:/josej/Documents/Proyectos/ExamenDeGrado/C#/php/ugb/vendor/laravel/framework/src/Illuminate/Container/BoundMethod.php(35): Illuminate/Container/BoundMethod::callBoundMethod(Object(Illuminate/Foundation/Application), Array, Object(Closure))
#16 D:/josej/Documents/Proyectos/ExamenDeGrado/C#/php/ugb/vendor/laravel/framework/src/Illuminate/Container/Container.php(801): Illuminate/Container/BoundMethod::call(Object(Illuminate/Foundation/Application), Array, Array, NULL)
#17 D:/josej/Documents/Proyectos/ExamenDeGrado/C#/php/ugb/vendor/laravel/framework/src/Illuminate/Console/Command.php(292): Illuminate/Container/Container->call(Array)
#18 D:/josej/Documents/Proyectos/ExamenDeGrado/C#/php/ugb/vendor/symfony/console/Command/Command.php(284): Illuminate/Console/Command->execute(Object(Symfony/Component/Console/Input/ArgvInput), Object(Illuminate/Console/OutputStyle))
#19 D:/josej/Documents/Proyectos/ExamenDeGrado/C#/php/ugb/vendor/laravel/framework/src/Illuminate/Console/Command.php(261): Symfony/Component/Console/Command/Command->run(Object(Symfony/Component/Console/Input/ArgvInput), Object(Illuminate/Console/OutputStyle))
#20 D:/josej/Documents/Proyectos/ExamenDeGrado/C#/php/ugb/vendor/symfony/console/Application.php(1144): Illuminate/Console/Command->run(Object(Symfony/Component/Console/Input/ArgvInput), Object(Symfony/Component/Console/Output/ConsoleOutput))
#21 D:/josej/Documents/Proyectos/ExamenDeGrado/C#/php/ugb/vendor/symfony/console/Application.php(379): Symfony/Component/Console/Application->doRunCommand(Object(Illuminate/Queue/Console/WorkCommand), Object(Symfony/Component/Console/Input/ArgvInput), Object(Symfony/Component/Console/Output/ConsoleOutput))
#22 D:/josej/Documents/Proyectos/ExamenDeGrado/C#/php/ugb/vendor/symfony/console/Application.php(218): Symfony/Component/Console/Application->doRun(Object(Symfony/Component/Console/Input/ArgvInput), Object(Symfony/Component/Console/Output/ConsoleOutput))
#23 D:/josej/Documents/Proyectos/ExamenDeGrado/C#/php/ugb/vendor/laravel/framework/src/Illuminate/Foundation/Console/Kernel.php(198): Symfony/Component/Console/Application->run(Object(Symfony/Component/Console/Input/ArgvInput), Object(Symfony/Component/Console/Output/ConsoleOutput))
#24 D:/josej/Documents/Proyectos/ExamenDeGrado/C#/php/ugb/vendor/laravel/framework/src/Illuminate/Foundation/Application.php(1242): Illuminate/Foundation/Console/Kernel->handle(Object(Symfony/Component/Console/Input/ArgvInput), Object(Symfony/Component/Console/Output/ConsoleOutput))
#25 D:/josej/Documents/Proyectos/ExamenDeGrado/C#/php/ugb/artisan(16): Illuminate/Foundation/Application->handleCommand(Object(Symfony/Component/Console/Input/ArgvInput))
#26 {main}

[previous exception] [object] (PDOException(code: HY000): SQLSTATE[HY000]: General error: 1 no such table: cache at D:/josej/Documents/Proyectos/ExamenDeGrado/C#/php/ugb/vendor/laravel/framework/src/Illuminate/Database/Connection.php:435)
[stacktrace]
#0 D:/josej/Documents/Proyectos/ExamenDeGrado/C#/php/ugb/vendor/laravel/framework/src/Illuminate/Database/Connection.php(435): PDO->prepare('select * from \"...')
#1 D:/josej/Documents/Proyectos/ExamenDeGrado/C#/php/ugb/vendor/laravel/framework/src/Illuminate/Database/Connection.php(846): Illuminate/Database/Connection->{closure:Illuminate/Database/Connection::select():426}('select * from \"...', Array)
#2 D:/josej/Documents/Proyectos/ExamenDeGrado/C#/php/ugb/vendor/laravel/framework/src/Illuminate/Database/Connection.php(813): Illuminate/Database/Connection->runQueryCallback('select * from \"...', Array, Object(Closure))
#3 D:/josej/Documents/Proyectos/ExamenDeGrado/C#/php/ugb/vendor/laravel/framework/src/Illuminate/Database/Connection.php(426): Illuminate/Database/Connection->run('select * from \"...', Array, Object(Closure))
#4 D:/josej/Documents/Proyectos/ExamenDeGrado/C#/php/ugb/vendor/laravel/framework/src/Illuminate/Database/Query/Builder.php(3573): Illuminate/Database/Connection->select('select * from \"...', Array, true, Array)
#5 D:/josej/Documents/Proyectos/ExamenDeGrado/C#/php/ugb/vendor/laravel/framework/src/Illuminate/Database/Query/Builder.php(3557): Illuminate/Database/Query/Builder->runSelect()
#6 D:/josej/Documents/Proyectos/ExamenDeGrado/C#/php/ugb/vendor/laravel/framework/src/Illuminate/Cache/DatabaseStore.php(142): Illuminate/Database/Query/Builder->get()
#7 D:/josej/Documents/Proyectos/ExamenDeGrado/C#/php/ugb/vendor/laravel/framework/src/Illuminate/Cache/Repository.php(167): Illuminate/Cache/DatabaseStore->many(Array)
#8 D:/josej/Documents/Proyectos/ExamenDeGrado/C#/php/ugb/vendor/laravel/framework/src/Illuminate/Queue/QueueManager.php(335): Illuminate/Cache/Repository->many(Array)
#9 D:/josej/Documents/Proyectos/ExamenDeGrado/C#/php/ugb/vendor/laravel/framework/src/Illuminate/Queue/Worker.php(489): Illuminate/Queue/QueueManager->getPausedQueues('database', Array)
#10 D:/josej/Documents/Proyectos/ExamenDeGrado/C#/php/ugb/vendor/laravel/framework/src/Illuminate/Queue/Worker.php(450): Illuminate/Queue/Worker->getPausedQueues('database', Array)
#11 D:/josej/Documents/Proyectos/ExamenDeGrado/C#/php/ugb/vendor/laravel/framework/src/Illuminate/Queue/Worker.php(410): Illuminate/Queue/Worker->getNextJob(Object(Illuminate/Queue/DatabaseQueue), 'default')
#12 D:/josej/Documents/Proyectos/ExamenDeGrado/C#/php/ugb/vendor/laravel/framework/src/Illuminate/Queue/Console/WorkCommand.php(149): Illuminate/Queue/Worker->runNextJob('database', 'default', Object(Illuminate/Queue/WorkerOptions))
#13 D:/josej/Documents/Proyectos/ExamenDeGrado/C#/php/ugb/vendor/laravel/framework/src/Illuminate/Queue/Console/WorkCommand.php(132): Illuminate/Queue/Console/WorkCommand->runWorker('database', 'default')
#14 D:/josej/Documents/Proyectos/ExamenDeGrado/C#/php/ugb/vendor/laravel/framework/src/Illuminate/Container/BoundMethod.php(36): Illuminate/Queue/Console/WorkCommand->handle()
#15 D:/josej/Documents/Proyectos/ExamenDeGrado/C#/php/ugb/vendor/laravel/framework/src/Illuminate/Container/Util.php(43): Illuminate/Container/BoundMethod::{closure:Illuminate/Container/BoundMethod::call():35}()
#16 D:/josej/Documents/Proyectos/ExamenDeGrado/C#/php/ugb/vendor/laravel/framework/src/Illuminate/Container/BoundMethod.php(96): Illuminate/Container/Util::unwrapIfClosure(Object(Closure))
#17 D:/josej/Documents/Proyectos/ExamenDeGrado/C#/php/ugb/vendor/laravel/framework/src/Illuminate/Container/BoundMethod.php(35): Illuminate/Container/BoundMethod::callBoundMethod(Object(Illuminate/Foundation/Application), Array, Object(Closure))
#18 D:/josej/Documents/Proyectos/ExamenDeGrado/C#/php/ugb/vendor/laravel/framework/src/Illuminate/Container/Container.php(801): Illuminate/Container/BoundMethod::call(Object(Illuminate/Foundation/Application), Array, Array, NULL)
#19 D:/josej/Documents/Proyectos/ExamenDeGrado/C#/php/ugb/vendor/laravel/framework/src/Illuminate/Console/Command.php(292): Illuminate/Container/Container->call(Array)
#20 D:/josej/Documents/Proyectos/ExamenDeGrado/C#/php/ugb/vendor/symfony/console/Command/Command.php(284): Illuminate/Console/Command->execute(Object(Symfony/Component/Console/Input/ArgvInput), Object(Illuminate/Console/OutputStyle))
#21 D:/josej/Documents/Proyectos/ExamenDeGrado/C#/php/ugb/vendor/laravel/framework/src/Illuminate/Console/Command.php(261): Symfony/Component/Console/Command/Command->run(Object(Symfony/Component/Console/Input/ArgvInput), Object(Illuminate/Console/OutputStyle))
#22 D:/josej/Documents/Proyectos/ExamenDeGrado/C#/php/ugb/vendor/symfony/console/Application.php(1144): Illuminate/Console/Command->run(Object(Symfony/Component/Console/Input/ArgvInput), Object(Symfony/Component/Console/Output/ConsoleOutput))
#23 D:/josej/Documents/Proyectos/ExamenDeGrado/C#/php/ugb/vendor/symfony/console/Application.php(379): Symfony/Component/Console/Application->doRunCommand(Object(Illuminate/Queue/Console/WorkCommand), Object(Symfony/Component/Console/Input/ArgvInput), Object(Symfony/Component/Console/Output/ConsoleOutput))
#24 D:/josej/Documents/Proyectos/ExamenDeGrado/C#/php/ugb/vendor/symfony/console/Application.php(218): Symfony/Component/Console/Application->doRun(Object(Symfony/Component/Console/Input/ArgvInput), Object(Symfony/Component/Console/Output/ConsoleOutput))
#25 D:/josej/Documents/Proyectos/ExamenDeGrado/C#/php/ugb/vendor/laravel/framework/src/Illuminate/Foundation/Console/Kernel.php(198): Symfony/Component/Console/Application->run(Object(Symfony/Component/Console/Input/ArgvInput), Object(Symfony/Component/Console/Output/ConsoleOutput))
#26 D:/josej/Documents/Proyectos/ExamenDeGrado/C#/php/ugb/vendor/laravel/framework/src/Illuminate/Foundation/Application.php(1242): Illuminate/Foundation/Console/Kernel->handle(Object(Symfony/Component/Console/Input/ArgvInput), Object(Symfony/Component/Console/Output/ConsoleOutput))
#27 D:/josej/Documents/Proyectos/ExamenDeGrado/C#/php/ugb/artisan(16): Illuminate/Foundation/Application->handleCommand(Object(Symfony/Component/Console/Input/ArgvInput))
#28 {main}
"} 
[2026-08-17 01:46:27] local.ERROR: SQLSTATE[HY000]: General error: 1 no such table: cache (Connection: sqlite, Database: D:\josej\Documents\Proyectos\ExamenDeGrado\C#\php\ugb\database\database.sqlite, SQL: select * from "cache" where "key" in (laravel-cache-illuminate:queues:paused, laravel-cache-illuminate:queue:paused:database:default)) {"exception":"[object] (Illuminate\\Database\\QueryException(code: HY000): SQLSTATE[HY000]: General error: 1 no such table: cache (Connection: sqlite, Database: D:\\josej\\Documents\\Proyectos\\ExamenDeGrado\\C#\\php\\ugb\\database\\database.sqlite, SQL: select * from \"cache\" where \"key\" in (laravel-cache-illuminate:queues:paused, laravel-cache-illuminate:queue:paused:database:default)) at D:/josej/Documents/Proyectos/ExamenDeGrado/C#/php/ugb/vendor/laravel/framework/src/Illuminate/Database/Connection.php:857)
[stacktrace]
#0 D:/josej/Documents/Proyectos/ExamenDeGrado/C#/php/ugb/vendor/laravel/framework/src/Illuminate/Database/Connection.php(813): Illuminate/Database/Connection->runQueryCallback('select * from \"...', Array, Object(Closure))
#1 D:/josej/Documents/Proyectos/ExamenDeGrado/C#/php/ugb/vendor/laravel/framework/src/Illuminate/Database/Connection.php(426): Illuminate/Database/Connection->run('select * from \"...', Array, Object(Closure))
#2 D:/josej/Documents/Proyectos/ExamenDeGrado/C#/php/ugb/vendor/laravel/framework/src/Illuminate/Database/Query/Builder.php(3573): Illuminate/Database/Connection->select('select * from \"...', Array, true, Array)
#3 D:/josej/Documents/Proyectos/ExamenDeGrado/C#/php/ugb/vendor/laravel/framework/src/Illuminate/Database/Query/Builder.php(3557): Illuminate/Database/Query/Builder->runSelect()
#4 D:/josej/Documents/Proyectos/ExamenDeGrado/C#/php/ugb/vendor/laravel/framework/src/Illuminate/Cache/DatabaseStore.php(142): Illuminate/Database/Query/Builder->get()
#5 D:/josej/Documents/Proyectos/ExamenDeGrado/C#/php/ugb/vendor/laravel/framework/src/Illuminate/Cache/Repository.php(167): Illuminate/Cache/DatabaseStore->many(Array)
#6 D:/josej/Documents/Proyectos/ExamenDeGrado/C#/php/ugb/vendor/laravel/framework/src/Illuminate/Queue/QueueManager.php(335): Illuminate/Cache/Repository->many(Array)
#7 D:/josej/Documents/Proyectos/ExamenDeGrado/C#/php/ugb/vendor/laravel/framework/src/Illuminate/Queue/Worker.php(489): Illuminate/Queue/QueueManager->getPausedQueues('database', Array)
#8 D:/josej/Documents/Proyectos/ExamenDeGrado/C#/php/ugb/vendor/laravel/framework/src/Illuminate/Queue/Worker.php(450): Illuminate/Queue/Worker->getPausedQueues('database', Array)
#9 D:/josej/Documents/Proyectos/ExamenDeGrado/C#/php/ugb/vendor/laravel/framework/src/Illuminate/Queue/Worker.php(410): Illuminate/Queue/Worker->getNextJob(Object(Illuminate/Queue/DatabaseQueue), 'default')
#10 D:/josej/Documents/Proyectos/ExamenDeGrado/C#/php/ugb/vendor/laravel/framework/src/Illuminate/Queue/Console/WorkCommand.php(149): Illuminate/Queue/Worker->runNextJob('database', 'default', Object(Illuminate/Queue/WorkerOptions))
#11 D:/josej/Documents/Proyectos/ExamenDeGrado/C#/php/ugb/vendor/laravel/framework/src/Illuminate/Queue/Console/WorkCommand.php(132): Illuminate/Queue/Console/WorkCommand->runWorker('database', 'default')
#12 D:/josej/Documents/Proyectos/ExamenDeGrado/C#/php/ugb/vendor/laravel/framework/src/Illuminate/Container/BoundMethod.php(36): Illuminate/Queue/Console/WorkCommand->handle()
#13 D:/josej/Documents/Proyectos/ExamenDeGrado/C#/php/ugb/vendor/laravel/framework/src/Illuminate/Container/Util.php(43): Illuminate/Container/BoundMethod::{closure:Illuminate/Container/BoundMethod::call():35}()
#14 D:/josej/Documents/Proyectos/ExamenDeGrado/C#/php/ugb/vendor/laravel/framework/src/Illuminate/Container/BoundMethod.php(96): Illuminate/Container/Util::unwrapIfClosure(Object(Closure))
#15 D:/josej/Documents/Proyectos/ExamenDeGrado/C#/php/ugb/vendor/laravel/framework/src/Illuminate/Container/BoundMethod.php(35): Illuminate/Container/BoundMethod::callBoundMethod(Object(Illuminate/Foundation/Application), Array, Object(Closure))
#16 D:/josej/Documents/Proyectos/ExamenDeGrado/C#/php/ugb/vendor/laravel/framework/src/Illuminate/Container/Container.php(801): Illuminate/Container/BoundMethod::call(Object(Illuminate/Foundation/Application), Array, Array, NULL)
#17 D:/josej/Documents/Proyectos/ExamenDeGrado/C#/php/ugb/vendor/laravel/framework/src/Illuminate/Console/Command.php(292): Illuminate/Container/Container->call(Array)
#18 D:/josej/Documents/Proyectos/ExamenDeGrado/C#/php/ugb/vendor/symfony/console/Command/Command.php(284): Illuminate/Console/Command->execute(Object(Symfony/Component/Console/Input/ArgvInput), Object(Illuminate/Console/OutputStyle))
#19 D:/josej/Documents/Proyectos/ExamenDeGrado/C#/php/ugb/vendor/laravel/framework/src/Illuminate/Console/Command.php(261): Symfony/Component/Console/Command/Command->run(Object(Symfony/Component/Console/Input/ArgvInput), Object(Illuminate/Console/OutputStyle))
#20 D:/josej/Documents/Proyectos/ExamenDeGrado/C#/php/ugb/vendor/symfony/console/Application.php(1144): Illuminate/Console/Command->run(Object(Symfony/Component/Console/Input/ArgvInput), Object(Symfony/Component/Console/Output/ConsoleOutput))
#21 D:/josej/Documents/Proyectos/ExamenDeGrado/C#/php/ugb/vendor/symfony/console/Application.php(379): Symfony/Component/Console/Application->doRunCommand(Object(Illuminate/Queue/Console/WorkCommand), Object(Symfony/Component/Console/Input/ArgvInput), Object(Symfony/Component/Console/Output/ConsoleOutput))
#22 D:/josej/Documents/Proyectos/ExamenDeGrado/C#/php/ugb/vendor/symfony/console/Application.php(218): Symfony/Component/Console/Application->doRun(Object(Symfony/Component/Console/Input/ArgvInput), Object(Symfony/Component/Console/Output/ConsoleOutput))
#23 D:/josej/Documents/Proyectos/ExamenDeGrado/C#/php/ugb/vendor/laravel/framework/src/Illuminate/Foundation/Console/Kernel.php(198): Symfony/Component/Console/Application->run(Object(Symfony/Component/Console/Input/ArgvInput), Object(Symfony/Component/Console/Output/ConsoleOutput))
#24 D:/josej/Documents/Proyectos/ExamenDeGrado/C#/php/ugb/vendor/laravel/framework/src/Illuminate/Foundation/Application.php(1242): Illuminate/Foundation/Console/Kernel->handle(Object(Symfony/Component/Console/Input/ArgvInput), Object(Symfony/Component/Console/Output/ConsoleOutput))
#25 D:/josej/Documents/Proyectos/ExamenDeGrado/C#/php/ugb/artisan(16): Illuminate/Foundation/Application->handleCommand(Object(Symfony/Component/Console/Input/ArgvInput))
#26 {main}

[previous exception] [object] (PDOException(code: HY000): SQLSTATE[HY000]: General error: 1 no such table: cache at D:/josej/Documents/Proyectos/ExamenDeGrado/C#/php/ugb/vendor/laravel/framework/src/Illuminate/Database/Connection.php:435)
[stacktrace]
#0 D:/josej/Documents/Proyectos/ExamenDeGrado/C#/php/ugb/vendor/laravel/framework/src/Illuminate/Database/Connection.php(435): PDO->prepare('select * from \"...')
#1 D:/josej/Documents/Proyectos/ExamenDeGrado/C#/php/ugb/vendor/laravel/framework/src/Illuminate/Database/Connection.php(846): Illuminate/Database/Connection->{closure:Illuminate/Database/Connection::select():426}('select * from \"...', Array)
#2 D:/josej/Documents/Proyectos/ExamenDeGrado/C#/php/ugb/vendor/laravel/framework/src/Illuminate/Database/Connection.php(813): Illuminate/Database/Connection->runQueryCallback('select * from \"...', Array, Object(Closure))
#3 D:/josej/Documents/Proyectos/ExamenDeGrado/C#/php/ugb/vendor/laravel/framework/src/Illuminate/Database/Connection.php(426): Illuminate/Database/Connection->run('select * from \"...', Array, Object(Closure))
#4 D:/josej/Documents/Proyectos/ExamenDeGrado/C#/php/ugb/vendor/laravel/framework/src/Illuminate/Database/Query/Builder.php(3573): Illuminate/Database/Connection->select('select * from \"...', Array, true, Array)
#5 D:/josej/Documents/Proyectos/ExamenDeGrado/C#/php/ugb/vendor/laravel/framework/src/Illuminate/Database/Query/Builder.php(3557): Illuminate/Database/Query/Builder->runSelect()
#6 D:/josej/Documents/Proyectos/ExamenDeGrado/C#/php/ugb/vendor/laravel/framework/src/Illuminate/Cache/DatabaseStore.php(142): Illuminate/Database/Query/Builder->get()
#7 D:/josej/Documents/Proyectos/ExamenDeGrado/C#/php/ugb/vendor/laravel/framework/src/Illuminate/Cache/Repository.php(167): Illuminate/Cache/DatabaseStore->many(Array)
#8 D:/josej/Documents/Proyectos/ExamenDeGrado/C#/php/ugb/vendor/laravel/framework/src/Illuminate/Queue/QueueManager.php(335): Illuminate/Cache/Repository->many(Array)
#9 D:/josej/Documents/Proyectos/ExamenDeGrado/C#/php/ugb/vendor/laravel/framework/src/Illuminate/Queue/Worker.php(489): Illuminate/Queue/QueueManager->getPausedQueues('database', Array)
#10 D:/josej/Documents/Proyectos/ExamenDeGrado/C#/php/ugb/vendor/laravel/framework/src/Illuminate/Queue/Worker.php(450): Illuminate/Queue/Worker->getPausedQueues('database', Array)
#11 D:/josej/Documents/Proyectos/ExamenDeGrado/C#/php/ugb/vendor/laravel/framework/src/Illuminate/Queue/Worker.php(410): Illuminate/Queue/Worker->getNextJob(Object(Illuminate/Queue/DatabaseQueue), 'default')
#12 D:/josej/Documents/Proyectos/ExamenDeGrado/C#/php/ugb/vendor/laravel/framework/src/Illuminate/Queue/Console/WorkCommand.php(149): Illuminate/Queue/Worker->runNextJob('database', 'default', Object(Illuminate/Queue/WorkerOptions))
#13 D:/josej/Documents/Proyectos/ExamenDeGrado/C#/php/ugb/vendor/laravel/framework/src/Illuminate/Queue/Console/WorkCommand.php(132): Illuminate/Queue/Console/WorkCommand->runWorker('database', 'default')
#14 D:/josej/Documents/Proyectos/ExamenDeGrado/C#/php/ugb/vendor/laravel/framework/src/Illuminate/Container/BoundMethod.php(36): Illuminate/Queue/Console/WorkCommand->handle()
#15 D:/josej/Documents/Proyectos/ExamenDeGrado/C#/php/ugb/vendor/laravel/framework/src/Illuminate/Container/Util.php(43): Illuminate/Container/BoundMethod::{closure:Illuminate/Container/BoundMethod::call():35}()
#16 D:/josej/Documents/Proyectos/ExamenDeGrado/C#/php/ugb/vendor/laravel/framework/src/Illuminate/Container/BoundMethod.php(96): Illuminate/Container/Util::unwrapIfClosure(Object(Closure))
#17 D:/josej/Documents/Proyectos/ExamenDeGrado/C#/php/ugb/vendor/laravel/framework/src/Illuminate/Container/BoundMethod.php(35): Illuminate/Container/BoundMethod::callBoundMethod(Object(Illuminate/Foundation/Application), Array, Object(Closure))
#18 D:/josej/Documents/Proyectos/ExamenDeGrado/C#/php/ugb/vendor/laravel/framework/src/Illuminate/Container/Container.php(801): Illuminate/Container/BoundMethod::call(Object(Illuminate/Foundation/Application), Array, Array, NULL)
#19 D:/josej/Documents/Proyectos/ExamenDeGrado/C#/php/ugb/vendor/laravel/framework/src/Illuminate/Console/Command.php(292): Illuminate/Container/Container->call(Array)
#20 D:/josej/Documents/Proyectos/ExamenDeGrado/C#/php/ugb/vendor/symfony/console/Command/Command.php(284): Illuminate/Console/Command->execute(Object(Symfony/Component/Console/Input/ArgvInput), Object(Illuminate/Console/OutputStyle))
#21 D:/josej/Documents/Proyectos/ExamenDeGrado/C#/php/ugb/vendor/laravel/framework/src/Illuminate/Console/Command.php(261): Symfony/Component/Console/Command/Command->run(Object(Symfony/Component/Console/Input/ArgvInput), Object(Illuminate/Console/OutputStyle))
#22 D:/josej/Documents/Proyectos/ExamenDeGrado/C#/php/ugb/vendor/symfony/console/Application.php(1144): Illuminate/Console/Command->run(Object(Symfony/Component/Console/Input/ArgvInput), Object(Symfony/Component/Console/Output/ConsoleOutput))
#23 D:/josej/Documents/Proyectos/ExamenDeGrado/C#/php/ugb/vendor/symfony/console/Application.php(379): Symfony/Component/Console/Application->doRunCommand(Object(Illuminate/Queue/Console/WorkCommand), Object(Symfony/Component/Console/Input/ArgvInput), Object(Symfony/Component/Console/Output/ConsoleOutput))
#24 D:/josej/Documents/Proyectos/ExamenDeGrado/C#/php/ugb/vendor/symfony/console/Application.php(218): Symfony/Component/Console/Application->doRun(Object(Symfony/Component/Console/Input/ArgvInput), Object(Symfony/Component/Console/Output/ConsoleOutput))
#25 D:/josej/Documents/Proyectos/ExamenDeGrado/C#/php/ugb/vendor/laravel/framework/src/Illuminate/Foundation/Console/Kernel.php(198): Symfony/Component/Console/Application->run(Object(Symfony/Component/Console/Input/ArgvInput), Object(Symfony/Component/Console/Output/ConsoleOutput))
#26 D:/josej/Documents/Proyectos/ExamenDeGrado/C#/php/ugb/vendor/laravel/framework/src/Illuminate/Foundation/Application.php(1242): Illuminate/Foundation/Console/Kernel->handle(Object(Symfony/Component/Console/Input/ArgvInput), Object(Symfony/Component/Console/Output/ConsoleOutput))
#27 D:/josej/Documents/Proyectos/ExamenDeGrado/C#/php/ugb/artisan(16): Illuminate/Foundation/Application->handleCommand(Object(Symfony/Component/Console/Input/ArgvInput))
#28 {main}
"} 
[2026-08-17 01:46:31] local.ERROR: SQLSTATE[HY000]: General error: 1 no such table: cache (Connection: sqlite, Database: D:\josej\Documents\Proyectos\ExamenDeGrado\C#\php\ugb\database\database.sqlite, SQL: select * from "cache" where "key" in (laravel-cache-illuminate:queues:paused, laravel-cache-illuminate:queue:paused:database:default)) {"exception":"[object] (Illuminate\\Database\\QueryException(code: HY000): SQLSTATE[HY000]: General error: 1 no such table: cache (Connection: sqlite, Database: D:\\josej\\Documents\\Proyectos\\ExamenDeGrado\\C#\\php\\ugb\\database\\database.sqlite, SQL: select * from \"cache\" where \"key\" in (laravel-cache-illuminate:queues:paused, laravel-cache-illuminate:queue:paused:database:default)) at D:/josej/Documents/Proyectos/ExamenDeGrado/C#/php/ugb/vendor/laravel/framework/src/Illuminate/Database/Connection.php:857)
[stacktrace]
#0 D:/josej/Documents/Proyectos/ExamenDeGrado/C#/php/ugb/vendor/laravel/framework/src/Illuminate/Database/Connection.php(813): Illuminate/Database/Connection->runQueryCallback('select * from \"...', Array, Object(Closure))
#1 D:/josej/Documents/Proyectos/ExamenDeGrado/C#/php/ugb/vendor/laravel/framework/src/Illuminate/Database/Connection.php(426): Illuminate/Database/Connection->run('select * from \"...', Array, Object(Closure))
#2 D:/josej/Documents/Proyectos/ExamenDeGrado/C#/php/ugb/vendor/laravel/framework/src/Illuminate/Database/Query/Builder.php(3573): Illuminate/Database/Connection->select('select * from \"...', Array, true, Array)
#3 D:/josej/Documents/Proyectos/ExamenDeGrado/C#/php/ugb/vendor/laravel/framework/src/Illuminate/Database/Query/Builder.php(3557): Illuminate/Database/Query/Builder->runSelect()
#4 D:/josej/Documents/Proyectos/ExamenDeGrado/C#/php/ugb/vendor/laravel/framework/src/Illuminate/Cache/DatabaseStore.php(142): Illuminate/Database/Query/Builder->get()
#5 D:/josej/Documents/Proyectos/ExamenDeGrado/C#/php/ugb/vendor/laravel/framework/src/Illuminate/Cache/Repository.php(167): Illuminate/Cache/DatabaseStore->many(Array)
#6 D:/josej/Documents/Proyectos/ExamenDeGrado/C#/php/ugb/vendor/laravel/framework/src/Illuminate/Queue/QueueManager.php(335): Illuminate/Cache/Repository->many(Array)
#7 D:/josej/Documents/Proyectos/ExamenDeGrado/C#/php/ugb/vendor/laravel/framework/src/Illuminate/Queue/Worker.php(489): Illuminate/Queue/QueueManager->getPausedQueues('database', Array)
#8 D:/josej/Documents/Proyectos/ExamenDeGrado/C#/php/ugb/vendor/laravel/framework/src/Illuminate/Queue/Worker.php(450): Illuminate/Queue/Worker->getPausedQueues('database', Array)
#9 D:/josej/Documents/Proyectos/ExamenDeGrado/C#/php/ugb/vendor/laravel/framework/src/Illuminate/Queue/Worker.php(410): Illuminate/Queue/Worker->getNextJob(Object(Illuminate/Queue/DatabaseQueue), 'default')
#10 D:/josej/Documents/Proyectos/ExamenDeGrado/C#/php/ugb/vendor/laravel/framework/src/Illuminate/Queue/Console/WorkCommand.php(149): Illuminate/Queue/Worker->runNextJob('database', 'default', Object(Illuminate/Queue/WorkerOptions))
#11 D:/josej/Documents/Proyectos/ExamenDeGrado/C#/php/ugb/vendor/laravel/framework/src/Illuminate/Queue/Console/WorkCommand.php(132): Illuminate/Queue/Console/WorkCommand->runWorker('database', 'default')
#12 D:/josej/Documents/Proyectos/ExamenDeGrado/C#/php/ugb/vendor/laravel/framework/src/Illuminate/Container/BoundMethod.php(36): Illuminate/Queue/Console/WorkCommand->handle()
#13 D:/josej/Documents/Proyectos/ExamenDeGrado/C#/php/ugb/vendor/laravel/framework/src/Illuminate/Container/Util.php(43): Illuminate/Container/BoundMethod::{closure:Illuminate/Container/BoundMethod::call():35}()
#14 D:/josej/Documents/Proyectos/ExamenDeGrado/C#/php/ugb/vendor/laravel/framework/src/Illuminate/Container/BoundMethod.php(96): Illuminate/Container/Util::unwrapIfClosure(Object(Closure))
#15 D:/josej/Documents/Proyectos/ExamenDeGrado/C#/php/ugb/vendor/laravel/framework/src/Illuminate/Container/BoundMethod.php(35): Illuminate/Container/BoundMethod::callBoundMethod(Object(Illuminate/Foundation/Application), Array, Object(Closure))
#16 D:/josej/Documents/Proyectos/ExamenDeGrado/C#/php/ugb/vendor/laravel/framework/src/Illuminate/Container/Container.php(801): Illuminate/Container/BoundMethod::call(Object(Illuminate/Foundation/Application), Array, Array, NULL)
#17 D:/josej/Documents/Proyectos/ExamenDeGrado/C#/php/ugb/vendor/laravel/framework/src/Illuminate/Console/Command.php(292): Illuminate/Container/Container->call(Array)
#18 D:/josej/Documents/Proyectos/ExamenDeGrado/C#/php/ugb/vendor/symfony/console/Command/Command.php(284): Illuminate/Console/Command->execute(Object(Symfony/Component/Console/Input/ArgvInput), Object(Illuminate/Console/OutputStyle))
#19 D:/josej/Documents/Proyectos/ExamenDeGrado/C#/php/ugb/vendor/laravel/framework/src/Illuminate/Console/Command.php(261): Symfony/Component/Console/Command/Command->run(Object(Symfony/Component/Console/Input/ArgvInput), Object(Illuminate/Console/OutputStyle))
#20 D:/josej/Documents/Proyectos/ExamenDeGrado/C#/php/ugb/vendor/symfony/console/Application.php(1144): Illuminate/Console/Command->run(Object(Symfony/Component/Console/Input/ArgvInput), Object(Symfony/Component/Console/Output/ConsoleOutput))
#21 D:/josej/Documents/Proyectos/ExamenDeGrado/C#/php/ugb/vendor/symfony/console/Application.php(379): Symfony/Component/Console/Application->doRunCommand(Object(Illuminate/Queue/Console/WorkCommand), Object(Symfony/Component/Console/Input/ArgvInput), Object(Symfony/Component/Console/Output/ConsoleOutput))
#22 D:/josej/Documents/Proyectos/ExamenDeGrado/C#/php/ugb/vendor/symfony/console/Application.php(218): Symfony/Component/Console/Application->doRun(Object(Symfony/Component/Console/Input/ArgvInput), Object(Symfony/Component/Console/Output/ConsoleOutput))
#23 D:/josej/Documents/Proyectos/ExamenDeGrado/C#/php/ugb/vendor/laravel/framework/src/Illuminate/Foundation/Console/Kernel.php(198): Symfony/Component/Console/Application->run(Object(Symfony/Component/Console/Input/ArgvInput), Object(Symfony/Component/Console/Output/ConsoleOutput))
#24 D:/josej/Documents/Proyectos/ExamenDeGrado/C#/php/ugb/vendor/laravel/framework/src/Illuminate/Foundation/Application.php(1242): Illuminate/Foundation/Console/Kernel->handle(Object(Symfony/Component/Console/Input/ArgvInput), Object(Symfony/Component/Console/Output/ConsoleOutput))
#25 D:/josej/Documents/Proyectos/ExamenDeGrado/C#/php/ugb/artisan(16): Illuminate/Foundation/Application->handleCommand(Object(Symfony/Component/Console/Input/ArgvInput))
#26 {main}

[previous exception] [object] (PDOException(code: HY000): SQLSTATE[HY000]: General error: 1 no such table: cache at D:/josej/Documents/Proyectos/ExamenDeGrado/C#/php/ugb/vendor/laravel/framework/src/Illuminate/Database/Connection.php:435)
[stacktrace]
#0 D:/josej/Documents/Proyectos/ExamenDeGrado/C#/php/ugb/vendor/laravel/framework/src/Illuminate/Database/Connection.php(435): PDO->prepare('select * from \"...')
#1 D:/josej/Documents/Proyectos/ExamenDeGrado/C#/php/ugb/vendor/laravel/framework/src/Illuminate/Database/Connection.php(846): Illuminate/Database/Connection->{closure:Illuminate/Database/Connection::select():426}('select * from \"...', Array)
#2 D:/josej/Documents/Proyectos/ExamenDeGrado/C#/php/ugb/vendor/laravel/framework/src/Illuminate/Database/Connection.php(813): Illuminate/Database/Connection->runQueryCallback('select * from \"...', Array, Object(Closure))
#3 D:/josej/Documents/Proyectos/ExamenDeGrado/C#/php/ugb/vendor/laravel/framework/src/Illuminate/Database/Connection.php(426): Illuminate/Database/Connection->run('select * from \"...', Array, Object(Closure))
#4 D:/josej/Documents/Proyectos/ExamenDeGrado/C#/php/ugb/vendor/laravel/framework/src/Illuminate/Database/Query/Builder.php(3573): Illuminate/Database/Connection->select('select * from \"...', Array, true, Array)
#5 D:/josej/Documents/Proyectos/ExamenDeGrado/C#/php/ugb/vendor/laravel/framework/src/Illuminate/Database/Query/Builder.php(3557): Illuminate/Database/Query/Builder->runSelect()
#6 D:/josej/Documents/Proyectos/ExamenDeGrado/C#/php/ugb/vendor/laravel/framework/src/Illuminate/Cache/DatabaseStore.php(142): Illuminate/Database/Query/Builder->get()
#7 D:/josej/Documents/Proyectos/ExamenDeGrado/C#/php/ugb/vendor/laravel/framework/src/Illuminate/Cache/Repository.php(167): Illuminate/Cache/DatabaseStore->many(Array)
#8 D:/josej/Documents/Proyectos/ExamenDeGrado/C#/php/ugb/vendor/laravel/framework/src/Illuminate/Queue/QueueManager.php(335): Illuminate/Cache/Repository->many(Array)
#9 D:/josej/Documents/Proyectos/ExamenDeGrado/C#/php/ugb/vendor/laravel/framework/src/Illuminate/Queue/Worker.php(489): Illuminate/Queue/QueueManager->getPausedQueues('database', Array)
#10 D:/josej/Documents/Proyectos/ExamenDeGrado/C#/php/ugb/vendor/laravel/framework/src/Illuminate/Queue/Worker.php(450): Illuminate/Queue/Worker->getPausedQueues('database', Array)
#11 D:/josej/Documents/Proyectos/ExamenDeGrado/C#/php/ugb/vendor/laravel/framework/src/Illuminate/Queue/Worker.php(410): Illuminate/Queue/Worker->getNextJob(Object(Illuminate/Queue/DatabaseQueue), 'default')
#12 D:/josej/Documents/Proyectos/ExamenDeGrado/C#/php/ugb/vendor/laravel/framework/src/Illuminate/Queue/Console/WorkCommand.php(149): Illuminate/Queue/Worker->runNextJob('database', 'default', Object(Illuminate/Queue/WorkerOptions))
#13 D:/josej/Documents/Proyectos/ExamenDeGrado/C#/php/ugb/vendor/laravel/framework/src/Illuminate/Queue/Console/WorkCommand.php(132): Illuminate/Queue/Console/WorkCommand->runWorker('database', 'default')
#14 D:/josej/Documents/Proyectos/ExamenDeGrado/C#/php/ugb/vendor/laravel/framework/src/Illuminate/Container/BoundMethod.php(36): Illuminate/Queue/Console/WorkCommand->handle()
#15 D:/josej/Documents/Proyectos/ExamenDeGrado/C#/php/ugb/vendor/laravel/framework/src/Illuminate/Container/Util.php(43): Illuminate/Container/BoundMethod::{closure:Illuminate/Container/BoundMethod::call():35}()
#16 D:/josej/Documents/Proyectos/ExamenDeGrado/C#/php/ugb/vendor/laravel/framework/src/Illuminate/Container/BoundMethod.php(96): Illuminate/Container/Util::unwrapIfClosure(Object(Closure))
#17 D:/josej/Documents/Proyectos/ExamenDeGrado/C#/php/ugb/vendor/laravel/framework/src/Illuminate/Container/BoundMethod.php(35): Illuminate/Container/BoundMethod::callBoundMethod(Object(Illuminate/Foundation/Application), Array, Object(Closure))
#18 D:/josej/Documents/Proyectos/ExamenDeGrado/C#/php/ugb/vendor/laravel/framework/src/Illuminate/Container/Container.php(801): Illuminate/Container/BoundMethod::call(Object(Illuminate/Foundation/Application), Array, Array, NULL)
#19 D:/josej/Documents/Proyectos/ExamenDeGrado/C#/php/ugb/vendor/laravel/framework/src/Illuminate/Console/Command.php(292): Illuminate/Container/Container->call(Array)
#20 D:/josej/Documents/Proyectos/ExamenDeGrado/C#/php/ugb/vendor/symfony/console/Command/Command.php(284): Illuminate/Console/Command->execute(Object(Symfony/Component/Console/Input/ArgvInput), Object(Illuminate/Console/OutputStyle))
#21 D:/josej/Documents/Proyectos/ExamenDeGrado/C#/php/ugb/vendor/laravel/framework/src/Illuminate/Console/Command.php(261): Symfony/Component/Console/Command/Command->run(Object(Symfony/Component/Console/Input/ArgvInput), Object(Illuminate/Console/OutputStyle))
#22 D:/josej/Documents/Proyectos/ExamenDeGrado/C#/php/ugb/vendor/symfony/console/Application.php(1144): Illuminate/Console/Command->run(Object(Symfony/Component/Console/Input/ArgvInput), Object(Symfony/Component/Console/Output/ConsoleOutput))
#23 D:/josej/Documents/Proyectos/ExamenDeGrado/C#/php/ugb/vendor/symfony/console/Application.php(379): Symfony/Component/Console/Application->doRunCommand(Object(Illuminate/Queue/Console/WorkCommand), Object(Symfony/Component/Console/Input/ArgvInput), Object(Symfony/Component/Console/Output/ConsoleOutput))
#24 D:/josej/Documents/Proyectos/ExamenDeGrado/C#/php/ugb/vendor/symfony/console/Application.php(218): Symfony/Component/Console/Application->doRun(Object(Symfony/Component/Console/Input/ArgvInput), Object(Symfony/Component/Console/Output/ConsoleOutput))
#25 D:/josej/Documents/Proyectos/ExamenDeGrado/C#/php/ugb/vendor/laravel/framework/src/Illuminate/Foundation/Console/Kernel.php(198): Symfony/Component/Console/Application->run(Object(Symfony/Component/Console/Input/ArgvInput), Object(Symfony/Component/Console/Output/ConsoleOutput))
#26 D:/josej/Documents/Proyectos/ExamenDeGrado/C#/php/ugb/vendor/laravel/framework/src/Illuminate/Foundation/Application.php(1242): Illuminate/Foundation/Console/Kernel->handle(Object(Symfony/Component/Console/Input/ArgvInput), Object(Symfony/Component/Console/Output/ConsoleOutput))
#27 D:/josej/Documents/Proyectos/ExamenDeGrado/C#/php/ugb/artisan(16): Illuminate/Foundation/Application->handleCommand(Object(Symfony/Component/Console/Input/ArgvInput))
#28 {main}
"} 
[2026-08-17 01:56:17] local.ERROR: Unable to locate a class or view for component [layout]. {"exception":"[object] (InvalidArgumentException(code: 0): Unable to locate a class or view for component [layout]. at D:/josej/Documents/Proyectos/ExamenDeGrado/C#/php/ugb/vendor/laravel/framework/src/Illuminate/View/Compilers/ComponentTagCompiler.php:315)
[stacktrace]
#0 D:/josej/Documents/Proyectos/ExamenDeGrado/C#/php/ugb/vendor/laravel/framework/src/Illuminate/View/Compilers/ComponentTagCompiler.php(235): Illuminate/View/Compilers/ComponentTagCompiler->componentClass('layout')
#1 D:/josej/Documents/Proyectos/ExamenDeGrado/C#/php/ugb/vendor/laravel/framework/src/Illuminate/View/Compilers/ComponentTagCompiler.php(156): Illuminate/View/Compilers/ComponentTagCompiler->componentString('layout', Array)
#2 [internal function]: Illuminate/View/Compilers/ComponentTagCompiler->{closure:Illuminate/View/Compilers/ComponentTagCompiler::compileOpeningTags():151}(Array)
#3 D:/josej/Documents/Proyectos/ExamenDeGrado/C#/php/ugb/vendor/laravel/framework/src/Illuminate/View/Compilers/ComponentTagCompiler.php(151): preg_replace_callback('//n            <...', Object(Closure), '<x-layout>/r/n<h1...')
#4 D:/josej/Documents/Proyectos/ExamenDeGrado/C#/php/ugb/vendor/laravel/framework/src/Illuminate/View/Compilers/ComponentTagCompiler.php(90): Illuminate/View/Compilers/ComponentTagCompiler->compileOpeningTags('<x-layout>/r/n<h1...')
#5 D:/josej/Documents/Proyectos/ExamenDeGrado/C#/php/ugb/vendor/laravel/framework/src/Illuminate/View/Compilers/ComponentTagCompiler.php(76): Illuminate/View/Compilers/ComponentTagCompiler->compileTags('<x-layout>/r/n<h1...')
#6 D:/josej/Documents/Proyectos/ExamenDeGrado/C#/php/ugb/vendor/laravel/framework/src/Illuminate/View/Compilers/BladeCompiler.php(464): Illuminate/View/Compilers/ComponentTagCompiler->compile('<x-layout>/r/n<h1...')
#7 D:/josej/Documents/Proyectos/ExamenDeGrado/C#/php/ugb/vendor/laravel/framework/src/Illuminate/View/Compilers/BladeCompiler.php(296): Illuminate/View/Compilers/BladeCompiler->compileComponentTags('<x-layout>/r/n<h1...')
#8 D:/josej/Documents/Proyectos/ExamenDeGrado/C#/php/ugb/vendor/laravel/framework/src/Illuminate/View/Compilers/BladeCompiler.php(188): Illuminate/View/Compilers/BladeCompiler->compileString('<x-layout>/r/n<h1...')
#9 D:/josej/Documents/Proyectos/ExamenDeGrado/C#/php/ugb/vendor/laravel/framework/src/Illuminate/View/Engines/CompilerEngine.php(68): Illuminate/View/Compilers/BladeCompiler->compile('D://josej//Docume...')
#10 D:/josej/Documents/Proyectos/ExamenDeGrado/C#/php/ugb/vendor/laravel/framework/src/Illuminate/View/View.php(208): Illuminate/View/Engines/CompilerEngine->get('D://josej//Docume...', Array)
#11 D:/josej/Documents/Proyectos/ExamenDeGrado/C#/php/ugb/vendor/laravel/framework/src/Illuminate/View/View.php(191): Illuminate/View/View->getContents()
#12 D:/josej/Documents/Proyectos/ExamenDeGrado/C#/php/ugb/vendor/laravel/framework/src/Illuminate/View/View.php(160): Illuminate/View/View->renderContents()
#13 D:/josej/Documents/Proyectos/ExamenDeGrado/C#/php/ugb/vendor/laravel/framework/src/Illuminate/Http/Response.php(82): Illuminate/View/View->render()
#14 D:/josej/Documents/Proyectos/ExamenDeGrado/C#/php/ugb/vendor/laravel/framework/src/Illuminate/Http/Response.php(40): Illuminate/Http/Response->setContent(Object(Illuminate/View/View))
#15 D:/josej/Documents/Proyectos/ExamenDeGrado/C#/php/ugb/vendor/laravel/framework/src/Illuminate/Routing/Router.php(939): Illuminate/Http/Response->__construct(Object(Illuminate/View/View), 200, Array)
#16 D:/josej/Documents/Proyectos/ExamenDeGrado/C#/php/ugb/vendor/laravel/framework/src/Illuminate/Routing/Router.php(906): Illuminate/Routing/Router::toResponse(Object(Illuminate/Http/Request), Object(Illuminate/View/View))
#17 D:/josej/Documents/Proyectos/ExamenDeGrado/C#/php/ugb/vendor/laravel/framework/src/Illuminate/Routing/Router.php(821): Illuminate/Routing/Router->prepareResponse(Object(Illuminate/Http/Request), Object(Illuminate/View/View))
#18 D:/josej/Documents/Proyectos/ExamenDeGrado/C#/php/ugb/vendor/laravel/framework/src/Illuminate/Pipeline/Pipeline.php(180): Illuminate/Routing/Router->{closure:Illuminate/Routing/Router::runRouteWithinStack():821}(Object(Illuminate/Http/Request))
#19 D:/josej/Documents/Proyectos/ExamenDeGrado/C#/php/ugb/vendor/laravel/boost/src/Middleware/InjectBoost.php(22): Illuminate/Pipeline/Pipeline->{closure:Illuminate/Pipeline/Pipeline::prepareDestination():178}(Object(Illuminate/Http/Request))
#20 D:/josej/Documents/Proyectos/ExamenDeGrado/C#/php/ugb/vendor/laravel/framework/src/Illuminate/Pipeline/Pipeline.php(219): Laravel/Boost/Middleware/InjectBoost->handle(Object(Illuminate/Http/Request), Object(Closure))
#21 D:/josej/Documents/Proyectos/ExamenDeGrado/C#/php/ugb/vendor/laravel/framework/src/Illuminate/Routing/Middleware/SubstituteBindings.php(52): Illuminate/Pipeline/Pipeline->{closure:{closure:Illuminate/Pipeline/Pipeline::carry():194}:195}(Object(Illuminate/Http/Request))
#22 D:/josej/Documents/Proyectos/ExamenDeGrado/C#/php/ugb/vendor/laravel/framework/src/Illuminate/Pipeline/Pipeline.php(219): Illuminate/Routing/Middleware/SubstituteBindings->handle(Object(Illuminate/Http/Request), Object(Closure))
#23 D:/josej/Documents/Proyectos/ExamenDeGrado/C#/php/ugb/vendor/laravel/framework/src/Illuminate/Foundation/Http/Middleware/PreventRequestForgery.php(104): Illuminate/Pipeline/Pipeline->{closure:{closure:Illuminate/Pipeline/Pipeline::carry():194}:195}(Object(Illuminate/Http/Request))
#24 D:/josej/Documents/Proyectos/ExamenDeGrado/C#/php/ugb/vendor/laravel/framework/src/Illuminate/Pipeline/Pipeline.php(219): Illuminate/Foundation/Http/Middleware/PreventRequestForgery->handle(Object(Illuminate/Http/Request), Object(Closure))
#25 D:/josej/Documents/Proyectos/ExamenDeGrado/C#/php/ugb/vendor/laravel/framework/src/Illuminate/View/Middleware/ShareErrorsFromSession.php(48): Illuminate/Pipeline/Pipeline->{closure:{closure:Illuminate/Pipeline/Pipeline::carry():194}:195}(Object(Illuminate/Http/Request))
#26 D:/josej/Documents/Proyectos/ExamenDeGrado/C#/php/ugb/vendor/laravel/framework/src/Illuminate/Pipeline/Pipeline.php(219): Illuminate/View/Middleware/ShareErrorsFromSession->handle(Object(Illuminate/Http/Request), Object(Closure))
#27 D:/josej/Documents/Proyectos/ExamenDeGrado/C#/php/ugb/vendor/laravel/framework/src/Illuminate/Session/Middleware/StartSession.php(120): Illuminate/Pipeline/Pipeline->{closure:{closure:Illuminate/Pipeline/Pipeline::carry():194}:195}(Object(Illuminate/Http/Request))
#28 D:/josej/Documents/Proyectos/ExamenDeGrado/C#/php/ugb/vendor/laravel/framework/src/Illuminate/Session/Middleware/StartSession.php(63): Illuminate/Session/Middleware/StartSession->handleStatefulRequest(Object(Illuminate/Http/Request), Object(Illuminate/Session/Store), Object(Closure))
#29 D:/josej/Documents/Proyectos/ExamenDeGrado/C#/php/ugb/vendor/laravel/framework/src/Illuminate/Pipeline/Pipeline.php(219): Illuminate/Session/Middleware/StartSession->handle(Object(Illuminate/Http/Request), Object(Closure))
#30 D:/josej/Documents/Proyectos/ExamenDeGrado/C#/php/ugb/vendor/laravel/framework/src/Illuminate/Cookie/Middleware/AddQueuedCookiesToResponse.php(36): Illuminate/Pipeline/Pipeline->{closure:{closure:Illuminate/Pipeline/Pipeline::carry():194}:195}(Object(Illuminate/Http/Request))
#31 D:/josej/Documents/Proyectos/ExamenDeGrado/C#/php/ugb/vendor/laravel/framework/src/Illuminate/Pipeline/Pipeline.php(219): Illuminate/Cookie/Middleware/AddQueuedCookiesToResponse->handle(Object(Illuminate/Http/Request), Object(Closure))
#32 D:/josej/Documents/Proyectos/ExamenDeGrado/C#/php/ugb/vendor/laravel/framework/src/Illuminate/Cookie/Middleware/EncryptCookies.php(74): Illuminate/Pipeline/Pipeline->{closure:{closure:Illuminate/Pipeline/Pipeline::carry():194}:195}(Object(Illuminate/Http/Request))
#33 D:/josej/Documents/Proyectos/ExamenDeGrado/C#/php/ugb/vendor/laravel/framework/src/Illuminate/Pipeline/Pipeline.php(219): Illuminate/Cookie/Middleware/EncryptCookies->handle(Object(Illuminate/Http/Request), Object(Closure))
#34 D:/josej/Documents/Proyectos/ExamenDeGrado/C#/php/ugb/vendor/laravel/framework/src/Illuminate/Pipeline/Pipeline.php(137): Illuminate/Pipeline/Pipeline->{closure:{closure:Illuminate/Pipeline/Pipeline::carry():194}:195}(Object(Illuminate/Http/Request))
#35 D:/josej/Documents/Proyectos/ExamenDeGrado/C#/php/ugb/vendor/laravel/framework/src/Illuminate/Routing/Router.php(821): Illuminate/Pipeline/Pipeline->then(Object(Closure))
#36 D:/josej/Documents/Proyectos/ExamenDeGrado/C#/php/ugb/vendor/laravel/framework/src/Illuminate/Routing/Router.php(800): Illuminate/Routing/Router->runRouteWithinStack(Object(Illuminate/Routing/Route), Object(Illuminate/Http/Request))
#37 D:/josej/Documents/Proyectos/ExamenDeGrado/C#/php/ugb/vendor/laravel/framework/src/Illuminate/Routing/Router.php(764): Illuminate/Routing/Router->runRoute(Object(Illuminate/Http/Request), Object(Illuminate/Routing/Route))
#38 D:/josej/Documents/Proyectos/ExamenDeGrado/C#/php/ugb/vendor/laravel/framework/src/Illuminate/Routing/Router.php(753): Illuminate/Routing/Router->dispatchToRoute(Object(Illuminate/Http/Request))
#39 D:/josej/Documents/Proyectos/ExamenDeGrado/C#/php/ugb/vendor/laravel/framework/src/Illuminate/Foundation/Http/Kernel.php(200): Illuminate/Routing/Router->dispatch(Object(Illuminate/Http/Request))
#40 D:/josej/Documents/Proyectos/ExamenDeGrado/C#/php/ugb/vendor/laravel/framework/src/Illuminate/Pipeline/Pipeline.php(180): Illuminate/Foundation/Http/Kernel->{closure:Illuminate/Foundation/Http/Kernel::dispatchToRouter():197}(Object(Illuminate/Http/Request))
#41 D:/josej/Documents/Proyectos/ExamenDeGrado/C#/php/ugb/vendor/laravel/framework/src/Illuminate/Foundation/Http/Middleware/TransformsRequest.php(21): Illuminate/Pipeline/Pipeline->{closure:Illuminate/Pipeline/Pipeline::prepareDestination():178}(Object(Illuminate/Http/Request))
#42 D:/josej/Documents/Proyectos/ExamenDeGrado/C#/php/ugb/vendor/laravel/framework/src/Illuminate/Foundation/Http/Middleware/ConvertEmptyStringsToNull.php(31): Illuminate/Foundation/Http/Middleware/TransformsRequest->handle(Object(Illuminate/Http/Request), Object(Closure))
#43 D:/josej/Documents/Proyectos/ExamenDeGrado/C#/php/ugb/vendor/laravel/framework/src/Illuminate/Pipeline/Pipeline.php(219): Illuminate/Foundation/Http/Middleware/ConvertEmptyStringsToNull->handle(Object(Illuminate/Http/Request), Object(Closure))
#44 D:/josej/Documents/Proyectos/ExamenDeGrado/C#/php/ugb/vendor/laravel/framework/src/Illuminate/Foundation/Http/Middleware/TransformsRequest.php(21): Illuminate/Pipeline/Pipeline->{closure:{closure:Illuminate/Pipeline/Pipeline::carry():194}:195}(Object(Illuminate/Http/Request))
#45 D:/josej/Documents/Proyectos/ExamenDeGrado/C#/php/ugb/vendor/laravel/framework/src/Illuminate/Foundation/Http/Middleware/TrimStrings.php(51): Illuminate/Foundation/Http/Middleware/TransformsRequest->handle(Object(Illuminate/Http/Request), Object(Closure))
#46 D:/josej/Documents/Proyectos/ExamenDeGrado/C#/php/ugb/vendor/laravel/framework/src/Illuminate/Pipeline/Pipeline.php(219): Illuminate/Foundation/Http/Middleware/TrimStrings->handle(Object(Illuminate/Http/Request), Object(Closure))
#47 D:/josej/Documents/Proyectos/ExamenDeGrado/C#/php/ugb/vendor/laravel/framework/src/Illuminate/Http/Middleware/ValidatePostSize.php(27): Illuminate/Pipeline/Pipeline->{closure:{closure:Illuminate/Pipeline/Pipeline::carry():194}:195}(Object(Illuminate/Http/Request))
#48 D:/josej/Documents/Proyectos/ExamenDeGrado/C#/php/ugb/vendor/laravel/framework/src/Illuminate/Pipeline/Pipeline.php(219): Illuminate/Http/Middleware/ValidatePostSize->handle(Object(Illuminate/Http/Request), Object(Closure))
#49 D:/josej/Documents/Proyectos/ExamenDeGrado/C#/php/ugb/vendor/laravel/framework/src/Illuminate/Foundation/Http/Middleware/PreventRequestsDuringMaintenance.php(110): Illuminate/Pipeline/Pipeline->{closure:{closure:Illuminate/Pipeline/Pipeline::carry():194}:195}(Object(Illuminate/Http/Request))
#50 D:/josej/Documents/Proyectos/ExamenDeGrado/C#/php/ugb/vendor/laravel/framework/src/Illuminate/Pipeline/Pipeline.php(219): Illuminate/Foundation/Http/Middleware/PreventRequestsDuringMaintenance->handle(Object(Illuminate/Http/Request), Object(Closure))
#51 D:/josej/Documents/Proyectos/ExamenDeGrado/C#/php/ugb/vendor/laravel/framework/src/Illuminate/Http/Middleware/HandleCors.php(61): Illuminate/Pipeline/Pipeline->{closure:{closure:Illuminate/Pipeline/Pipeline::carry():194}:195}(Object(Illuminate/Http/Request))
#52 D:/josej/Documents/Proyectos/ExamenDeGrado/C#/php/ugb/vendor/laravel/framework/src/Illuminate/Pipeline/Pipeline.php(219): Illuminate/Http/Middleware/HandleCors->handle(Object(Illuminate/Http/Request), Object(Closure))
#53 D:/josej/Documents/Proyectos/ExamenDeGrado/C#/php/ugb/vendor/laravel/framework/src/Illuminate/Http/Middleware/TrustProxies.php(58): Illuminate/Pipeline/Pipeline->{closure:{closure:Illuminate/Pipeline/Pipeline::carry():194}:195}(Object(Illuminate/Http/Request))
#54 D:/josej/Documents/Proyectos/ExamenDeGrado/C#/php/ugb/vendor/laravel/framework/src/Illuminate/Pipeline/Pipeline.php(219): Illuminate/Http/Middleware/TrustProxies->handle(Object(Illuminate/Http/Request), Object(Closure))
#55 D:/josej/Documents/Proyectos/ExamenDeGrado/C#/php/ugb/vendor/laravel/framework/src/Illuminate/Foundation/Http/Middleware/InvokeDeferredCallbacks.php(22): Illuminate/Pipeline/Pipeline->{closure:{closure:Illuminate/Pipeline/Pipeline::carry():194}:195}(Object(Illuminate/Http/Request))
#56 D:/josej/Documents/Proyectos/ExamenDeGrado/C#/php/ugb/vendor/laravel/framework/src/Illuminate/Pipeline/Pipeline.php(219): Illuminate/Foundation/Http/Middleware/InvokeDeferredCallbacks->handle(Object(Illuminate/Http/Request), Object(Closure))
#57 D:/josej/Documents/Proyectos/ExamenDeGrado/C#/php/ugb/vendor/laravel/framework/src/Illuminate/Http/Middleware/ValidatePathEncoding.php(28): Illuminate/Pipeline/Pipeline->{closure:{closure:Illuminate/Pipeline/Pipeline::carry():194}:195}(Object(Illuminate/Http/Request))
#58 D:/josej/Documents/Proyectos/ExamenDeGrado/C#/php/ugb/vendor/laravel/framework/src/Illuminate/Pipeline/Pipeline.php(219): Illuminate/Http/Middleware/ValidatePathEncoding->handle(Object(Illuminate/Http/Request), Object(Closure))
#59 D:/josej/Documents/Proyectos/ExamenDeGrado/C#/php/ugb/vendor/laravel/framework/src/Illuminate/Pipeline/Pipeline.php(137): Illuminate/Pipeline/Pipeline->{closure:{closure:Illuminate/Pipeline/Pipeline::carry():194}:195}(Object(Illuminate/Http/Request))
#60 D:/josej/Documents/Proyectos/ExamenDeGrado/C#/php/ugb/vendor/laravel/framework/src/Illuminate/Foundation/Http/Kernel.php(175): Illuminate/Pipeline/Pipeline->then(Object(Closure))
#61 D:/josej/Documents/Proyectos/ExamenDeGrado/C#/php/ugb/vendor/laravel/framework/src/Illuminate/Foundation/Http/Kernel.php(144): Illuminate/Foundation/Http/Kernel->sendRequestThroughRouter(Object(Illuminate/Http/Request))
#62 D:/josej/Documents/Proyectos/ExamenDeGrado/C#/php/ugb/vendor/laravel/framework/src/Illuminate/Foundation/Application.php(1227): Illuminate/Foundation/Http/Kernel->handle(Object(Illuminate/Http/Request))
#63 D:/josej/Documents/Proyectos/ExamenDeGrado/C#/php/ugb/public/index.php(20): Illuminate/Foundation/Application->handleRequest(Object(Illuminate/Http/Request))
#64 D:/josej/Documents/Proyectos/ExamenDeGrado/C#/php/ugb/vendor/laravel/framework/src/Illuminate/Foundation/resources/server.php(23): require_once('D://josej//Docume...')
#65 {main}
"} 
[2026-08-17 02:18:33] local.ERROR: Undefined variable $user (View: D:\josej\Documents\Proyectos\ExamenDeGrado\C#\php\ugb\resources\views\clients\index.blade.php) {"exception":"[object] (Illuminate\\View\\ViewException(code: 0): Undefined variable $user (View: D:\\josej\\Documents\\Proyectos\\ExamenDeGrado\\C#\\php\\ugb\\resources\\views\\clients\\index.blade.php) at D:/josej/Documents/Proyectos/ExamenDeGrado/C#/php/ugb/storage/framework/views/54e040bc643609f4b5a83d45401ae420.php:15)
[stacktrace]
#0 D:/josej/Documents/Proyectos/ExamenDeGrado/C#/php/ugb/vendor/laravel/framework/src/Illuminate/View/Engines/PhpEngine.php(59): Illuminate/View/Engines/CompilerEngine->handleViewException(Object(ErrorException), 0)
#1 D:/josej/Documents/Proyectos/ExamenDeGrado/C#/php/ugb/vendor/laravel/framework/src/Illuminate/View/Engines/CompilerEngine.php(76): Illuminate/View/Engines/PhpEngine->evaluatePath('D://josej//Docume...', Array)
#2 D:/josej/Documents/Proyectos/ExamenDeGrado/C#/php/ugb/vendor/laravel/framework/src/Illuminate/View/View.php(208): Illuminate/View/Engines/CompilerEngine->get('D://josej//Docume...', Array)
#3 D:/josej/Documents/Proyectos/ExamenDeGrado/C#/php/ugb/vendor/laravel/framework/src/Illuminate/View/View.php(191): Illuminate/View/View->getContents()
#4 D:/josej/Documents/Proyectos/ExamenDeGrado/C#/php/ugb/vendor/laravel/framework/src/Illuminate/View/View.php(160): Illuminate/View/View->renderContents()
#5 D:/josej/Documents/Proyectos/ExamenDeGrado/C#/php/ugb/vendor/laravel/framework/src/Illuminate/Http/Response.php(82): Illuminate/View/View->render()
#6 D:/josej/Documents/Proyectos/ExamenDeGrado/C#/php/ugb/vendor/laravel/framework/src/Illuminate/Http/Response.php(40): Illuminate/Http/Response->setContent(Object(Illuminate/View/View))
#7 D:/josej/Documents/Proyectos/ExamenDeGrado/C#/php/ugb/vendor/laravel/framework/src/Illuminate/Routing/Router.php(939): Illuminate/Http/Response->__construct(Object(Illuminate/View/View), 200, Array)
#8 D:/josej/Documents/Proyectos/ExamenDeGrado/C#/php/ugb/vendor/laravel/framework/src/Illuminate/Routing/Router.php(906): Illuminate/Routing/Router::toResponse(Object(Illuminate/Http/Request), Object(Illuminate/View/View))
#9 D:/josej/Documents/Proyectos/ExamenDeGrado/C#/php/ugb/vendor/laravel/framework/src/Illuminate/Routing/Router.php(821): Illuminate/Routing/Router->prepareResponse(Object(Illuminate/Http/Request), Object(Illuminate/View/View))
#10 D:/josej/Documents/Proyectos/ExamenDeGrado/C#/php/ugb/vendor/laravel/framework/src/Illuminate/Pipeline/Pipeline.php(180): Illuminate/Routing/Router->{closure:Illuminate/Routing/Router::runRouteWithinStack():821}(Object(Illuminate/Http/Request))
#11 D:/josej/Documents/Proyectos/ExamenDeGrado/C#/php/ugb/vendor/laravel/boost/src/Middleware/InjectBoost.php(22): Illuminate/Pipeline/Pipeline->{closure:Illuminate/Pipeline/Pipeline::prepareDestination():178}(Object(Illuminate/Http/Request))
#12 D:/josej/Documents/Proyectos/ExamenDeGrado/C#/php/ugb/vendor/laravel/framework/src/Illuminate/Pipeline/Pipeline.php(219): Laravel/Boost/Middleware/InjectBoost->handle(Object(Illuminate/Http/Request), Object(Closure))
#13 D:/josej/Documents/Proyectos/ExamenDeGrado/C#/php/ugb/vendor/laravel/framework/src/Illuminate/Routing/Middleware/SubstituteBindings.php(52): Illuminate/Pipeline/Pipeline->{closure:{closure:Illuminate/Pipeline/Pipeline::carry():194}:195}(Object(Illuminate/Http/Request))
#14 D:/josej/Documents/Proyectos/ExamenDeGrado/C#/php/ugb/vendor/laravel/framework/src/Illuminate/Pipeline/Pipeline.php(219): Illuminate/Routing/Middleware/SubstituteBindings->handle(Object(Illuminate/Http/Request), Object(Closure))
#15 D:/josej/Documents/Proyectos/ExamenDeGrado/C#/php/ugb/vendor/laravel/framework/src/Illuminate/Foundation/Http/Middleware/PreventRequestForgery.php(104): Illuminate/Pipeline/Pipeline->{closure:{closure:Illuminate/Pipeline/Pipeline::carry():194}:195}(Object(Illuminate/Http/Request))
#16 D:/josej/Documents/Proyectos/ExamenDeGrado/C#/php/ugb/vendor/laravel/framework/src/Illuminate/Pipeline/Pipeline.php(219): Illuminate/Foundation/Http/Middleware/PreventRequestForgery->handle(Object(Illuminate/Http/Request), Object(Closure))
#17 D:/josej/Documents/Proyectos/ExamenDeGrado/C#/php/ugb/vendor/laravel/framework/src/Illuminate/View/Middleware/ShareErrorsFromSession.php(48): Illuminate/Pipeline/Pipeline->{closure:{closure:Illuminate/Pipeline/Pipeline::carry():194}:195}(Object(Illuminate/Http/Request))
#18 D:/josej/Documents/Proyectos/ExamenDeGrado/C#/php/ugb/vendor/laravel/framework/src/Illuminate/Pipeline/Pipeline.php(219): Illuminate/View/Middleware/ShareErrorsFromSession->handle(Object(Illuminate/Http/Request), Object(Closure))
#19 D:/josej/Documents/Proyectos/ExamenDeGrado/C#/php/ugb/vendor/laravel/framework/src/Illuminate/Session/Middleware/StartSession.php(120): Illuminate/Pipeline/Pipeline->{closure:{closure:Illuminate/Pipeline/Pipeline::carry():194}:195}(Object(Illuminate/Http/Request))
#20 D:/josej/Documents/Proyectos/ExamenDeGrado/C#/php/ugb/vendor/laravel/framework/src/Illuminate/Session/Middleware/StartSession.php(63): Illuminate/Session/Middleware/StartSession->handleStatefulRequest(Object(Illuminate/Http/Request), Object(Illuminate/Session/Store), Object(Closure))
#21 D:/josej/Documents/Proyectos/ExamenDeGrado/C#/php/ugb/vendor/laravel/framework/src/Illuminate/Pipeline/Pipeline.php(219): Illuminate/Session/Middleware/StartSession->handle(Object(Illuminate/Http/Request), Object(Closure))
#22 D:/josej/Documents/Proyectos/ExamenDeGrado/C#/php/ugb/vendor/laravel/framework/src/Illuminate/Cookie/Middleware/AddQueuedCookiesToResponse.php(36): Illuminate/Pipeline/Pipeline->{closure:{closure:Illuminate/Pipeline/Pipeline::carry():194}:195}(Object(Illuminate/Http/Request))
#23 D:/josej/Documents/Proyectos/ExamenDeGrado/C#/php/ugb/vendor/laravel/framework/src/Illuminate/Pipeline/Pipeline.php(219): Illuminate/Cookie/Middleware/AddQueuedCookiesToResponse->handle(Object(Illuminate/Http/Request), Object(Closure))
#24 D:/josej/Documents/Proyectos/ExamenDeGrado/C#/php/ugb/vendor/laravel/framework/src/Illuminate/Cookie/Middleware/EncryptCookies.php(74): Illuminate/Pipeline/Pipeline->{closure:{closure:Illuminate/Pipeline/Pipeline::carry():194}:195}(Object(Illuminate/Http/Request))
#25 D:/josej/Documents/Proyectos/ExamenDeGrado/C#/php/ugb/vendor/laravel/framework/src/Illuminate/Pipeline/Pipeline.php(219): Illuminate/Cookie/Middleware/EncryptCookies->handle(Object(Illuminate/Http/Request), Object(Closure))
#26 D:/josej/Documents/Proyectos/ExamenDeGrado/C#/php/ugb/vendor/laravel/framework/src/Illuminate/Pipeline/Pipeline.php(137): Illuminate/Pipeline/Pipeline->{closure:{closure:Illuminate/Pipeline/Pipeline::carry():194}:195}(Object(Illuminate/Http/Request))
#27 D:/josej/Documents/Proyectos/ExamenDeGrado/C#/php/ugb/vendor/laravel/framework/src/Illuminate/Routing/Router.php(821): Illuminate/Pipeline/Pipeline->then(Object(Closure))
#28 D:/josej/Documents/Proyectos/ExamenDeGrado/C#/php/ugb/vendor/laravel/framework/src/Illuminate/Routing/Router.php(800): Illuminate/Routing/Router->runRouteWithinStack(Object(Illuminate/Routing/Route), Object(Illuminate/Http/Request))
#29 D:/josej/Documents/Proyectos/ExamenDeGrado/C#/php/ugb/vendor/laravel/framework/src/Illuminate/Routing/Router.php(764): Illuminate/Routing/Router->runRoute(Object(Illuminate/Http/Request), Object(Illuminate/Routing/Route))
#30 D:/josej/Documents/Proyectos/ExamenDeGrado/C#/php/ugb/vendor/laravel/framework/src/Illuminate/Routing/Router.php(753): Illuminate/Routing/Router->dispatchToRoute(Object(Illuminate/Http/Request))
#31 D:/josej/Documents/Proyectos/ExamenDeGrado/C#/php/ugb/vendor/laravel/framework/src/Illuminate/Foundation/Http/Kernel.php(200): Illuminate/Routing/Router->dispatch(Object(Illuminate/Http/Request))
#32 D:/josej/Documents/Proyectos/ExamenDeGrado/C#/php/ugb/vendor/laravel/framework/src/Illuminate/Pipeline/Pipeline.php(180): Illuminate/Foundation/Http/Kernel->{closure:Illuminate/Foundation/Http/Kernel::dispatchToRouter():197}(Object(Illuminate/Http/Request))
#33 D:/josej/Documents/Proyectos/ExamenDeGrado/C#/php/ugb/vendor/laravel/framework/src/Illuminate/Foundation/Http/Middleware/TransformsRequest.php(21): Illuminate/Pipeline/Pipeline->{closure:Illuminate/Pipeline/Pipeline::prepareDestination():178}(Object(Illuminate/Http/Request))
#34 D:/josej/Documents/Proyectos/ExamenDeGrado/C#/php/ugb/vendor/laravel/framework/src/Illuminate/Foundation/Http/Middleware/ConvertEmptyStringsToNull.php(31): Illuminate/Foundation/Http/Middleware/TransformsRequest->handle(Object(Illuminate/Http/Request), Object(Closure))
#35 D:/josej/Documents/Proyectos/ExamenDeGrado/C#/php/ugb/vendor/laravel/framework/src/Illuminate/Pipeline/Pipeline.php(219): Illuminate/Foundation/Http/Middleware/ConvertEmptyStringsToNull->handle(Object(Illuminate/Http/Request), Object(Closure))
#36 D:/josej/Documents/Proyectos/ExamenDeGrado/C#/php/ugb/vendor/laravel/framework/src/Illuminate/Foundation/Http/Middleware/TransformsRequest.php(21): Illuminate/Pipeline/Pipeline->{closure:{closure:Illuminate/Pipeline/Pipeline::carry():194}:195}(Object(Illuminate/Http/Request))
#37 D:/josej/Documents/Proyectos/ExamenDeGrado/C#/php/ugb/vendor/laravel/framework/src/Illuminate/Foundation/Http/Middleware/TrimStrings.php(51): Illuminate/Foundation/Http/Middleware/TransformsRequest->handle(Object(Illuminate/Http/Request), Object(Closure))
#38 D:/josej/Documents/Proyectos/ExamenDeGrado/C#/php/ugb/vendor/laravel/framework/src/Illuminate/Pipeline/Pipeline.php(219): Illuminate/Foundation/Http/Middleware/TrimStrings->handle(Object(Illuminate/Http/Request), Object(Closure))
#39 D:/josej/Documents/Proyectos/ExamenDeGrado/C#/php/ugb/vendor/laravel/framework/src/Illuminate/Http/Middleware/ValidatePostSize.php(27): Illuminate/Pipeline/Pipeline->{closure:{closure:Illuminate/Pipeline/Pipeline::carry():194}:195}(Object(Illuminate/Http/Request))
#40 D:/josej/Documents/Proyectos/ExamenDeGrado/C#/php/ugb/vendor/laravel/framework/src/Illuminate/Pipeline/Pipeline.php(219): Illuminate/Http/Middleware/ValidatePostSize->handle(Object(Illuminate/Http/Request), Object(Closure))
#41 D:/josej/Documents/Proyectos/ExamenDeGrado/C#/php/ugb/vendor/laravel/framework/src/Illuminate/Foundation/Http/Middleware/PreventRequestsDuringMaintenance.php(110): Illuminate/Pipeline/Pipeline->{closure:{closure:Illuminate/Pipeline/Pipeline::carry():194}:195}(Object(Illuminate/Http/Request))
#42 D:/josej/Documents/Proyectos/ExamenDeGrado/C#/php/ugb/vendor/laravel/framework/src/Illuminate/Pipeline/Pipeline.php(219): Illuminate/Foundation/Http/Middleware/PreventRequestsDuringMaintenance->handle(Object(Illuminate/Http/Request), Object(Closure))
#43 D:/josej/Documents/Proyectos/ExamenDeGrado/C#/php/ugb/vendor/laravel/framework/src/Illuminate/Http/Middleware/HandleCors.php(61): Illuminate/Pipeline/Pipeline->{closure:{closure:Illuminate/Pipeline/Pipeline::carry():194}:195}(Object(Illuminate/Http/Request))
#44 D:/josej/Documents/Proyectos/ExamenDeGrado/C#/php/ugb/vendor/laravel/framework/src/Illuminate/Pipeline/Pipeline.php(219): Illuminate/Http/Middleware/HandleCors->handle(Object(Illuminate/Http/Request), Object(Closure))
#45 D:/josej/Documents/Proyectos/ExamenDeGrado/C#/php/ugb/vendor/laravel/framework/src/Illuminate/Http/Middleware/TrustProxies.php(58): Illuminate/Pipeline/Pipeline->{closure:{closure:Illuminate/Pipeline/Pipeline::carry():194}:195}(Object(Illuminate/Http/Request))
#46 D:/josej/Documents/Proyectos/ExamenDeGrado/C#/php/ugb/vendor/laravel/framework/src/Illuminate/Pipeline/Pipeline.php(219): Illuminate/Http/Middleware/TrustProxies->handle(Object(Illuminate/Http/Request), Object(Closure))
#47 D:/josej/Documents/Proyectos/ExamenDeGrado/C#/php/ugb/vendor/laravel/framework/src/Illuminate/Foundation/Http/Middleware/InvokeDeferredCallbacks.php(22): Illuminate/Pipeline/Pipeline->{closure:{closure:Illuminate/Pipeline/Pipeline::carry():194}:195}(Object(Illuminate/Http/Request))
#48 D:/josej/Documents/Proyectos/ExamenDeGrado/C#/php/ugb/vendor/laravel/framework/src/Illuminate/Pipeline/Pipeline.php(219): Illuminate/Foundation/Http/Middleware/InvokeDeferredCallbacks->handle(Object(Illuminate/Http/Request), Object(Closure))
#49 D:/josej/Documents/Proyectos/ExamenDeGrado/C#/php/ugb/vendor/laravel/framework/src/Illuminate/Http/Middleware/ValidatePathEncoding.php(28): Illuminate/Pipeline/Pipeline->{closure:{closure:Illuminate/Pipeline/Pipeline::carry():194}:195}(Object(Illuminate/Http/Request))
#50 D:/josej/Documents/Proyectos/ExamenDeGrado/C#/php/ugb/vendor/laravel/framework/src/Illuminate/Pipeline/Pipeline.php(219): Illuminate/Http/Middleware/ValidatePathEncoding->handle(Object(Illuminate/Http/Request), Object(Closure))
#51 D:/josej/Documents/Proyectos/ExamenDeGrado/C#/php/ugb/vendor/laravel/framework/src/Illuminate/Pipeline/Pipeline.php(137): Illuminate/Pipeline/Pipeline->{closure:{closure:Illuminate/Pipeline/Pipeline::carry():194}:195}(Object(Illuminate/Http/Request))
#52 D:/josej/Documents/Proyectos/ExamenDeGrado/C#/php/ugb/vendor/laravel/framework/src/Illuminate/Foundation/Http/Kernel.php(175): Illuminate/Pipeline/Pipeline->then(Object(Closure))
#53 D:/josej/Documents/Proyectos/ExamenDeGrado/C#/php/ugb/vendor/laravel/framework/src/Illuminate/Foundation/Http/Kernel.php(144): Illuminate/Foundation/Http/Kernel->sendRequestThroughRouter(Object(Illuminate/Http/Request))
#54 D:/josej/Documents/Proyectos/ExamenDeGrado/C#/php/ugb/vendor/laravel/framework/src/Illuminate/Foundation/Application.php(1227): Illuminate/Foundation/Http/Kernel->handle(Object(Illuminate/Http/Request))
#55 D:/josej/Documents/Proyectos/ExamenDeGrado/C#/php/ugb/public/index.php(20): Illuminate/Foundation/Application->handleRequest(Object(Illuminate/Http/Request))
#56 D:/josej/Documents/Proyectos/ExamenDeGrado/C#/php/ugb/vendor/laravel/framework/src/Illuminate/Foundation/resources/server.php(23): require_once('D://josej//Docume...')
#57 {main}

[previous exception] [object] (ErrorException(code: 0): Undefined variable $user at D:/josej/Documents/Proyectos/ExamenDeGrado/C#/php/ugb/storage/framework/views/54e040bc643609f4b5a83d45401ae420.php:15)
[stacktrace]
#0 D:/josej/Documents/Proyectos/ExamenDeGrado/C#/php/ugb/vendor/laravel/framework/src/Illuminate/Foundation/Bootstrap/HandleExceptions.php(263): Illuminate/Foundation/Bootstrap/HandleExceptions->handleError(2, 'Undefined varia...', 'D://josej//Docume...', 15)
#1 D:/josej/Documents/Proyectos/ExamenDeGrado/C#/php/ugb/storage/framework/views/54e040bc643609f4b5a83d45401ae420.php(15): Illuminate/Foundation/Bootstrap/HandleExceptions->{closure:Illuminate/Foundation/Bootstrap/HandleExceptions::forwardsTo():262}(2, 'Undefined varia...', 'D://josej//Docume...', 15)
#2 D:/josej/Documents/Proyectos/ExamenDeGrado/C#/php/ugb/vendor/laravel/framework/src/Illuminate/Filesystem/Filesystem.php(123): require('D://josej//Docume...')
#3 D:/josej/Documents/Proyectos/ExamenDeGrado/C#/php/ugb/vendor/laravel/framework/src/Illuminate/Filesystem/Filesystem.php(124): Illuminate/Filesystem/Filesystem::{closure:Illuminate/Filesystem/Filesystem::getRequire():120}()
#4 D:/josej/Documents/Proyectos/ExamenDeGrado/C#/php/ugb/vendor/laravel/framework/src/Illuminate/View/Engines/PhpEngine.php(57): Illuminate/Filesystem/Filesystem->getRequire('D://josej//Docume...', Array)
#5 D:/josej/Documents/Proyectos/ExamenDeGrado/C#/php/ugb/vendor/laravel/framework/src/Illuminate/View/Engines/CompilerEngine.php(76): Illuminate/View/Engines/PhpEngine->evaluatePath('D://josej//Docume...', Array)
#6 D:/josej/Documents/Proyectos/ExamenDeGrado/C#/php/ugb/vendor/laravel/framework/src/Illuminate/View/View.php(208): Illuminate/View/Engines/CompilerEngine->get('D://josej//Docume...', Array)
#7 D:/josej/Documents/Proyectos/ExamenDeGrado/C#/php/ugb/vendor/laravel/framework/src/Illuminate/View/View.php(191): Illuminate/View/View->getContents()
#8 D:/josej/Documents/Proyectos/ExamenDeGrado/C#/php/ugb/vendor/laravel/framework/src/Illuminate/View/View.php(160): Illuminate/View/View->renderContents()
#9 D:/josej/Documents/Proyectos/ExamenDeGrado/C#/php/ugb/vendor/laravel/framework/src/Illuminate/Http/Response.php(82): Illuminate/View/View->render()
#10 D:/josej/Documents/Proyectos/ExamenDeGrado/C#/php/ugb/vendor/laravel/framework/src/Illuminate/Http/Response.php(40): Illuminate/Http/Response->setContent(Object(Illuminate/View/View))
#11 D:/josej/Documents/Proyectos/ExamenDeGrado/C#/php/ugb/vendor/laravel/framework/src/Illuminate/Routing/Router.php(939): Illuminate/Http/Response->__construct(Object(Illuminate/View/View), 200, Array)
#12 D:/josej/Documents/Proyectos/ExamenDeGrado/C#/php/ugb/vendor/laravel/framework/src/Illuminate/Routing/Router.php(906): Illuminate/Routing/Router::toResponse(Object(Illuminate/Http/Request), Object(Illuminate/View/View))
#13 D:/josej/Documents/Proyectos/ExamenDeGrado/C#/php/ugb/vendor/laravel/framework/src/Illuminate/Routing/Router.php(821): Illuminate/Routing/Router->prepareResponse(Object(Illuminate/Http/Request), Object(Illuminate/View/View))
#14 D:/josej/Documents/Proyectos/ExamenDeGrado/C#/php/ugb/vendor/laravel/framework/src/Illuminate/Pipeline/Pipeline.php(180): Illuminate/Routing/Router->{closure:Illuminate/Routing/Router::runRouteWithinStack():821}(Object(Illuminate/Http/Request))
#15 D:/josej/Documents/Proyectos/ExamenDeGrado/C#/php/ugb/vendor/laravel/boost/src/Middleware/InjectBoost.php(22): Illuminate/Pipeline/Pipeline->{closure:Illuminate/Pipeline/Pipeline::prepareDestination():178}(Object(Illuminate/Http/Request))
#16 D:/josej/Documents/Proyectos/ExamenDeGrado/C#/php/ugb/vendor/laravel/framework/src/Illuminate/Pipeline/Pipeline.php(219): Laravel/Boost/Middleware/InjectBoost->handle(Object(Illuminate/Http/Request), Object(Closure))
#17 D:/josej/Documents/Proyectos/ExamenDeGrado/C#/php/ugb/vendor/laravel/framework/src/Illuminate/Routing/Middleware/SubstituteBindings.php(52): Illuminate/Pipeline/Pipeline->{closure:{closure:Illuminate/Pipeline/Pipeline::carry():194}:195}(Object(Illuminate/Http/Request))
#18 D:/josej/Documents/Proyectos/ExamenDeGrado/C#/php/ugb/vendor/laravel/framework/src/Illuminate/Pipeline/Pipeline.php(219): Illuminate/Routing/Middleware/SubstituteBindings->handle(Object(Illuminate/Http/Request), Object(Closure))
#19 D:/josej/Documents/Proyectos/ExamenDeGrado/C#/php/ugb/vendor/laravel/framework/src/Illuminate/Foundation/Http/Middleware/PreventRequestForgery.php(104): Illuminate/Pipeline/Pipeline->{closure:{closure:Illuminate/Pipeline/Pipeline::carry():194}:195}(Object(Illuminate/Http/Request))
#20 D:/josej/Documents/Proyectos/ExamenDeGrado/C#/php/ugb/vendor/laravel/framework/src/Illuminate/Pipeline/Pipeline.php(219): Illuminate/Foundation/Http/Middleware/PreventRequestForgery->handle(Object(Illuminate/Http/Request), Object(Closure))
#21 D:/josej/Documents/Proyectos/ExamenDeGrado/C#/php/ugb/vendor/laravel/framework/src/Illuminate/View/Middleware/ShareErrorsFromSession.php(48): Illuminate/Pipeline/Pipeline->{closure:{closure:Illuminate/Pipeline/Pipeline::carry():194}:195}(Object(Illuminate/Http/Request))
#22 D:/josej/Documents/Proyectos/ExamenDeGrado/C#/php/ugb/vendor/laravel/framework/src/Illuminate/Pipeline/Pipeline.php(219): Illuminate/View/Middleware/ShareErrorsFromSession->handle(Object(Illuminate/Http/Request), Object(Closure))
#23 D:/josej/Documents/Proyectos/ExamenDeGrado/C#/php/ugb/vendor/laravel/framework/src/Illuminate/Session/Middleware/StartSession.php(120): Illuminate/Pipeline/Pipeline->{closure:{closure:Illuminate/Pipeline/Pipeline::carry():194}:195}(Object(Illuminate/Http/Request))
#24 D:/josej/Documents/Proyectos/ExamenDeGrado/C#/php/ugb/vendor/laravel/framework/src/Illuminate/Session/Middleware/StartSession.php(63): Illuminate/Session/Middleware/StartSession->handleStatefulRequest(Object(Illuminate/Http/Request), Object(Illuminate/Session/Store), Object(Closure))
#25 D:/josej/Documents/Proyectos/ExamenDeGrado/C#/php/ugb/vendor/laravel/framework/src/Illuminate/Pipeline/Pipeline.php(219): Illuminate/Session/Middleware/StartSession->handle(Object(Illuminate/Http/Request), Object(Closure))
#26 D:/josej/Documents/Proyectos/ExamenDeGrado/C#/php/ugb/vendor/laravel/framework/src/Illuminate/Cookie/Middleware/AddQueuedCookiesToResponse.php(36): Illuminate/Pipeline/Pipeline->{closure:{closure:Illuminate/Pipeline/Pipeline::carry():194}:195}(Object(Illuminate/Http/Request))
#27 D:/josej/Documents/Proyectos/ExamenDeGrado/C#/php/ugb/vendor/laravel/framework/src/Illuminate/Pipeline/Pipeline.php(219): Illuminate/Cookie/Middleware/AddQueuedCookiesToResponse->handle(Object(Illuminate/Http/Request), Object(Closure))
#28 D:/josej/Documents/Proyectos/ExamenDeGrado/C#/php/ugb/vendor/laravel/framework/src/Illuminate/Cookie/Middleware/EncryptCookies.php(74): Illuminate/Pipeline/Pipeline->{closure:{closure:Illuminate/Pipeline/Pipeline::carry():194}:195}(Object(Illuminate/Http/Request))
#29 D:/josej/Documents/Proyectos/ExamenDeGrado/C#/php/ugb/vendor/laravel/framework/src/Illuminate/Pipeline/Pipeline.php(219): Illuminate/Cookie/Middleware/EncryptCookies->handle(Object(Illuminate/Http/Request), Object(Closure))
#30 D:/josej/Documents/Proyectos/ExamenDeGrado/C#/php/ugb/vendor/laravel/framework/src/Illuminate/Pipeline/Pipeline.php(137): Illuminate/Pipeline/Pipeline->{closure:{closure:Illuminate/Pipeline/Pipeline::carry():194}:195}(Object(Illuminate/Http/Request))
#31 D:/josej/Documents/Proyectos/ExamenDeGrado/C#/php/ugb/vendor/laravel/framework/src/Illuminate/Routing/Router.php(821): Illuminate/Pipeline/Pipeline->then(Object(Closure))
#32 D:/josej/Documents/Proyectos/ExamenDeGrado/C#/php/ugb/vendor/laravel/framework/src/Illuminate/Routing/Router.php(800): Illuminate/Routing/Router->runRouteWithinStack(Object(Illuminate/Routing/Route), Object(Illuminate/Http/Request))
#33 D:/josej/Documents/Proyectos/ExamenDeGrado/C#/php/ugb/vendor/laravel/framework/src/Illuminate/Routing/Router.php(764): Illuminate/Routing/Router->runRoute(Object(Illuminate/Http/Request), Object(Illuminate/Routing/Route))
#34 D:/josej/Documents/Proyectos/ExamenDeGrado/C#/php/ugb/vendor/laravel/framework/src/Illuminate/Routing/Router.php(753): Illuminate/Routing/Router->dispatchToRoute(Object(Illuminate/Http/Request))
#35 D:/josej/Documents/Proyectos/ExamenDeGrado/C#/php/ugb/vendor/laravel/framework/src/Illuminate/Foundation/Http/Kernel.php(200): Illuminate/Routing/Router->dispatch(Object(Illuminate/Http/Request))
#36 D:/josej/Documents/Proyectos/ExamenDeGrado/C#/php/ugb/vendor/laravel/framework/src/Illuminate/Pipeline/Pipeline.php(180): Illuminate/Foundation/Http/Kernel->{closure:Illuminate/Foundation/Http/Kernel::dispatchToRouter():197}(Object(Illuminate/Http/Request))
#37 D:/josej/Documents/Proyectos/ExamenDeGrado/C#/php/ugb/vendor/laravel/framework/src/Illuminate/Foundation/Http/Middleware/TransformsRequest.php(21): Illuminate/Pipeline/Pipeline->{closure:Illuminate/Pipeline/Pipeline::prepareDestination():178}(Object(Illuminate/Http/Request))
#38 D:/josej/Documents/Proyectos/ExamenDeGrado/C#/php/ugb/vendor/laravel/framework/src/Illuminate/Foundation/Http/Middleware/ConvertEmptyStringsToNull.php(31): Illuminate/Foundation/Http/Middleware/TransformsRequest->handle(Object(Illuminate/Http/Request), Object(Closure))
#39 D:/josej/Documents/Proyectos/ExamenDeGrado/C#/php/ugb/vendor/laravel/framework/src/Illuminate/Pipeline/Pipeline.php(219): Illuminate/Foundation/Http/Middleware/ConvertEmptyStringsToNull->handle(Object(Illuminate/Http/Request), Object(Closure))
#40 D:/josej/Documents/Proyectos/ExamenDeGrado/C#/php/ugb/vendor/laravel/framework/src/Illuminate/Foundation/Http/Middleware/TransformsRequest.php(21): Illuminate/Pipeline/Pipeline->{closure:{closure:Illuminate/Pipeline/Pipeline::carry():194}:195}(Object(Illuminate/Http/Request))
#41 D:/josej/Documents/Proyectos/ExamenDeGrado/C#/php/ugb/vendor/laravel/framework/src/Illuminate/Foundation/Http/Middleware/TrimStrings.php(51): Illuminate/Foundation/Http/Middleware/TransformsRequest->handle(Object(Illuminate/Http/Request), Object(Closure))
#42 D:/josej/Documents/Proyectos/ExamenDeGrado/C#/php/ugb/vendor/laravel/framework/src/Illuminate/Pipeline/Pipeline.php(219): Illuminate/Foundation/Http/Middleware/TrimStrings->handle(Object(Illuminate/Http/Request), Object(Closure))
#43 D:/josej/Documents/Proyectos/ExamenDeGrado/C#/php/ugb/vendor/laravel/framework/src/Illuminate/Http/Middleware/ValidatePostSize.php(27): Illuminate/Pipeline/Pipeline->{closure:{closure:Illuminate/Pipeline/Pipeline::carry():194}:195}(Object(Illuminate/Http/Request))
#44 D:/josej/Documents/Proyectos/ExamenDeGrado/C#/php/ugb/vendor/laravel/framework/src/Illuminate/Pipeline/Pipeline.php(219): Illuminate/Http/Middleware/ValidatePostSize->handle(Object(Illuminate/Http/Request), Object(Closure))
#45 D:/josej/Documents/Proyectos/ExamenDeGrado/C#/php/ugb/vendor/laravel/framework/src/Illuminate/Foundation/Http/Middleware/PreventRequestsDuringMaintenance.php(110): Illuminate/Pipeline/Pipeline->{closure:{closure:Illuminate/Pipeline/Pipeline::carry():194}:195}(Object(Illuminate/Http/Request))
#46 D:/josej/Documents/Proyectos/ExamenDeGrado/C#/php/ugb/vendor/laravel/framework/src/Illuminate/Pipeline/Pipeline.php(219): Illuminate/Foundation/Http/Middleware/PreventRequestsDuringMaintenance->handle(Object(Illuminate/Http/Request), Object(Closure))
#47 D:/josej/Documents/Proyectos/ExamenDeGrado/C#/php/ugb/vendor/laravel/framework/src/Illuminate/Http/Middleware/HandleCors.php(61): Illuminate/Pipeline/Pipeline->{closure:{closure:Illuminate/Pipeline/Pipeline::carry():194}:195}(Object(Illuminate/Http/Request))
#48 D:/josej/Documents/Proyectos/ExamenDeGrado/C#/php/ugb/vendor/laravel/framework/src/Illuminate/Pipeline/Pipeline.php(219): Illuminate/Http/Middleware/HandleCors->handle(Object(Illuminate/Http/Request), Object(Closure))
#49 D:/josej/Documents/Proyectos/ExamenDeGrado/C#/php/ugb/vendor/laravel/framework/src/Illuminate/Http/Middleware/TrustProxies.php(58): Illuminate/Pipeline/Pipeline->{closure:{closure:Illuminate/Pipeline/Pipeline::carry():194}:195}(Object(Illuminate/Http/Request))
#50 D:/josej/Documents/Proyectos/ExamenDeGrado/C#/php/ugb/vendor/laravel/framework/src/Illuminate/Pipeline/Pipeline.php(219): Illuminate/Http/Middleware/TrustProxies->handle(Object(Illuminate/Http/Request), Object(Closure))
#51 D:/josej/Documents/Proyectos/ExamenDeGrado/C#/php/ugb/vendor/laravel/framework/src/Illuminate/Foundation/Http/Middleware/InvokeDeferredCallbacks.php(22): Illuminate/Pipeline/Pipeline->{closure:{closure:Illuminate/Pipeline/Pipeline::carry():194}:195}(Object(Illuminate/Http/Request))
#52 D:/josej/Documents/Proyectos/ExamenDeGrado/C#/php/ugb/vendor/laravel/framework/src/Illuminate/Pipeline/Pipeline.php(219): Illuminate/Foundation/Http/Middleware/InvokeDeferredCallbacks->handle(Object(Illuminate/Http/Request), Object(Closure))
#53 D:/josej/Documents/Proyectos/ExamenDeGrado/C#/php/ugb/vendor/laravel/framework/src/Illuminate/Http/Middleware/ValidatePathEncoding.php(28): Illuminate/Pipeline/Pipeline->{closure:{closure:Illuminate/Pipeline/Pipeline::carry():194}:195}(Object(Illuminate/Http/Request))
#54 D:/josej/Documents/Proyectos/ExamenDeGrado/C#/php/ugb/vendor/laravel/framework/src/Illuminate/Pipeline/Pipeline.php(219): Illuminate/Http/Middleware/ValidatePathEncoding->handle(Object(Illuminate/Http/Request), Object(Closure))
#55 D:/josej/Documents/Proyectos/ExamenDeGrado/C#/php/ugb/vendor/laravel/framework/src/Illuminate/Pipeline/Pipeline.php(137): Illuminate/Pipeline/Pipeline->{closure:{closure:Illuminate/Pipeline/Pipeline::carry():194}:195}(Object(Illuminate/Http/Request))
#56 D:/josej/Documents/Proyectos/ExamenDeGrado/C#/php/ugb/vendor/laravel/framework/src/Illuminate/Foundation/Http/Kernel.php(175): Illuminate/Pipeline/Pipeline->then(Object(Closure))
#57 D:/josej/Documents/Proyectos/ExamenDeGrado/C#/php/ugb/vendor/laravel/framework/src/Illuminate/Foundation/Http/Kernel.php(144): Illuminate/Foundation/Http/Kernel->sendRequestThroughRouter(Object(Illuminate/Http/Request))
#58 D:/josej/Documents/Proyectos/ExamenDeGrado/C#/php/ugb/vendor/laravel/framework/src/Illuminate/Foundation/Application.php(1227): Illuminate/Foundation/Http/Kernel->handle(Object(Illuminate/Http/Request))
#59 D:/josej/Documents/Proyectos/ExamenDeGrado/C#/php/ugb/public/index.php(20): Illuminate/Foundation/Application->handleRequest(Object(Illuminate/Http/Request))
#60 D:/josej/Documents/Proyectos/ExamenDeGrado/C#/php/ugb/vendor/laravel/framework/src/Illuminate/Foundation/resources/server.php(23): require_once('D://josej//Docume...')
#61 {main}
"} 
[2026-08-17 02:26:51] local.ERROR: Undefined variable $clients {"exception":"[object] (ErrorException(code: 0): Undefined variable $clients at D:/josej/Documents/Proyectos/ExamenDeGrado/C#/php/ugb/app/Http/Controllers/ClientController.php:13)
[stacktrace]
#0 D:/josej/Documents/Proyectos/ExamenDeGrado/C#/php/ugb/vendor/laravel/framework/src/Illuminate/Foundation/Bootstrap/HandleExceptions.php(263): Illuminate/Foundation/Bootstrap/HandleExceptions->handleError(2, 'Undefined varia...', 'D://josej//Docume...', 13)
#1 D:/josej/Documents/Proyectos/ExamenDeGrado/C#/php/ugb/app/Http/Controllers/ClientController.php(13): Illuminate/Foundation/Bootstrap/HandleExceptions->{closure:Illuminate/Foundation/Bootstrap/HandleExceptions::forwardsTo():262}(2, 'Undefined varia...', 'D://josej//Docume...', 13)
#2 D:/josej/Documents/Proyectos/ExamenDeGrado/C#/php/ugb/vendor/laravel/framework/src/Illuminate/Routing/ControllerDispatcher.php(46): App/Http/Controllers/ClientController->index()
#3 D:/josej/Documents/Proyectos/ExamenDeGrado/C#/php/ugb/vendor/laravel/framework/src/Illuminate/Routing/Route.php(276): Illuminate/Routing/ControllerDispatcher->dispatch(Object(Illuminate/Routing/Route), Object(App/Http/Controllers/ClientController), 'index')
#4 D:/josej/Documents/Proyectos/ExamenDeGrado/C#/php/ugb/vendor/laravel/framework/src/Illuminate/Routing/Route.php(216): Illuminate/Routing/Route->runController()
#5 D:/josej/Documents/Proyectos/ExamenDeGrado/C#/php/ugb/vendor/laravel/framework/src/Illuminate/Routing/Router.php(822): Illuminate/Routing/Route->run()
#6 D:/josej/Documents/Proyectos/ExamenDeGrado/C#/php/ugb/vendor/laravel/framework/src/Illuminate/Pipeline/Pipeline.php(180): Illuminate/Routing/Router->{closure:Illuminate/Routing/Router::runRouteWithinStack():821}(Object(Illuminate/Http/Request))
#7 D:/josej/Documents/Proyectos/ExamenDeGrado/C#/php/ugb/vendor/laravel/boost/src/Middleware/InjectBoost.php(22): Illuminate/Pipeline/Pipeline->{closure:Illuminate/Pipeline/Pipeline::prepareDestination():178}(Object(Illuminate/Http/Request))
#8 D:/josej/Documents/Proyectos/ExamenDeGrado/C#/php/ugb/vendor/laravel/framework/src/Illuminate/Pipeline/Pipeline.php(219): Laravel/Boost/Middleware/InjectBoost->handle(Object(Illuminate/Http/Request), Object(Closure))
#9 D:/josej/Documents/Proyectos/ExamenDeGrado/C#/php/ugb/vendor/laravel/framework/src/Illuminate/Routing/Middleware/SubstituteBindings.php(52): Illuminate/Pipeline/Pipeline->{closure:{closure:Illuminate/Pipeline/Pipeline::carry():194}:195}(Object(Illuminate/Http/Request))
#10 D:/josej/Documents/Proyectos/ExamenDeGrado/C#/php/ugb/vendor/laravel/framework/src/Illuminate/Pipeline/Pipeline.php(219): Illuminate/Routing/Middleware/SubstituteBindings->handle(Object(Illuminate/Http/Request), Object(Closure))
#11 D:/josej/Documents/Proyectos/ExamenDeGrado/C#/php/ugb/vendor/laravel/framework/src/Illuminate/Foundation/Http/Middleware/PreventRequestForgery.php(104): Illuminate/Pipeline/Pipeline->{closure:{closure:Illuminate/Pipeline/Pipeline::carry():194}:195}(Object(Illuminate/Http/Request))
#12 D:/josej/Documents/Proyectos/ExamenDeGrado/C#/php/ugb/vendor/laravel/framework/src/Illuminate/Pipeline/Pipeline.php(219): Illuminate/Foundation/Http/Middleware/PreventRequestForgery->handle(Object(Illuminate/Http/Request), Object(Closure))
#13 D:/josej/Documents/Proyectos/ExamenDeGrado/C#/php/ugb/vendor/laravel/framework/src/Illuminate/View/Middleware/ShareErrorsFromSession.php(48): Illuminate/Pipeline/Pipeline->{closure:{closure:Illuminate/Pipeline/Pipeline::carry():194}:195}(Object(Illuminate/Http/Request))
#14 D:/josej/Documents/Proyectos/ExamenDeGrado/C#/php/ugb/vendor/laravel/framework/src/Illuminate/Pipeline/Pipeline.php(219): Illuminate/View/Middleware/ShareErrorsFromSession->handle(Object(Illuminate/Http/Request), Object(Closure))
#15 D:/josej/Documents/Proyectos/ExamenDeGrado/C#/php/ugb/vendor/laravel/framework/src/Illuminate/Session/Middleware/StartSession.php(120): Illuminate/Pipeline/Pipeline->{closure:{closure:Illuminate/Pipeline/Pipeline::carry():194}:195}(Object(Illuminate/Http/Request))
#16 D:/josej/Documents/Proyectos/ExamenDeGrado/C#/php/ugb/vendor/laravel/framework/src/Illuminate/Session/Middleware/StartSession.php(63): Illuminate/Session/Middleware/StartSession->handleStatefulRequest(Object(Illuminate/Http/Request), Object(Illuminate/Session/Store), Object(Closure))
#17 D:/josej/Documents/Proyectos/ExamenDeGrado/C#/php/ugb/vendor/laravel/framework/src/Illuminate/Pipeline/Pipeline.php(219): Illuminate/Session/Middleware/StartSession->handle(Object(Illuminate/Http/Request), Object(Closure))
#18 D:/josej/Documents/Proyectos/ExamenDeGrado/C#/php/ugb/vendor/laravel/framework/src/Illuminate/Cookie/Middleware/AddQueuedCookiesToResponse.php(36): Illuminate/Pipeline/Pipeline->{closure:{closure:Illuminate/Pipeline/Pipeline::carry():194}:195}(Object(Illuminate/Http/Request))
#19 D:/josej/Documents/Proyectos/ExamenDeGrado/C#/php/ugb/vendor/laravel/framework/src/Illuminate/Pipeline/Pipeline.php(219): Illuminate/Cookie/Middleware/AddQueuedCookiesToResponse->handle(Object(Illuminate/Http/Request), Object(Closure))
#20 D:/josej/Documents/Proyectos/ExamenDeGrado/C#/php/ugb/vendor/laravel/framework/src/Illuminate/Cookie/Middleware/EncryptCookies.php(74): Illuminate/Pipeline/Pipeline->{closure:{closure:Illuminate/Pipeline/Pipeline::carry():194}:195}(Object(Illuminate/Http/Request))
#21 D:/josej/Documents/Proyectos/ExamenDeGrado/C#/php/ugb/vendor/laravel/framework/src/Illuminate/Pipeline/Pipeline.php(219): Illuminate/Cookie/Middleware/EncryptCookies->handle(Object(Illuminate/Http/Request), Object(Closure))
#22 D:/josej/Documents/Proyectos/ExamenDeGrado/C#/php/ugb/vendor/laravel/framework/src/Illuminate/Pipeline/Pipeline.php(137): Illuminate/Pipeline/Pipeline->{closure:{closure:Illuminate/Pipeline/Pipeline::carry():194}:195}(Object(Illuminate/Http/Request))
#23 D:/josej/Documents/Proyectos/ExamenDeGrado/C#/php/ugb/vendor/laravel/framework/src/Illuminate/Routing/Router.php(821): Illuminate/Pipeline/Pipeline->then(Object(Closure))
#24 D:/josej/Documents/Proyectos/ExamenDeGrado/C#/php/ugb/vendor/laravel/framework/src/Illuminate/Routing/Router.php(800): Illuminate/Routing/Router->runRouteWithinStack(Object(Illuminate/Routing/Route), Object(Illuminate/Http/Request))
#25 D:/josej/Documents/Proyectos/ExamenDeGrado/C#/php/ugb/vendor/laravel/framework/src/Illuminate/Routing/Router.php(764): Illuminate/Routing/Router->runRoute(Object(Illuminate/Http/Request), Object(Illuminate/Routing/Route))
#26 D:/josej/Documents/Proyectos/ExamenDeGrado/C#/php/ugb/vendor/laravel/framework/src/Illuminate/Routing/Router.php(753): Illuminate/Routing/Router->dispatchToRoute(Object(Illuminate/Http/Request))
#27 D:/josej/Documents/Proyectos/ExamenDeGrado/C#/php/ugb/vendor/laravel/framework/src/Illuminate/Foundation/Http/Kernel.php(200): Illuminate/Routing/Router->dispatch(Object(Illuminate/Http/Request))
#28 D:/josej/Documents/Proyectos/ExamenDeGrado/C#/php/ugb/vendor/laravel/framework/src/Illuminate/Pipeline/Pipeline.php(180): Illuminate/Foundation/Http/Kernel->{closure:Illuminate/Foundation/Http/Kernel::dispatchToRouter():197}(Object(Illuminate/Http/Request))
#29 D:/josej/Documents/Proyectos/ExamenDeGrado/C#/php/ugb/vendor/laravel/framework/src/Illuminate/Foundation/Http/Middleware/TransformsRequest.php(21): Illuminate/Pipeline/Pipeline->{closure:Illuminate/Pipeline/Pipeline::prepareDestination():178}(Object(Illuminate/Http/Request))
#30 D:/josej/Documents/Proyectos/ExamenDeGrado/C#/php/ugb/vendor/laravel/framework/src/Illuminate/Foundation/Http/Middleware/ConvertEmptyStringsToNull.php(31): Illuminate/Foundation/Http/Middleware/TransformsRequest->handle(Object(Illuminate/Http/Request), Object(Closure))
#31 D:/josej/Documents/Proyectos/ExamenDeGrado/C#/php/ugb/vendor/laravel/framework/src/Illuminate/Pipeline/Pipeline.php(219): Illuminate/Foundation/Http/Middleware/ConvertEmptyStringsToNull->handle(Object(Illuminate/Http/Request), Object(Closure))
#32 D:/josej/Documents/Proyectos/ExamenDeGrado/C#/php/ugb/vendor/laravel/framework/src/Illuminate/Foundation/Http/Middleware/TransformsRequest.php(21): Illuminate/Pipeline/Pipeline->{closure:{closure:Illuminate/Pipeline/Pipeline::carry():194}:195}(Object(Illuminate/Http/Request))
#33 D:/josej/Documents/Proyectos/ExamenDeGrado/C#/php/ugb/vendor/laravel/framework/src/Illuminate/Foundation/Http/Middleware/TrimStrings.php(51): Illuminate/Foundation/Http/Middleware/TransformsRequest->handle(Object(Illuminate/Http/Request), Object(Closure))
#34 D:/josej/Documents/Proyectos/ExamenDeGrado/C#/php/ugb/vendor/laravel/framework/src/Illuminate/Pipeline/Pipeline.php(219): Illuminate/Foundation/Http/Middleware/TrimStrings->handle(Object(Illuminate/Http/Request), Object(Closure))
#35 D:/josej/Documents/Proyectos/ExamenDeGrado/C#/php/ugb/vendor/laravel/framework/src/Illuminate/Http/Middleware/ValidatePostSize.php(27): Illuminate/Pipeline/Pipeline->{closure:{closure:Illuminate/Pipeline/Pipeline::carry():194}:195}(Object(Illuminate/Http/Request))
#36 D:/josej/Documents/Proyectos/ExamenDeGrado/C#/php/ugb/vendor/laravel/framework/src/Illuminate/Pipeline/Pipeline.php(219): Illuminate/Http/Middleware/ValidatePostSize->handle(Object(Illuminate/Http/Request), Object(Closure))
#37 D:/josej/Documents/Proyectos/ExamenDeGrado/C#/php/ugb/vendor/laravel/framework/src/Illuminate/Foundation/Http/Middleware/PreventRequestsDuringMaintenance.php(110): Illuminate/Pipeline/Pipeline->{closure:{closure:Illuminate/Pipeline/Pipeline::carry():194}:195}(Object(Illuminate/Http/Request))
#38 D:/josej/Documents/Proyectos/ExamenDeGrado/C#/php/ugb/vendor/laravel/framework/src/Illuminate/Pipeline/Pipeline.php(219): Illuminate/Foundation/Http/Middleware/PreventRequestsDuringMaintenance->handle(Object(Illuminate/Http/Request), Object(Closure))
#39 D:/josej/Documents/Proyectos/ExamenDeGrado/C#/php/ugb/vendor/laravel/framework/src/Illuminate/Http/Middleware/HandleCors.php(61): Illuminate/Pipeline/Pipeline->{closure:{closure:Illuminate/Pipeline/Pipeline::carry():194}:195}(Object(Illuminate/Http/Request))
#40 D:/josej/Documents/Proyectos/ExamenDeGrado/C#/php/ugb/vendor/laravel/framework/src/Illuminate/Pipeline/Pipeline.php(219): Illuminate/Http/Middleware/HandleCors->handle(Object(Illuminate/Http/Request), Object(Closure))
#41 D:/josej/Documents/Proyectos/ExamenDeGrado/C#/php/ugb/vendor/laravel/framework/src/Illuminate/Http/Middleware/TrustProxies.php(58): Illuminate/Pipeline/Pipeline->{closure:{closure:Illuminate/Pipeline/Pipeline::carry():194}:195}(Object(Illuminate/Http/Request))
#42 D:/josej/Documents/Proyectos/ExamenDeGrado/C#/php/ugb/vendor/laravel/framework/src/Illuminate/Pipeline/Pipeline.php(219): Illuminate/Http/Middleware/TrustProxies->handle(Object(Illuminate/Http/Request), Object(Closure))
#43 D:/josej/Documents/Proyectos/ExamenDeGrado/C#/php/ugb/vendor/laravel/framework/src/Illuminate/Foundation/Http/Middleware/InvokeDeferredCallbacks.php(22): Illuminate/Pipeline/Pipeline->{closure:{closure:Illuminate/Pipeline/Pipeline::carry():194}:195}(Object(Illuminate/Http/Request))
#44 D:/josej/Documents/Proyectos/ExamenDeGrado/C#/php/ugb/vendor/laravel/framework/src/Illuminate/Pipeline/Pipeline.php(219): Illuminate/Foundation/Http/Middleware/InvokeDeferredCallbacks->handle(Object(Illuminate/Http/Request), Object(Closure))
#45 D:/josej/Documents/Proyectos/ExamenDeGrado/C#/php/ugb/vendor/laravel/framework/src/Illuminate/Http/Middleware/ValidatePathEncoding.php(28): Illuminate/Pipeline/Pipeline->{closure:{closure:Illuminate/Pipeline/Pipeline::carry():194}:195}(Object(Illuminate/Http/Request))
#46 D:/josej/Documents/Proyectos/ExamenDeGrado/C#/php/ugb/vendor/laravel/framework/src/Illuminate/Pipeline/Pipeline.php(219): Illuminate/Http/Middleware/ValidatePathEncoding->handle(Object(Illuminate/Http/Request), Object(Closure))
#47 D:/josej/Documents/Proyectos/ExamenDeGrado/C#/php/ugb/vendor/laravel/framework/src/Illuminate/Pipeline/Pipeline.php(137): Illuminate/Pipeline/Pipeline->{closure:{closure:Illuminate/Pipeline/Pipeline::carry():194}:195}(Object(Illuminate/Http/Request))
#48 D:/josej/Documents/Proyectos/ExamenDeGrado/C#/php/ugb/vendor/laravel/framework/src/Illuminate/Foundation/Http/Kernel.php(175): Illuminate/Pipeline/Pipeline->then(Object(Closure))
#49 D:/josej/Documents/Proyectos/ExamenDeGrado/C#/php/ugb/vendor/laravel/framework/src/Illuminate/Foundation/Http/Kernel.php(144): Illuminate/Foundation/Http/Kernel->sendRequestThroughRouter(Object(Illuminate/Http/Request))
#50 D:/josej/Documents/Proyectos/ExamenDeGrado/C#/php/ugb/vendor/laravel/framework/src/Illuminate/Foundation/Application.php(1227): Illuminate/Foundation/Http/Kernel->handle(Object(Illuminate/Http/Request))
#51 D:/josej/Documents/Proyectos/ExamenDeGrado/C#/php/ugb/public/index.php(20): Illuminate/Foundation/Application->handleRequest(Object(Illuminate/Http/Request))
#52 D:/josej/Documents/Proyectos/ExamenDeGrado/C#/php/ugb/vendor/laravel/framework/src/Illuminate/Foundation/resources/server.php(23): require_once('D://josej//Docume...')
#53 {main}
"} 
[2026-08-17 02:31:47] local.ERROR: Database file at path [laravel] does not exist. Ensure this is an absolute path to the database. (Connection: sqlite, Database: laravel, SQL: select * from "cache" where "key" in (laravel-cache-illuminate:queues:paused, laravel-cache-illuminate:queue:paused:database:default)) {"exception":"[object] (Illuminate\\Database\\QueryException(code: 0): Database file at path [laravel] does not exist. Ensure this is an absolute path to the database. (Connection: sqlite, Database: laravel, SQL: select * from \"cache\" where \"key\" in (laravel-cache-illuminate:queues:paused, laravel-cache-illuminate:queue:paused:database:default)) at D:/josej/Documents/Proyectos/ExamenDeGrado/C#/php/ugb/vendor/laravel/framework/src/Illuminate/Database/Connection.php:857)
[stacktrace]
#0 D:/josej/Documents/Proyectos/ExamenDeGrado/C#/php/ugb/vendor/laravel/framework/src/Illuminate/Database/Connection.php(813): Illuminate/Database/Connection->runQueryCallback('select * from \"...', Array, Object(Closure))
#1 D:/josej/Documents/Proyectos/ExamenDeGrado/C#/php/ugb/vendor/laravel/framework/src/Illuminate/Database/Connection.php(426): Illuminate/Database/Connection->run('select * from \"...', Array, Object(Closure))
#2 D:/josej/Documents/Proyectos/ExamenDeGrado/C#/php/ugb/vendor/laravel/framework/src/Illuminate/Database/Query/Builder.php(3573): Illuminate/Database/Connection->select('select * from \"...', Array, true, Array)
#3 D:/josej/Documents/Proyectos/ExamenDeGrado/C#/php/ugb/vendor/laravel/framework/src/Illuminate/Database/Query/Builder.php(3557): Illuminate/Database/Query/Builder->runSelect()
#4 D:/josej/Documents/Proyectos/ExamenDeGrado/C#/php/ugb/vendor/laravel/framework/src/Illuminate/Cache/DatabaseStore.php(142): Illuminate/Database/Query/Builder->get()
#5 D:/josej/Documents/Proyectos/ExamenDeGrado/C#/php/ugb/vendor/laravel/framework/src/Illuminate/Cache/Repository.php(167): Illuminate/Cache/DatabaseStore->many(Array)
#6 D:/josej/Documents/Proyectos/ExamenDeGrado/C#/php/ugb/vendor/laravel/framework/src/Illuminate/Queue/QueueManager.php(335): Illuminate/Cache/Repository->many(Array)
#7 D:/josej/Documents/Proyectos/ExamenDeGrado/C#/php/ugb/vendor/laravel/framework/src/Illuminate/Queue/Worker.php(489): Illuminate/Queue/QueueManager->getPausedQueues('database', Array)
#8 D:/josej/Documents/Proyectos/ExamenDeGrado/C#/php/ugb/vendor/laravel/framework/src/Illuminate/Queue/Worker.php(450): Illuminate/Queue/Worker->getPausedQueues('database', Array)
#9 D:/josej/Documents/Proyectos/ExamenDeGrado/C#/php/ugb/vendor/laravel/framework/src/Illuminate/Queue/Worker.php(410): Illuminate/Queue/Worker->getNextJob(Object(Illuminate/Queue/DatabaseQueue), 'default')
#10 D:/josej/Documents/Proyectos/ExamenDeGrado/C#/php/ugb/vendor/laravel/framework/src/Illuminate/Queue/Console/WorkCommand.php(149): Illuminate/Queue/Worker->runNextJob('database', 'default', Object(Illuminate/Queue/WorkerOptions))
#11 D:/josej/Documents/Proyectos/ExamenDeGrado/C#/php/ugb/vendor/laravel/framework/src/Illuminate/Queue/Console/WorkCommand.php(132): Illuminate/Queue/Console/WorkCommand->runWorker('database', 'default')
#12 D:/josej/Documents/Proyectos/ExamenDeGrado/C#/php/ugb/vendor/laravel/framework/src/Illuminate/Container/BoundMethod.php(36): Illuminate/Queue/Console/WorkCommand->handle()
#13 D:/josej/Documents/Proyectos/ExamenDeGrado/C#/php/ugb/vendor/laravel/framework/src/Illuminate/Container/Util.php(43): Illuminate/Container/BoundMethod::{closure:Illuminate/Container/BoundMethod::call():35}()
#14 D:/josej/Documents/Proyectos/ExamenDeGrado/C#/php/ugb/vendor/laravel/framework/src/Illuminate/Container/BoundMethod.php(96): Illuminate/Container/Util::unwrapIfClosure(Object(Closure))
#15 D:/josej/Documents/Proyectos/ExamenDeGrado/C#/php/ugb/vendor/laravel/framework/src/Illuminate/Container/BoundMethod.php(35): Illuminate/Container/BoundMethod::callBoundMethod(Object(Illuminate/Foundation/Application), Array, Object(Closure))
#16 D:/josej/Documents/Proyectos/ExamenDeGrado/C#/php/ugb/vendor/laravel/framework/src/Illuminate/Container/Container.php(801): Illuminate/Container/BoundMethod::call(Object(Illuminate/Foundation/Application), Array, Array, NULL)
#17 D:/josej/Documents/Proyectos/ExamenDeGrado/C#/php/ugb/vendor/laravel/framework/src/Illuminate/Console/Command.php(292): Illuminate/Container/Container->call(Array)
#18 D:/josej/Documents/Proyectos/ExamenDeGrado/C#/php/ugb/vendor/symfony/console/Command/Command.php(284): Illuminate/Console/Command->execute(Object(Symfony/Component/Console/Input/ArgvInput), Object(Illuminate/Console/OutputStyle))
#19 D:/josej/Documents/Proyectos/ExamenDeGrado/C#/php/ugb/vendor/laravel/framework/src/Illuminate/Console/Command.php(261): Symfony/Component/Console/Command/Command->run(Object(Symfony/Component/Console/Input/ArgvInput), Object(Illuminate/Console/OutputStyle))
#20 D:/josej/Documents/Proyectos/ExamenDeGrado/C#/php/ugb/vendor/symfony/console/Application.php(1144): Illuminate/Console/Command->run(Object(Symfony/Component/Console/Input/ArgvInput), Object(Symfony/Component/Console/Output/ConsoleOutput))
#21 D:/josej/Documents/Proyectos/ExamenDeGrado/C#/php/ugb/vendor/symfony/console/Application.php(379): Symfony/Component/Console/Application->doRunCommand(Object(Illuminate/Queue/Console/WorkCommand), Object(Symfony/Component/Console/Input/ArgvInput), Object(Symfony/Component/Console/Output/ConsoleOutput))
#22 D:/josej/Documents/Proyectos/ExamenDeGrado/C#/php/ugb/vendor/symfony/console/Application.php(218): Symfony/Component/Console/Application->doRun(Object(Symfony/Component/Console/Input/ArgvInput), Object(Symfony/Component/Console/Output/ConsoleOutput))
#23 D:/josej/Documents/Proyectos/ExamenDeGrado/C#/php/ugb/vendor/laravel/framework/src/Illuminate/Foundation/Console/Kernel.php(198): Symfony/Component/Console/Application->run(Object(Symfony/Component/Console/Input/ArgvInput), Object(Symfony/Component/Console/Output/ConsoleOutput))
#24 D:/josej/Documents/Proyectos/ExamenDeGrado/C#/php/ugb/vendor/laravel/framework/src/Illuminate/Foundation/Application.php(1242): Illuminate/Foundation/Console/Kernel->handle(Object(Symfony/Component/Console/Input/ArgvInput), Object(Symfony/Component/Console/Output/ConsoleOutput))
#25 D:/josej/Documents/Proyectos/ExamenDeGrado/C#/php/ugb/artisan(16): Illuminate/Foundation/Application->handleCommand(Object(Symfony/Component/Console/Input/ArgvInput))
#26 {main}

[previous exception] [object] (Illuminate\\Database\\SQLiteDatabaseDoesNotExistException(code: 0): Database file at path [laravel] does not exist. Ensure this is an absolute path to the database. at D:/josej/Documents/Proyectos/ExamenDeGrado/C#/php/ugb/vendor/laravel/framework/src/Illuminate/Database/Connectors/SQLiteConnector.php:61)
[stacktrace]
#0 D:/josej/Documents/Proyectos/ExamenDeGrado/C#/php/ugb/vendor/laravel/framework/src/Illuminate/Database/Connectors/SQLiteConnector.php(19): Illuminate/Database/Connectors/SQLiteConnector->parseDatabasePath(false)
#1 D:/josej/Documents/Proyectos/ExamenDeGrado/C#/php/ugb/vendor/laravel/framework/src/Illuminate/Database/Connectors/ConnectionFactory.php(259): Illuminate/Database/Connectors/SQLiteConnector->connect(Array)
#2 [internal function]: Illuminate/Database/Connectors/ConnectionFactory->{closure:Illuminate/Database/Connectors/ConnectionFactory::createPdoResolverWithoutHosts():259}()
#3 D:/josej/Documents/Proyectos/ExamenDeGrado/C#/php/ugb/vendor/laravel/framework/src/Illuminate/Database/Connection.php(1297): call_user_func(Object(Closure))
#4 D:/josej/Documents/Proyectos/ExamenDeGrado/C#/php/ugb/vendor/laravel/framework/src/Illuminate/Database/Connection.php(1335): Illuminate/Database/Connection->getPdo()
#5 D:/josej/Documents/Proyectos/ExamenDeGrado/C#/php/ugb/vendor/laravel/framework/src/Illuminate/Database/Connection.php(542): Illuminate/Database/Connection->getReadPdo()
#6 D:/josej/Documents/Proyectos/ExamenDeGrado/C#/php/ugb/vendor/laravel/framework/src/Illuminate/Database/Connection.php(435): Illuminate/Database/Connection->getPdoForSelect(true)
#7 D:/josej/Documents/Proyectos/ExamenDeGrado/C#/php/ugb/vendor/laravel/framework/src/Illuminate/Database/Connection.php(846): Illuminate/Database/Connection->{closure:Illuminate/Database/Connection::select():426}('select * from \"...', Array)
#8 D:/josej/Documents/Proyectos/ExamenDeGrado/C#/php/ugb/vendor/laravel/framework/src/Illuminate/Database/Connection.php(813): Illuminate/Database/Connection->runQueryCallback('select * from \"...', Array, Object(Closure))
#9 D:/josej/Documents/Proyectos/ExamenDeGrado/C#/php/ugb/vendor/laravel/framework/src/Illuminate/Database/Connection.php(426): Illuminate/Database/Connection->run('select * from \"...', Array, Object(Closure))
#10 D:/josej/Documents/Proyectos/ExamenDeGrado/C#/php/ugb/vendor/laravel/framework/src/Illuminate/Database/Query/Builder.php(3573): Illuminate/Database/Connection->select('select * from \"...', Array, true, Array)
#11 D:/josej/Documents/Proyectos/ExamenDeGrado/C#/php/ugb/vendor/laravel/framework/src/Illuminate/Database/Query/Builder.php(3557): Illuminate/Database/Query/Builder->runSelect()
#12 D:/josej/Documents/Proyectos/ExamenDeGrado/C#/php/ugb/vendor/laravel/framework/src/Illuminate/Cache/DatabaseStore.php(142): Illuminate/Database/Query/Builder->get()
#13 D:/josej/Documents/Proyectos/ExamenDeGrado/C#/php/ugb/vendor/laravel/framework/src/Illuminate/Cache/Repository.php(167): Illuminate/Cache/DatabaseStore->many(Array)
#14 D:/josej/Documents/Proyectos/ExamenDeGrado/C#/php/ugb/vendor/laravel/framework/src/Illuminate/Queue/QueueManager.php(335): Illuminate/Cache/Repository->many(Array)
#15 D:/josej/Documents/Proyectos/ExamenDeGrado/C#/php/ugb/vendor/laravel/framework/src/Illuminate/Queue/Worker.php(489): Illuminate/Queue/QueueManager->getPausedQueues('database', Array)
#16 D:/josej/Documents/Proyectos/ExamenDeGrado/C#/php/ugb/vendor/laravel/framework/src/Illuminate/Queue/Worker.php(450): Illuminate/Queue/Worker->getPausedQueues('database', Array)
#17 D:/josej/Documents/Proyectos/ExamenDeGrado/C#/php/ugb/vendor/laravel/framework/src/Illuminate/Queue/Worker.php(410): Illuminate/Queue/Worker->getNextJob(Object(Illuminate/Queue/DatabaseQueue), 'default')
#18 D:/josej/Documents/Proyectos/ExamenDeGrado/C#/php/ugb/vendor/laravel/framework/src/Illuminate/Queue/Console/WorkCommand.php(149): Illuminate/Queue/Worker->runNextJob('database', 'default', Object(Illuminate/Queue/WorkerOptions))
#19 D:/josej/Documents/Proyectos/ExamenDeGrado/C#/php/ugb/vendor/laravel/framework/src/Illuminate/Queue/Console/WorkCommand.php(132): Illuminate/Queue/Console/WorkCommand->runWorker('database', 'default')
#20 D:/josej/Documents/Proyectos/ExamenDeGrado/C#/php/ugb/vendor/laravel/framework/src/Illuminate/Container/BoundMethod.php(36): Illuminate/Queue/Console/WorkCommand->handle()
#21 D:/josej/Documents/Proyectos/ExamenDeGrado/C#/php/ugb/vendor/laravel/framework/src/Illuminate/Container/Util.php(43): Illuminate/Container/BoundMethod::{closure:Illuminate/Container/BoundMethod::call():35}()
#22 D:/josej/Documents/Proyectos/ExamenDeGrado/C#/php/ugb/vendor/laravel/framework/src/Illuminate/Container/BoundMethod.php(96): Illuminate/Container/Util::unwrapIfClosure(Object(Closure))
#23 D:/josej/Documents/Proyectos/ExamenDeGrado/C#/php/ugb/vendor/laravel/framework/src/Illuminate/Container/BoundMethod.php(35): Illuminate/Container/BoundMethod::callBoundMethod(Object(Illuminate/Foundation/Application), Array, Object(Closure))
#24 D:/josej/Documents/Proyectos/ExamenDeGrado/C#/php/ugb/vendor/laravel/framework/src/Illuminate/Container/Container.php(801): Illuminate/Container/BoundMethod::call(Object(Illuminate/Foundation/Application), Array, Array, NULL)
#25 D:/josej/Documents/Proyectos/ExamenDeGrado/C#/php/ugb/vendor/laravel/framework/src/Illuminate/Console/Command.php(292): Illuminate/Container/Container->call(Array)
#26 D:/josej/Documents/Proyectos/ExamenDeGrado/C#/php/ugb/vendor/symfony/console/Command/Command.php(284): Illuminate/Console/Command->execute(Object(Symfony/Component/Console/Input/ArgvInput), Object(Illuminate/Console/OutputStyle))
#27 D:/josej/Documents/Proyectos/ExamenDeGrado/C#/php/ugb/vendor/laravel/framework/src/Illuminate/Console/Command.php(261): Symfony/Component/Console/Command/Command->run(Object(Symfony/Component/Console/Input/ArgvInput), Object(Illuminate/Console/OutputStyle))
#28 D:/josej/Documents/Proyectos/ExamenDeGrado/C#/php/ugb/vendor/symfony/console/Application.php(1144): Illuminate/Console/Command->run(Object(Symfony/Component/Console/Input/ArgvInput), Object(Symfony/Component/Console/Output/ConsoleOutput))
#29 D:/josej/Documents/Proyectos/ExamenDeGrado/C#/php/ugb/vendor/symfony/console/Application.php(379): Symfony/Component/Console/Application->doRunCommand(Object(Illuminate/Queue/Console/WorkCommand), Object(Symfony/Component/Console/Input/ArgvInput), Object(Symfony/Component/Console/Output/ConsoleOutput))
#30 D:/josej/Documents/Proyectos/ExamenDeGrado/C#/php/ugb/vendor/symfony/console/Application.php(218): Symfony/Component/Console/Application->doRun(Object(Symfony/Component/Console/Input/ArgvInput), Object(Symfony/Component/Console/Output/ConsoleOutput))
#31 D:/josej/Documents/Proyectos/ExamenDeGrado/C#/php/ugb/vendor/laravel/framework/src/Illuminate/Foundation/Console/Kernel.php(198): Symfony/Component/Console/Application->run(Object(Symfony/Component/Console/Input/ArgvInput), Object(Symfony/Component/Console/Output/ConsoleOutput))
#32 D:/josej/Documents/Proyectos/ExamenDeGrado/C#/php/ugb/vendor/laravel/framework/src/Illuminate/Foundation/Application.php(1242): Illuminate/Foundation/Console/Kernel->handle(Object(Symfony/Component/Console/Input/ArgvInput), Object(Symfony/Component/Console/Output/ConsoleOutput))
#33 D:/josej/Documents/Proyectos/ExamenDeGrado/C#/php/ugb/artisan(16): Illuminate/Foundation/Application->handleCommand(Object(Symfony/Component/Console/Input/ArgvInput))
#34 {main}
"} 
[2026-08-17 02:31:51] local.ERROR: Database file at path [laravel] does not exist. Ensure this is an absolute path to the database. (Connection: sqlite, Database: laravel, SQL: select * from "cache" where "key" in (laravel-cache-illuminate:queues:paused, laravel-cache-illuminate:queue:paused:database:default)) {"exception":"[object] (Illuminate\\Database\\QueryException(code: 0): Database file at path [laravel] does not exist. Ensure this is an absolute path to the database. (Connection: sqlite, Database: laravel, SQL: select * from \"cache\" where \"key\" in (laravel-cache-illuminate:queues:paused, laravel-cache-illuminate:queue:paused:database:default)) at D:/josej/Documents/Proyectos/ExamenDeGrado/C#/php/ugb/vendor/laravel/framework/src/Illuminate/Database/Connection.php:857)
[stacktrace]
#0 D:/josej/Documents/Proyectos/ExamenDeGrado/C#/php/ugb/vendor/laravel/framework/src/Illuminate/Database/Connection.php(813): Illuminate/Database/Connection->runQueryCallback('select * from \"...', Array, Object(Closure))
#1 D:/josej/Documents/Proyectos/ExamenDeGrado/C#/php/ugb/vendor/laravel/framework/src/Illuminate/Database/Connection.php(426): Illuminate/Database/Connection->run('select * from \"...', Array, Object(Closure))
#2 D:/josej/Documents/Proyectos/ExamenDeGrado/C#/php/ugb/vendor/laravel/framework/src/Illuminate/Database/Query/Builder.php(3573): Illuminate/Database/Connection->select('select * from \"...', Array, true, Array)
#3 D:/josej/Documents/Proyectos/ExamenDeGrado/C#/php/ugb/vendor/laravel/framework/src/Illuminate/Database/Query/Builder.php(3557): Illuminate/Database/Query/Builder->runSelect()
#4 D:/josej/Documents/Proyectos/ExamenDeGrado/C#/php/ugb/vendor/laravel/framework/src/Illuminate/Cache/DatabaseStore.php(142): Illuminate/Database/Query/Builder->get()
#5 D:/josej/Documents/Proyectos/ExamenDeGrado/C#/php/ugb/vendor/laravel/framework/src/Illuminate/Cache/Repository.php(167): Illuminate/Cache/DatabaseStore->many(Array)
#6 D:/josej/Documents/Proyectos/ExamenDeGrado/C#/php/ugb/vendor/laravel/framework/src/Illuminate/Queue/QueueManager.php(335): Illuminate/Cache/Repository->many(Array)
#7 D:/josej/Documents/Proyectos/ExamenDeGrado/C#/php/ugb/vendor/laravel/framework/src/Illuminate/Queue/Worker.php(489): Illuminate/Queue/QueueManager->getPausedQueues('database', Array)
#8 D:/josej/Documents/Proyectos/ExamenDeGrado/C#/php/ugb/vendor/laravel/framework/src/Illuminate/Queue/Worker.php(450): Illuminate/Queue/Worker->getPausedQueues('database', Array)
#9 D:/josej/Documents/Proyectos/ExamenDeGrado/C#/php/ugb/vendor/laravel/framework/src/Illuminate/Queue/Worker.php(410): Illuminate/Queue/Worker->getNextJob(Object(Illuminate/Queue/DatabaseQueue), 'default')
#10 D:/josej/Documents/Proyectos/ExamenDeGrado/C#/php/ugb/vendor/laravel/framework/src/Illuminate/Queue/Console/WorkCommand.php(149): Illuminate/Queue/Worker->runNextJob('database', 'default', Object(Illuminate/Queue/WorkerOptions))
#11 D:/josej/Documents/Proyectos/ExamenDeGrado/C#/php/ugb/vendor/laravel/framework/src/Illuminate/Queue/Console/WorkCommand.php(132): Illuminate/Queue/Console/WorkCommand->runWorker('database', 'default')
#12 D:/josej/Documents/Proyectos/ExamenDeGrado/C#/php/ugb/vendor/laravel/framework/src/Illuminate/Container/BoundMethod.php(36): Illuminate/Queue/Console/WorkCommand->handle()
#13 D:/josej/Documents/Proyectos/ExamenDeGrado/C#/php/ugb/vendor/laravel/framework/src/Illuminate/Container/Util.php(43): Illuminate/Container/BoundMethod::{closure:Illuminate/Container/BoundMethod::call():35}()
#14 D:/josej/Documents/Proyectos/ExamenDeGrado/C#/php/ugb/vendor/laravel/framework/src/Illuminate/Container/BoundMethod.php(96): Illuminate/Container/Util::unwrapIfClosure(Object(Closure))
#15 D:/josej/Documents/Proyectos/ExamenDeGrado/C#/php/ugb/vendor/laravel/framework/src/Illuminate/Container/BoundMethod.php(35): Illuminate/Container/BoundMethod::callBoundMethod(Object(Illuminate/Foundation/Application), Array, Object(Closure))
#16 D:/josej/Documents/Proyectos/ExamenDeGrado/C#/php/ugb/vendor/laravel/framework/src/Illuminate/Container/Container.php(801): Illuminate/Container/BoundMethod::call(Object(Illuminate/Foundation/Application), Array, Array, NULL)
#17 D:/josej/Documents/Proyectos/ExamenDeGrado/C#/php/ugb/vendor/laravel/framework/src/Illuminate/Console/Command.php(292): Illuminate/Container/Container->call(Array)
#18 D:/josej/Documents/Proyectos/ExamenDeGrado/C#/php/ugb/vendor/symfony/console/Command/Command.php(284): Illuminate/Console/Command->execute(Object(Symfony/Component/Console/Input/ArgvInput), Object(Illuminate/Console/OutputStyle))
#19 D:/josej/Documents/Proyectos/ExamenDeGrado/C#/php/ugb/vendor/laravel/framework/src/Illuminate/Console/Command.php(261): Symfony/Component/Console/Command/Command->run(Object(Symfony/Component/Console/Input/ArgvInput), Object(Illuminate/Console/OutputStyle))
#20 D:/josej/Documents/Proyectos/ExamenDeGrado/C#/php/ugb/vendor/symfony/console/Application.php(1144): Illuminate/Console/Command->run(Object(Symfony/Component/Console/Input/ArgvInput), Object(Symfony/Component/Console/Output/ConsoleOutput))
#21 D:/josej/Documents/Proyectos/ExamenDeGrado/C#/php/ugb/vendor/symfony/console/Application.php(379): Symfony/Component/Console/Application->doRunCommand(Object(Illuminate/Queue/Console/WorkCommand), Object(Symfony/Component/Console/Input/ArgvInput), Object(Symfony/Component/Console/Output/ConsoleOutput))
#22 D:/josej/Documents/Proyectos/ExamenDeGrado/C#/php/ugb/vendor/symfony/console/Application.php(218): Symfony/Component/Console/Application->doRun(Object(Symfony/Component/Console/Input/ArgvInput), Object(Symfony/Component/Console/Output/ConsoleOutput))
#23 D:/josej/Documents/Proyectos/ExamenDeGrado/C#/php/ugb/vendor/laravel/framework/src/Illuminate/Foundation/Console/Kernel.php(198): Symfony/Component/Console/Application->run(Object(Symfony/Component/Console/Input/ArgvInput), Object(Symfony/Component/Console/Output/ConsoleOutput))
#24 D:/josej/Documents/Proyectos/ExamenDeGrado/C#/php/ugb/vendor/laravel/framework/src/Illuminate/Foundation/Application.php(1242): Illuminate/Foundation/Console/Kernel->handle(Object(Symfony/Component/Console/Input/ArgvInput), Object(Symfony/Component/Console/Output/ConsoleOutput))
#25 D:/josej/Documents/Proyectos/ExamenDeGrado/C#/php/ugb/artisan(16): Illuminate/Foundation/Application->handleCommand(Object(Symfony/Component/Console/Input/ArgvInput))
#26 {main}

[previous exception] [object] (Illuminate\\Database\\SQLiteDatabaseDoesNotExistException(code: 0): Database file at path [laravel] does not exist. Ensure this is an absolute path to the database. at D:/josej/Documents/Proyectos/ExamenDeGrado/C#/php/ugb/vendor/laravel/framework/src/Illuminate/Database/Connectors/SQLiteConnector.php:61)
[stacktrace]
#0 D:/josej/Documents/Proyectos/ExamenDeGrado/C#/php/ugb/vendor/laravel/framework/src/Illuminate/Database/Connectors/SQLiteConnector.php(19): Illuminate/Database/Connectors/SQLiteConnector->parseDatabasePath(false)
#1 D:/josej/Documents/Proyectos/ExamenDeGrado/C#/php/ugb/vendor/laravel/framework/src/Illuminate/Database/Connectors/ConnectionFactory.php(259): Illuminate/Database/Connectors/SQLiteConnector->connect(Array)
#2 [internal function]: Illuminate/Database/Connectors/ConnectionFactory->{closure:Illuminate/Database/Connectors/ConnectionFactory::createPdoResolverWithoutHosts():259}()
#3 D:/josej/Documents/Proyectos/ExamenDeGrado/C#/php/ugb/vendor/laravel/framework/src/Illuminate/Database/Connection.php(1297): call_user_func(Object(Closure))
#4 D:/josej/Documents/Proyectos/ExamenDeGrado/C#/php/ugb/vendor/laravel/framework/src/Illuminate/Database/Connection.php(1335): Illuminate/Database/Connection->getPdo()
#5 D:/josej/Documents/Proyectos/ExamenDeGrado/C#/php/ugb/vendor/laravel/framework/src/Illuminate/Database/Connection.php(542): Illuminate/Database/Connection->getReadPdo()
#6 D:/josej/Documents/Proyectos/ExamenDeGrado/C#/php/ugb/vendor/laravel/framework/src/Illuminate/Database/Connection.php(435): Illuminate/Database/Connection->getPdoForSelect(true)
#7 D:/josej/Documents/Proyectos/ExamenDeGrado/C#/php/ugb/vendor/laravel/framework/src/Illuminate/Database/Connection.php(846): Illuminate/Database/Connection->{closure:Illuminate/Database/Connection::select():426}('select * from \"...', Array)
#8 D:/josej/Documents/Proyectos/ExamenDeGrado/C#/php/ugb/vendor/laravel/framework/src/Illuminate/Database/Connection.php(813): Illuminate/Database/Connection->runQueryCallback('select * from \"...', Array, Object(Closure))
#9 D:/josej/Documents/Proyectos/ExamenDeGrado/C#/php/ugb/vendor/laravel/framework/src/Illuminate/Database/Connection.php(426): Illuminate/Database/Connection->run('select * from \"...', Array, Object(Closure))
#10 D:/josej/Documents/Proyectos/ExamenDeGrado/C#/php/ugb/vendor/laravel/framework/src/Illuminate/Database/Query/Builder.php(3573): Illuminate/Database/Connection->select('select * from \"...', Array, true, Array)
#11 D:/josej/Documents/Proyectos/ExamenDeGrado/C#/php/ugb/vendor/laravel/framework/src/Illuminate/Database/Query/Builder.php(3557): Illuminate/Database/Query/Builder->runSelect()
#12 D:/josej/Documents/Proyectos/ExamenDeGrado/C#/php/ugb/vendor/laravel/framework/src/Illuminate/Cache/DatabaseStore.php(142): Illuminate/Database/Query/Builder->get()
#13 D:/josej/Documents/Proyectos/ExamenDeGrado/C#/php/ugb/vendor/laravel/framework/src/Illuminate/Cache/Repository.php(167): Illuminate/Cache/DatabaseStore->many(Array)
#14 D:/josej/Documents/Proyectos/ExamenDeGrado/C#/php/ugb/vendor/laravel/framework/src/Illuminate/Queue/QueueManager.php(335): Illuminate/Cache/Repository->many(Array)
#15 D:/josej/Documents/Proyectos/ExamenDeGrado/C#/php/ugb/vendor/laravel/framework/src/Illuminate/Queue/Worker.php(489): Illuminate/Queue/QueueManager->getPausedQueues('database', Array)
#16 D:/josej/Documents/Proyectos/ExamenDeGrado/C#/php/ugb/vendor/laravel/framework/src/Illuminate/Queue/Worker.php(450): Illuminate/Queue/Worker->getPausedQueues('database', Array)
#17 D:/josej/Documents/Proyectos/ExamenDeGrado/C#/php/ugb/vendor/laravel/framework/src/Illuminate/Queue/Worker.php(410): Illuminate/Queue/Worker->getNextJob(Object(Illuminate/Queue/DatabaseQueue), 'default')
#18 D:/josej/Documents/Proyectos/ExamenDeGrado/C#/php/ugb/vendor/laravel/framework/src/Illuminate/Queue/Console/WorkCommand.php(149): Illuminate/Queue/Worker->runNextJob('database', 'default', Object(Illuminate/Queue/WorkerOptions))
#19 D:/josej/Documents/Proyectos/ExamenDeGrado/C#/php/ugb/vendor/laravel/framework/src/Illuminate/Queue/Console/WorkCommand.php(132): Illuminate/Queue/Console/WorkCommand->runWorker('database', 'default')
#20 D:/josej/Documents/Proyectos/ExamenDeGrado/C#/php/ugb/vendor/laravel/framework/src/Illuminate/Container/BoundMethod.php(36): Illuminate/Queue/Console/WorkCommand->handle()
#21 D:/josej/Documents/Proyectos/ExamenDeGrado/C#/php/ugb/vendor/laravel/framework/src/Illuminate/Container/Util.php(43): Illuminate/Container/BoundMethod::{closure:Illuminate/Container/BoundMethod::call():35}()
#22 D:/josej/Documents/Proyectos/ExamenDeGrado/C#/php/ugb/vendor/laravel/framework/src/Illuminate/Container/BoundMethod.php(96): Illuminate/Container/Util::unwrapIfClosure(Object(Closure))
#23 D:/josej/Documents/Proyectos/ExamenDeGrado/C#/php/ugb/vendor/laravel/framework/src/Illuminate/Container/BoundMethod.php(35): Illuminate/Container/BoundMethod::callBoundMethod(Object(Illuminate/Foundation/Application), Array, Object(Closure))
#24 D:/josej/Documents/Proyectos/ExamenDeGrado/C#/php/ugb/vendor/laravel/framework/src/Illuminate/Container/Container.php(801): Illuminate/Container/BoundMethod::call(Object(Illuminate/Foundation/Application), Array, Array, NULL)
#25 D:/josej/Documents/Proyectos/ExamenDeGrado/C#/php/ugb/vendor/laravel/framework/src/Illuminate/Console/Command.php(292): Illuminate/Container/Container->call(Array)
#26 D:/josej/Documents/Proyectos/ExamenDeGrado/C#/php/ugb/vendor/symfony/console/Command/Command.php(284): Illuminate/Console/Command->execute(Object(Symfony/Component/Console/Input/ArgvInput), Object(Illuminate/Console/OutputStyle))
#27 D:/josej/Documents/Proyectos/ExamenDeGrado/C#/php/ugb/vendor/laravel/framework/src/Illuminate/Console/Command.php(261): Symfony/Component/Console/Command/Command->run(Object(Symfony/Component/Console/Input/ArgvInput), Object(Illuminate/Console/OutputStyle))
#28 D:/josej/Documents/Proyectos/ExamenDeGrado/C#/php/ugb/vendor/symfony/console/Application.php(1144): Illuminate/Console/Command->run(Object(Symfony/Component/Console/Input/ArgvInput), Object(Symfony/Component/Console/Output/ConsoleOutput))
#29 D:/josej/Documents/Proyectos/ExamenDeGrado/C#/php/ugb/vendor/symfony/console/Application.php(379): Symfony/Component/Console/Application->doRunCommand(Object(Illuminate/Queue/Console/WorkCommand), Object(Symfony/Component/Console/Input/ArgvInput), Object(Symfony/Component/Console/Output/ConsoleOutput))
#30 D:/josej/Documents/Proyectos/ExamenDeGrado/C#/php/ugb/vendor/symfony/console/Application.php(218): Symfony/Component/Console/Application->doRun(Object(Symfony/Component/Console/Input/ArgvInput), Object(Symfony/Component/Console/Output/ConsoleOutput))
#31 D:/josej/Documents/Proyectos/ExamenDeGrado/C#/php/ugb/vendor/laravel/framework/src/Illuminate/Foundation/Console/Kernel.php(198): Symfony/Component/Console/Application->run(Object(Symfony/Component/Console/Input/ArgvInput), Object(Symfony/Component/Console/Output/ConsoleOutput))
#32 D:/josej/Documents/Proyectos/ExamenDeGrado/C#/php/ugb/vendor/laravel/framework/src/Illuminate/Foundation/Application.php(1242): Illuminate/Foundation/Console/Kernel->handle(Object(Symfony/Component/Console/Input/ArgvInput), Object(Symfony/Component/Console/Output/ConsoleOutput))
#33 D:/josej/Documents/Proyectos/ExamenDeGrado/C#/php/ugb/artisan(16): Illuminate/Foundation/Application->handleCommand(Object(Symfony/Component/Console/Input/ArgvInput))
#34 {main}
"} 
